{
  "fio version" : "fio-3.28",
  "timestamp" : 1744005558,
  "timestamp_ms" : 1744005558572,
  "time" : "Mon Apr  7 14:59:18 2025",
  "global options" : {
    "bs" : "128k",
    "ioengine" : "psync",
    "size" : "12G",
    "numjobs" : "1",
    "iodepth" : "1",
    "group_reporting" : "1",
    "direct" : "1",
    "thread" : "1",
    "filename" : "/dev/nvme3n1"
  },
  "jobs" : [
    {
      "jobname" : "randwrite",
      "groupid" : 0,
      "error" : 0,
      "eta" : 0,
      "elapsed" : 5,
      "job options" : {
        "rw" : "randrw"
      },
      "read" : {
        "io_bytes" : 6462373888,
        "io_kbytes" : 6310912,
        "bw_bytes" : 1523785401,
        "bw" : 1488071,
        "iops" : 11625.560009,
        "runtime" : 4241,
        "total_ios" : 49304,
        "short_ios" : 0,
        "drop_ios" : 0,
        "slat_ns" : {
          "min" : 0,
          "max" : 0,
          "mean" : 0.000000,
          "stddev" : 0.000000,
          "N" : 0
        },
        "clat_ns" : {
          "min" : 13020,
          "max" : 157510,
          "mean" : 17995.314295,
          "stddev" : 2360.885966,
          "N" : 49304,
          "percentile" : {
            "1.000000" : 14528,
            "5.000000" : 15168,
            "10.000000" : 15424,
            "20.000000" : 15936,
            "30.000000" : 16512,
            "40.000000" : 17280,
            "50.000000" : 18048,
            "60.000000" : 18560,
            "70.000000" : 18816,
            "80.000000" : 19584,
            "90.000000" : 20608,
            "95.000000" : 21632,
            "99.000000" : 24192,
            "99.500000" : 26240,
            "99.900000" : 35072,
            "99.950000" : 37632,
            "99.990000" : 52480
          }
        },
        "lat_ns" : {
          "min" : 13040,
          "max" : 157530,
          "mean" : 18021.849525,
          "stddev" : 2366.322643,
          "N" : 49304
        },
        "bw_min" : 1416448,
        "bw_max" : 1533696,
        "bw_agg" : 99.999484,
        "bw_mean" : 1488064.000000,
        "bw_dev" : 36765.519250,
        "bw_samples" : 8,
        "iops_min" : 11066,
        "iops_max" : 11982,
        "iops_mean" : 11625.500000,
        "iops_stddev" : 287.230619,
        "iops_samples" : 8
      },
      "write" : {
        "io_bytes" : 6422528000,
        "io_kbytes" : 6272000,
        "bw_bytes" : 1514390002,
        "bw" : 1478896,
        "iops" : 11553.878802,
        "runtime" : 4241,
        "total_ios" : 49000,
        "short_ios" : 0,
        "drop_ios" : 0,
        "slat_ns" : {
          "min" : 0,
          "max" : 0,
          "mean" : 0.000000,
          "stddev" : 0.000000,
          "N" : 0
        },
        "clat_ns" : {
          "min" : 63410,
          "max" : 138860,
          "mean" : 65348.189122,
          "stddev" : 1494.269455,
          "N" : 49000,
          "percentile" : {
            "1.000000" : 63744,
            "5.000000" : 64256,
            "10.000000" : 64256,
            "20.000000" : 64256,
            "30.000000" : 64768,
            "40.000000" : 64768,
            "50.000000" : 64768,
            "60.000000" : 65280,
            "70.000000" : 65280,
            "80.000000" : 66048,
            "90.000000" : 67072,
            "95.000000" : 68096,
            "99.000000" : 70144,
            "99.500000" : 72192,
            "99.900000" : 80384,
            "99.950000" : 83456,
            "99.990000" : 96768
          }
        },
        "lat_ns" : {
          "min" : 64550,
          "max" : 141190,
          "mean" : 67833.807918,
          "stddev" : 1638.687335,
          "N" : 49000
        },
        "bw_min" : 1469952,
        "bw_max" : 1483776,
        "bw_agg" : 99.998885,
        "bw_mean" : 1478880.000000,
        "bw_dev" : 4297.745854,
        "bw_samples" : 8,
        "iops_min" : 11484,
        "iops_max" : 11592,
        "iops_mean" : 11553.750000,
        "iops_stddev" : 33.576139,
        "iops_samples" : 8
      },
      "trim" : {
        "io_bytes" : 0,
        "io_kbytes" : 0,
        "bw_bytes" : 0,
        "bw" : 0,
        "iops" : 0.000000,
        "runtime" : 0,
        "total_ios" : 0,
        "short_ios" : 0,
        "drop_ios" : 0,
        "slat_ns" : {
          "min" : 0,
          "max" : 0,
          "mean" : 0.000000,
          "stddev" : 0.000000,
          "N" : 0
        },
        "clat_ns" : {
          "min" : 0,
          "max" : 0,
          "mean" : 0.000000,
          "stddev" : 0.000000,
          "N" : 0
        },
        "lat_ns" : {
          "min" : 0,
          "max" : 0,
          "mean" : 0.000000,
          "stddev" : 0.000000,
          "N" : 0
        },
        "bw_min" : 0,
        "bw_max" : 0,
        "bw_agg" : 0.000000,
        "bw_mean" : 0.000000,
        "bw_dev" : 0.000000,
        "bw_samples" : 0,
        "iops_min" : 0,
        "iops_max" : 0,
        "iops_mean" : 0.000000,
        "iops_stddev" : 0.000000,
        "iops_samples" : 0
      },
      "sync" : {
        "total_ios" : 0,
        "lat_ns" : {
          "min" : 0,
          "max" : 0,
          "mean" : 0.000000,
          "stddev" : 0.000000,
          "N" : 0
        }
      },
      "job_runtime" : 4240,
      "usr_cpu" : 5.306604,
      "sys_cpu" : 15.778302,
      "ctx" : 98345,
      "majf" : 0,
      "minf" : 1,
      "iodepth_level" : {
        "1" : 100.000000,
        "2" : 0.000000,
        "4" : 0.000000,
        "8" : 0.000000,
        "16" : 0.000000,
        "32" : 0.000000,
        ">=64" : 0.000000
      },
      "iodepth_submit" : {
        "0" : 0.000000,
        "4" : 100.000000,
        "8" : 0.000000,
        "16" : 0.000000,
        "32" : 0.000000,
        "64" : 0.000000,
        ">=64" : 0.000000
      },
      "iodepth_complete" : {
        "0" : 0.000000,
        "4" : 100.000000,
        "8" : 0.000000,
        "16" : 0.000000,
        "32" : 0.000000,
        "64" : 0.000000,
        ">=64" : 0.000000
      },
      "latency_ns" : {
        "2" : 0.000000,
        "4" : 0.000000,
        "10" : 0.000000,
        "20" : 0.000000,
        "50" : 0.000000,
        "100" : 0.000000,
        "250" : 0.000000,
        "500" : 0.000000,
        "750" : 0.000000,
        "1000" : 0.000000
      },
      "latency_us" : {
        "2" : 0.000000,
        "4" : 0.000000,
        "10" : 0.000000,
        "20" : 42.884318,
        "50" : 7.265218,
        "100" : 49.845378,
        "250" : 0.010000,
        "500" : 0.000000,
        "750" : 0.000000,
        "1000" : 0.000000
      },
      "latency_ms" : {
        "2" : 0.000000,
        "4" : 0.000000,
        "10" : 0.000000,
        "20" : 0.000000,
        "50" : 0.000000,
        "100" : 0.000000,
        "250" : 0.000000,
        "500" : 0.000000,
        "750" : 0.000000,
        "1000" : 0.000000,
        "2000" : 0.000000,
        ">=2000" : 0.000000
      },
      "latency_depth" : 1,
      "latency_target" : 0,
      "latency_percentile" : 100.000000,
      "latency_window" : 0
    }
  ],
  "disk_util" : [
    {
      "name" : "nvme3n1",
      "read_ios" : 48235,
      "write_ios" : 47882,
      "read_merges" : 0,
      "write_merges" : 0,
      "read_ticks" : 562,
      "write_ticks" : 2850,
      "in_queue" : 3413,
      "util" : 82.143698
    }
  ]
}
