{
  "fio version" : "fio-3.28",
  "timestamp" : 1743445069,
  "timestamp_ms" : 1743445069507,
  "time" : "Tue Apr  1 03:17:49 2025",
  "global options" : {
    "bs" : "32k",
    "ioengine" : "io_uring",
    "size" : "12G",
    "numjobs" : "4",
    "iodepth" : "16",
    "group_reporting" : "1",
    "direct" : "1",
    "thread" : "1",
    "filename" : "/dev/nvme3n1"
  },
  "jobs" : [
    {
      "jobname" : "seqwrite",
      "groupid" : 0,
      "error" : 0,
      "eta" : 0,
      "elapsed" : 15,
      "job options" : {
        "rw" : "rw"
      },
      "read" : {
        "io_bytes" : 25740673024,
        "io_kbytes" : 25137376,
        "bw_bytes" : 1735833368,
        "bw" : 1695149,
        "iops" : 52973.430440,
        "runtime" : 14829,
        "total_ios" : 785543,
        "short_ios" : 0,
        "drop_ios" : 0,
        "slat_ns" : {
          "min" : 2220,
          "max" : 39470,
          "mean" : 2979.752427,
          "stddev" : 753.966899,
          "N" : 785543
        },
        "clat_ns" : {
          "min" : 4750,
          "max" : 20247762,
          "mean" : 921110.914086,
          "stddev" : 1381955.385139,
          "N" : 785543,
          "percentile" : {
            "1.000000" : 32640,
            "5.000000" : 90624,
            "10.000000" : 111104,
            "20.000000" : 195584,
            "30.000000" : 407552,
            "40.000000" : 561152,
            "50.000000" : 708608,
            "60.000000" : 864256,
            "70.000000" : 1056768,
            "80.000000" : 1286144,
            "90.000000" : 1679360,
            "95.000000" : 2072576,
            "99.000000" : 3522560,
            "99.500000" : 14221312,
            "99.900000" : 15532032,
            "99.950000" : 16056320,
            "99.990000" : 17170432
          }
        },
        "lat_ns" : {
          "min" : 7710,
          "max" : 20250152,
          "mean" : 924144.855775,
          "stddev" : 1382036.698045,
          "N" : 785543
        },
        "bw_min" : 507968,
        "bw_max" : 3747968,
        "bw_agg" : 100.000000,
        "bw_mean" : 2178130.503979,
        "bw_dev" : 279217.324495,
        "bw_samples" : 100,
        "iops_min" : 15874,
        "iops_max" : 117124,
        "iops_mean" : 68066.578249,
        "iops_stddev" : 8725.541390,
        "iops_samples" : 100
      },
      "write" : {
        "io_bytes" : 25798934528,
        "io_kbytes" : 25194272,
        "bw_bytes" : 1739762258,
        "bw" : 1698986,
        "iops" : 53093.330636,
        "runtime" : 14829,
        "total_ios" : 787321,
        "short_ios" : 0,
        "drop_ios" : 0,
        "slat_ns" : {
          "min" : 2330,
          "max" : 42170,
          "mean" : 3478.141237,
          "stddev" : 819.650227,
          "N" : 787321
        },
        "clat_ns" : {
          "min" : 410,
          "max" : 1670436,
          "mean" : 111965.863009,
          "stddev" : 61428.200860,
          "N" : 787321,
          "percentile" : {
            "1.000000" : 23168,
            "5.000000" : 28032,
            "10.000000" : 35072,
            "20.000000" : 54528,
            "30.000000" : 74240,
            "40.000000" : 90624,
            "50.000000" : 105984,
            "60.000000" : 120320,
            "70.000000" : 136192,
            "80.000000" : 158720,
            "90.000000" : 195584,
            "95.000000" : 226304,
            "99.000000" : 284672,
            "99.500000" : 309248,
            "99.900000" : 354304,
            "99.950000" : 370688,
            "99.990000" : 403456
          }
        },
        "lat_ns" : {
          "min" : 22900,
          "max" : 1673646,
          "mean" : 115499.343556,
          "stddev" : 61424.056517,
          "N" : 787321
        },
        "bw_min" : 501568,
        "bw_max" : 3786624,
        "bw_agg" : 100.000000,
        "bw_mean" : 2181362.758621,
        "bw_dev" : 279304.419779,
        "bw_samples" : 100,
        "iops_min" : 15674,
        "iops_max" : 118332,
        "iops_mean" : 68167.586207,
        "iops_stddev" : 8728.263118,
        "iops_samples" : 100
      },
      "trim" : {
        "io_bytes" : 0,
        "io_kbytes" : 0,
        "bw_bytes" : 0,
        "bw" : 0,
        "iops" : 0.000000,
        "runtime" : 0,
        "total_ios" : 0,
        "short_ios" : 0,
        "drop_ios" : 0,
        "slat_ns" : {
          "min" : 0,
          "max" : 0,
          "mean" : 0.000000,
          "stddev" : 0.000000,
          "N" : 0
        },
        "clat_ns" : {
          "min" : 0,
          "max" : 0,
          "mean" : 0.000000,
          "stddev" : 0.000000,
          "N" : 0
        },
        "lat_ns" : {
          "min" : 0,
          "max" : 0,
          "mean" : 0.000000,
          "stddev" : 0.000000,
          "N" : 0
        },
        "bw_min" : 0,
        "bw_max" : 0,
        "bw_agg" : 0.000000,
        "bw_mean" : 0.000000,
        "bw_dev" : 0.000000,
        "bw_samples" : 0,
        "iops_min" : 0,
        "iops_max" : 0,
        "iops_mean" : 0.000000,
        "iops_stddev" : 0.000000,
        "iops_samples" : 0
      },
      "sync" : {
        "total_ios" : 0,
        "lat_ns" : {
          "min" : 0,
          "max" : 0,
          "mean" : 0.000000,
          "stddev" : 0.000000,
          "N" : 0
        }
      },
      "job_runtime" : 51084,
      "usr_cpu" : 3.960144,
      "sys_cpu" : 14.763918,
      "ctx" : 1141643,
      "majf" : 0,
      "minf" : 0,
      "iodepth_level" : {
        "1" : 0.100000,
        "2" : 0.100000,
        "4" : 0.100000,
        "8" : 0.100000,
        "16" : 99.996185,
        "32" : 0.000000,
        ">=64" : 0.000000
      },
      "iodepth_submit" : {
        "0" : 0.000000,
        "4" : 100.000000,
        "8" : 0.000000,
        "16" : 0.000000,
        "32" : 0.000000,
        "64" : 0.000000,
        ">=64" : 0.000000
      },
      "iodepth_complete" : {
        "0" : 0.000000,
        "4" : 99.999746,
        "8" : 0.000000,
        "16" : 0.100000,
        "32" : 0.000000,
        "64" : 0.000000,
        ">=64" : 0.000000
      },
      "latency_ns" : {
        "2" : 0.000000,
        "4" : 0.000000,
        "10" : 0.000000,
        "20" : 0.000000,
        "50" : 0.000000,
        "100" : 0.000000,
        "250" : 0.000000,
        "500" : 0.010000,
        "750" : 0.000000,
        "1000" : 0.000000
      },
      "latency_us" : {
        "2" : 0.000000,
        "4" : 0.000000,
        "10" : 0.047938,
        "20" : 0.237401,
        "50" : 9.327634,
        "100" : 16.738510,
        "250" : 33.275604,
        "500" : 8.325259,
        "750" : 8.468183,
        "1000" : 7.374700
      },
      "latency_ms" : {
        "2" : 13.382785,
        "4" : 2.353986,
        "10" : 0.069809,
        "20" : 0.397937,
        "50" : 0.010000,
        "100" : 0.000000,
        "250" : 0.000000,
        "500" : 0.000000,
        "750" : 0.000000,
        "1000" : 0.000000,
        "2000" : 0.000000,
        ">=2000" : 0.000000
      },
      "latency_depth" : 16,
      "latency_target" : 0,
      "latency_percentile" : 100.000000,
      "latency_window" : 0
    }
  ],
  "disk_util" : [
    {
      "name" : "nvme3n1",
      "read_ios" : 776575,
      "write_ios" : 778178,
      "read_merges" : 0,
      "write_merges" : 0,
      "read_ticks" : 712837,
      "write_ticks" : 83250,
      "in_queue" : 796087,
      "util" : 99.348799
    }
  ]
}
