{
  "fio version" : "fio-3.28",
  "timestamp" : 1743415963,
  "timestamp_ms" : 1743415963621,
  "time" : "Mon Mar 31 19:12:43 2025",
  "global options" : {
    "bs" : "8k",
    "ioengine" : "psync",
    "size" : "12G",
    "numjobs" : "1",
    "iodepth" : "1",
    "group_reporting" : "1",
    "direct" : "1",
    "thread" : "1",
    "filename" : "/dev/nvme3n1"
  },
  "jobs" : [
    {
      "jobname" : "randwrite",
      "groupid" : 0,
      "error" : 0,
      "eta" : 0,
      "elapsed" : 59,
      "job options" : {
        "rw" : "randrw"
      },
      "read" : {
        "io_bytes" : 6447620096,
        "io_kbytes" : 6296504,
        "bw_bytes" : 111202292,
        "bw" : 108595,
        "iops" : 13574.498543,
        "runtime" : 57981,
        "total_ios" : 787063,
        "short_ios" : 0,
        "drop_ios" : 0,
        "slat_ns" : {
          "min" : 0,
          "max" : 0,
          "mean" : 0.000000,
          "stddev" : 0.000000,
          "N" : 0
        },
        "clat_ns" : {
          "min" : 4380,
          "max" : 4513545,
          "mean" : 60030.642423,
          "stddev" : 180261.341027,
          "N" : 787063,
          "percentile" : {
            "1.000000" : 5408,
            "5.000000" : 5536,
            "10.000000" : 5600,
            "20.000000" : 5728,
            "30.000000" : 5920,
            "40.000000" : 6752,
            "50.000000" : 77312,
            "60.000000" : 77312,
            "70.000000" : 78336,
            "80.000000" : 89600,
            "90.000000" : 89600,
            "95.000000" : 90624,
            "99.000000" : 93696,
            "99.500000" : 1531904,
            "99.900000" : 2932736,
            "99.950000" : 3194880,
            "99.990000" : 3653632
          }
        },
        "lat_ns" : {
          "min" : 4400,
          "max" : 4513565,
          "mean" : 60050.139845,
          "stddev" : 180261.369799,
          "N" : 787063
        },
        "bw_min" : 85280,
        "bw_max" : 280432,
        "bw_agg" : 100.000000,
        "bw_mean" : 108781.078261,
        "bw_dev" : 32818.174072,
        "bw_samples" : 115,
        "iops_min" : 10660,
        "iops_max" : 35054,
        "iops_mean" : 13597.634783,
        "iops_stddev" : 4102.271759,
        "iops_samples" : 115
      },
      "write" : {
        "io_bytes" : 6437281792,
        "io_kbytes" : 6286408,
        "bw_bytes" : 111023987,
        "bw" : 108421,
        "iops" : 13552.732792,
        "runtime" : 57981,
        "total_ios" : 785801,
        "short_ios" : 0,
        "drop_ios" : 0,
        "slat_ns" : {
          "min" : 0,
          "max" : 0,
          "mean" : 0.000000,
          "stddev" : 0.000000,
          "N" : 0
        },
        "clat_ns" : {
          "min" : 10050,
          "max" : 232318,
          "mean" : 13202.039146,
          "stddev" : 14733.313434,
          "N" : 785801,
          "percentile" : {
            "1.000000" : 10816,
            "5.000000" : 11200,
            "10.000000" : 11328,
            "20.000000" : 11456,
            "30.000000" : 11584,
            "40.000000" : 11712,
            "50.000000" : 11840,
            "60.000000" : 11968,
            "70.000000" : 12096,
            "80.000000" : 12352,
            "90.000000" : 12864,
            "95.000000" : 14528,
            "99.000000" : 21376,
            "99.500000" : 209920,
            "99.900000" : 216064,
            "99.950000" : 218112,
            "99.990000" : 222208
          }
        },
        "lat_ns" : {
          "min" : 10100,
          "max" : 232408,
          "mean" : 13267.592351,
          "stddev" : 14733.584430,
          "N" : 785801
        },
        "bw_min" : 83024,
        "bw_max" : 280384,
        "bw_agg" : 100.000000,
        "bw_mean" : 108585.878261,
        "bw_dev" : 32855.206639,
        "bw_samples" : 115,
        "iops_min" : 10378,
        "iops_max" : 35048,
        "iops_mean" : 13573.234783,
        "iops_stddev" : 4106.900830,
        "iops_samples" : 115
      },
      "trim" : {
        "io_bytes" : 0,
        "io_kbytes" : 0,
        "bw_bytes" : 0,
        "bw" : 0,
        "iops" : 0.000000,
        "runtime" : 0,
        "total_ios" : 0,
        "short_ios" : 0,
        "drop_ios" : 0,
        "slat_ns" : {
          "min" : 0,
          "max" : 0,
          "mean" : 0.000000,
          "stddev" : 0.000000,
          "N" : 0
        },
        "clat_ns" : {
          "min" : 0,
          "max" : 0,
          "mean" : 0.000000,
          "stddev" : 0.000000,
          "N" : 0
        },
        "lat_ns" : {
          "min" : 0,
          "max" : 0,
          "mean" : 0.000000,
          "stddev" : 0.000000,
          "N" : 0
        },
        "bw_min" : 0,
        "bw_max" : 0,
        "bw_agg" : 0.000000,
        "bw_mean" : 0.000000,
        "bw_dev" : 0.000000,
        "bw_samples" : 0,
        "iops_min" : 0,
        "iops_max" : 0,
        "iops_mean" : 0.000000,
        "iops_stddev" : 0.000000,
        "iops_samples" : 0
      },
      "sync" : {
        "total_ios" : 0,
        "lat_ns" : {
          "min" : 0,
          "max" : 0,
          "mean" : 0.000000,
          "stddev" : 0.000000,
          "N" : 0
        }
      },
      "job_runtime" : 57980,
      "usr_cpu" : 1.290100,
      "sys_cpu" : 9.389445,
      "ctx" : 1572863,
      "majf" : 0,
      "minf" : 0,
      "iodepth_level" : {
        "1" : 100.000000,
        "2" : 0.000000,
        "4" : 0.000000,
        "8" : 0.000000,
        "16" : 0.000000,
        "32" : 0.000000,
        ">=64" : 0.000000
      },
      "iodepth_submit" : {
        "0" : 0.000000,
        "4" : 100.000000,
        "8" : 0.000000,
        "16" : 0.000000,
        "32" : 0.000000,
        "64" : 0.000000,
        ">=64" : 0.000000
      },
      "iodepth_complete" : {
        "0" : 0.000000,
        "4" : 100.000000,
        "8" : 0.000000,
        "16" : 0.000000,
        "32" : 0.000000,
        "64" : 0.000000,
        ">=64" : 0.000000
      },
      "latency_ns" : {
        "2" : 0.000000,
        "4" : 0.000000,
        "10" : 0.000000,
        "20" : 0.000000,
        "50" : 0.000000,
        "100" : 0.000000,
        "250" : 0.000000,
        "500" : 0.000000,
        "750" : 0.000000,
        "1000" : 0.000000
      },
      "latency_us" : {
        "2" : 0.000000,
        "4" : 0.000000,
        "10" : 22.448794,
        "20" : 50.707499,
        "50" : 0.436656,
        "100" : 25.706736,
        "250" : 0.341161,
        "500" : 0.049782,
        "750" : 0.024859,
        "1000" : 0.014114
      },
      "latency_ms" : {
        "2" : 0.080490,
        "4" : 0.188891,
        "10" : 0.010000,
        "20" : 0.000000,
        "50" : 0.000000,
        "100" : 0.000000,
        "250" : 0.000000,
        "500" : 0.000000,
        "750" : 0.000000,
        "1000" : 0.000000,
        "2000" : 0.000000,
        ">=2000" : 0.000000
      },
      "latency_depth" : 1,
      "latency_target" : 0,
      "latency_percentile" : 100.000000,
      "latency_window" : 0
    }
  ],
  "disk_util" : [
    {
      "name" : "nvme3n1",
      "read_ios" : 786175,
      "write_ios" : 784830,
      "read_merges" : 0,
      "write_merges" : 0,
      "read_ticks" : 44603,
      "write_ticks" : 7862,
      "in_queue" : 52466,
      "util" : 92.688858
    }
  ]
}
