{
  "fio version" : "fio-3.28",
  "timestamp" : 1743416351,
  "timestamp_ms" : 1743416351007,
  "time" : "Mon Mar 31 19:19:11 2025",
  "global options" : {
    "bs" : "256k",
    "ioengine" : "psync",
    "size" : "12G",
    "numjobs" : "1",
    "iodepth" : "1",
    "group_reporting" : "1",
    "direct" : "1",
    "thread" : "1",
    "filename" : "/dev/nvme3n1"
  },
  "jobs" : [
    {
      "jobname" : "randwrite",
      "groupid" : 0,
      "error" : 0,
      "eta" : 0,
      "elapsed" : 4,
      "job options" : {
        "rw" : "randrw"
      },
      "read" : {
        "io_bytes" : 6451363840,
        "io_kbytes" : 6300160,
        "bw_bytes" : 1661866007,
        "bw" : 1622916,
        "iops" : 6339.515714,
        "runtime" : 3882,
        "total_ios" : 24610,
        "short_ios" : 0,
        "drop_ios" : 0,
        "slat_ns" : {
          "min" : 0,
          "max" : 0,
          "mean" : 0.000000,
          "stddev" : 0.000000,
          "N" : 0
        },
        "clat_ns" : {
          "min" : 21400,
          "max" : 80049,
          "mean" : 30693.797481,
          "stddev" : 4308.370686,
          "N" : 24610,
          "percentile" : {
            "1.000000" : 23424,
            "5.000000" : 24704,
            "10.000000" : 25472,
            "20.000000" : 26496,
            "30.000000" : 27264,
            "40.000000" : 28544,
            "50.000000" : 30592,
            "60.000000" : 32384,
            "70.000000" : 33536,
            "80.000000" : 34560,
            "90.000000" : 36096,
            "95.000000" : 37632,
            "99.000000" : 40704,
            "99.500000" : 41728,
            "99.900000" : 46336,
            "99.950000" : 52480,
            "99.990000" : 57088
          }
        },
        "lat_ns" : {
          "min" : 21430,
          "max" : 80279,
          "mean" : 30721.972044,
          "stddev" : 4313.214630,
          "N" : 24610
        },
        "bw_min" : 1547264,
        "bw_max" : 1654784,
        "bw_agg" : 100.000000,
        "bw_mean" : 1622966.857143,
        "bw_dev" : 37613.046085,
        "bw_samples" : 7,
        "iops_min" : 6044,
        "iops_max" : 6464,
        "iops_mean" : 6339.714286,
        "iops_stddev" : 146.925961,
        "iops_samples" : 7
      },
      "write" : {
        "io_bytes" : 6433538048,
        "io_kbytes" : 6282752,
        "bw_bytes" : 1657274097,
        "bw" : 1618431,
        "iops" : 6321.998970,
        "runtime" : 3882,
        "total_ios" : 24542,
        "short_ios" : 0,
        "drop_ios" : 0,
        "slat_ns" : {
          "min" : 0,
          "max" : 0,
          "mean" : 0.000000,
          "stddev" : 0.000000,
          "N" : 0
        },
        "clat_ns" : {
          "min" : 118679,
          "max" : 155639,
          "mean" : 121586.487858,
          "stddev" : 1499.839776,
          "N" : 24542,
          "percentile" : {
            "1.000000" : 119296,
            "5.000000" : 120320,
            "10.000000" : 120320,
            "20.000000" : 120320,
            "30.000000" : 120320,
            "40.000000" : 121344,
            "50.000000" : 121344,
            "60.000000" : 121344,
            "70.000000" : 122368,
            "80.000000" : 122368,
            "90.000000" : 123392,
            "95.000000" : 123392,
            "99.000000" : 126464,
            "99.500000" : 127488,
            "99.900000" : 138240,
            "99.950000" : 142336,
            "99.990000" : 146432
          }
        },
        "lat_ns" : {
          "min" : 121239,
          "max" : 171999,
          "mean" : 126693.733844,
          "stddev" : 1885.016374,
          "N" : 24542
        },
        "bw_min" : 1606656,
        "bw_max" : 1627136,
        "bw_agg" : 99.990933,
        "bw_mean" : 1618285.714286,
        "bw_dev" : 6660.686994,
        "bw_samples" : 7,
        "iops_min" : 6276,
        "iops_max" : 6356,
        "iops_mean" : 6321.428571,
        "iops_stddev" : 26.018309,
        "iops_samples" : 7
      },
      "trim" : {
        "io_bytes" : 0,
        "io_kbytes" : 0,
        "bw_bytes" : 0,
        "bw" : 0,
        "iops" : 0.000000,
        "runtime" : 0,
        "total_ios" : 0,
        "short_ios" : 0,
        "drop_ios" : 0,
        "slat_ns" : {
          "min" : 0,
          "max" : 0,
          "mean" : 0.000000,
          "stddev" : 0.000000,
          "N" : 0
        },
        "clat_ns" : {
          "min" : 0,
          "max" : 0,
          "mean" : 0.000000,
          "stddev" : 0.000000,
          "N" : 0
        },
        "lat_ns" : {
          "min" : 0,
          "max" : 0,
          "mean" : 0.000000,
          "stddev" : 0.000000,
          "N" : 0
        },
        "bw_min" : 0,
        "bw_max" : 0,
        "bw_agg" : 0.000000,
        "bw_mean" : 0.000000,
        "bw_dev" : 0.000000,
        "bw_samples" : 0,
        "iops_min" : 0,
        "iops_max" : 0,
        "iops_mean" : 0.000000,
        "iops_stddev" : 0.000000,
        "iops_samples" : 0
      },
      "sync" : {
        "total_ios" : 0,
        "lat_ns" : {
          "min" : 0,
          "max" : 0,
          "mean" : 0.000000,
          "stddev" : 0.000000,
          "N" : 0
        }
      },
      "job_runtime" : 3881,
      "usr_cpu" : 3.555785,
      "sys_cpu" : 15.434166,
      "ctx" : 49168,
      "majf" : 0,
      "minf" : 0,
      "iodepth_level" : {
        "1" : 100.000000,
        "2" : 0.000000,
        "4" : 0.000000,
        "8" : 0.000000,
        "16" : 0.000000,
        "32" : 0.000000,
        ">=64" : 0.000000
      },
      "iodepth_submit" : {
        "0" : 0.000000,
        "4" : 100.000000,
        "8" : 0.000000,
        "16" : 0.000000,
        "32" : 0.000000,
        "64" : 0.000000,
        ">=64" : 0.000000
      },
      "iodepth_complete" : {
        "0" : 0.000000,
        "4" : 100.000000,
        "8" : 0.000000,
        "16" : 0.000000,
        "32" : 0.000000,
        "64" : 0.000000,
        ">=64" : 0.000000
      },
      "latency_ns" : {
        "2" : 0.000000,
        "4" : 0.000000,
        "10" : 0.000000,
        "20" : 0.000000,
        "50" : 0.000000,
        "100" : 0.000000,
        "250" : 0.000000,
        "500" : 0.000000,
        "750" : 0.000000,
        "1000" : 0.000000
      },
      "latency_us" : {
        "2" : 0.000000,
        "4" : 0.000000,
        "10" : 0.000000,
        "20" : 0.000000,
        "50" : 50.034587,
        "100" : 0.034587,
        "250" : 49.930827,
        "500" : 0.000000,
        "750" : 0.000000,
        "1000" : 0.000000
      },
      "latency_ms" : {
        "2" : 0.000000,
        "4" : 0.000000,
        "10" : 0.000000,
        "20" : 0.000000,
        "50" : 0.000000,
        "100" : 0.000000,
        "250" : 0.000000,
        "500" : 0.000000,
        "750" : 0.000000,
        "1000" : 0.000000,
        "2000" : 0.000000,
        ">=2000" : 0.000000
      },
      "latency_depth" : 1,
      "latency_target" : 0,
      "latency_percentile" : 100.000000,
      "latency_window" : 0
    }
  ],
  "disk_util" : [
    {
      "name" : "nvme3n1",
      "read_ios" : 23223,
      "write_ios" : 23030,
      "read_merges" : 0,
      "write_merges" : 0,
      "read_ticks" : 482,
      "write_ticks" : 2597,
      "in_queue" : 3080,
      "util" : 86.301736
    }
  ]
}
