{
  "fio version" : "fio-3.28",
  "timestamp" : 1743416290,
  "timestamp_ms" : 1743416290317,
  "time" : "Mon Mar 31 19:18:10 2025",
  "global options" : {
    "bs" : "64k",
    "ioengine" : "io_uring",
    "size" : "12G",
    "numjobs" : "4",
    "iodepth" : "16",
    "group_reporting" : "1",
    "direct" : "1",
    "thread" : "1",
    "filename" : "/dev/nvme3n1"
  },
  "jobs" : [
    {
      "jobname" : "randwrite",
      "groupid" : 0,
      "error" : 0,
      "eta" : 0,
      "elapsed" : 14,
      "job options" : {
        "rw" : "randrw"
      },
      "read" : {
        "io_bytes" : 25764560896,
        "io_kbytes" : 25160704,
        "bw_bytes" : 1873377510,
        "bw" : 1829470,
        "iops" : 28585.472261,
        "runtime" : 13753,
        "total_ios" : 393136,
        "short_ios" : 0,
        "drop_ios" : 0,
        "slat_ns" : {
          "min" : 2690,
          "max" : 55670,
          "mean" : 3875.640305,
          "stddev" : 825.639909,
          "N" : 393136
        },
        "clat_ns" : {
          "min" : 110,
          "max" : 32764290,
          "mean" : 2075587.440982,
          "stddev" : 2898632.712902,
          "N" : 393136,
          "percentile" : {
            "1.000000" : 11456,
            "5.000000" : 13248,
            "10.000000" : 14912,
            "20.000000" : 18304,
            "30.000000" : 23936,
            "40.000000" : 72192,
            "50.000000" : 815104,
            "60.000000" : 1728512,
            "70.000000" : 2834432,
            "80.000000" : 4046848,
            "90.000000" : 5734400,
            "95.000000" : 7569408,
            "99.000000" : 11075584,
            "99.500000" : 13959168,
            "99.900000" : 27656192,
            "99.950000" : 30277632,
            "99.990000" : 31850496
          }
        },
        "lat_ns" : {
          "min" : 10980,
          "max" : 32767520,
          "mean" : 2079522.919379,
          "stddev" : 2898631.644333,
          "N" : 393136
        },
        "bw_min" : 1644544,
        "bw_max" : 2289709,
        "bw_agg" : 100.000000,
        "bw_mean" : 1833952.481481,
        "bw_dev" : 40640.981449,
        "bw_samples" : 108,
        "iops_min" : 25696,
        "iops_max" : 35775,
        "iops_mean" : 28655.444444,
        "iops_stddev" : 634.967554,
        "iops_samples" : 108
      },
      "write" : {
        "io_bytes" : 25775046656,
        "io_kbytes" : 25170944,
        "bw_bytes" : 1874139944,
        "bw" : 1830214,
        "iops" : 28597.106086,
        "runtime" : 13753,
        "total_ios" : 393296,
        "short_ios" : 0,
        "drop_ios" : 0,
        "slat_ns" : {
          "min" : 2870,
          "max" : 45130,
          "mean" : 4734.230295,
          "stddev" : 924.665665,
          "N" : 393296
        },
        "clat_ns" : {
          "min" : 27530,
          "max" : 6159921,
          "mean" : 149021.776278,
          "stddev" : 145817.020698,
          "N" : 393296,
          "percentile" : {
            "1.000000" : 37632,
            "5.000000" : 41216,
            "10.000000" : 46336,
            "20.000000" : 57600,
            "30.000000" : 71168,
            "40.000000" : 86528,
            "50.000000" : 105984,
            "60.000000" : 130560,
            "70.000000" : 164864,
            "80.000000" : 209920,
            "90.000000" : 288768,
            "95.000000" : 370688,
            "99.000000" : 864256,
            "99.500000" : 1073152,
            "99.900000" : 1318912,
            "99.950000" : 1581056,
            "99.990000" : 2179072
          }
        },
        "lat_ns" : {
          "min" : 38589,
          "max" : 6165131,
          "mean" : 153817.549474,
          "stddev" : 145893.868666,
          "N" : 393296
        },
        "bw_min" : 1632384,
        "bw_max" : 2355877,
        "bw_agg" : 100.000000,
        "bw_mean" : 1834947.740741,
        "bw_dev" : 43088.365752,
        "bw_samples" : 108,
        "iops_min" : 25506,
        "iops_max" : 36809,
        "iops_mean" : 28671.000000,
        "iops_stddev" : 673.204495,
        "iops_samples" : 108
      },
      "trim" : {
        "io_bytes" : 0,
        "io_kbytes" : 0,
        "bw_bytes" : 0,
        "bw" : 0,
        "iops" : 0.000000,
        "runtime" : 0,
        "total_ios" : 0,
        "short_ios" : 0,
        "drop_ios" : 0,
        "slat_ns" : {
          "min" : 0,
          "max" : 0,
          "mean" : 0.000000,
          "stddev" : 0.000000,
          "N" : 0
        },
        "clat_ns" : {
          "min" : 0,
          "max" : 0,
          "mean" : 0.000000,
          "stddev" : 0.000000,
          "N" : 0
        },
        "lat_ns" : {
          "min" : 0,
          "max" : 0,
          "mean" : 0.000000,
          "stddev" : 0.000000,
          "N" : 0
        },
        "bw_min" : 0,
        "bw_max" : 0,
        "bw_agg" : 0.000000,
        "bw_mean" : 0.000000,
        "bw_dev" : 0.000000,
        "bw_samples" : 0,
        "iops_min" : 0,
        "iops_max" : 0,
        "iops_mean" : 0.000000,
        "iops_stddev" : 0.000000,
        "iops_samples" : 0
      },
      "sync" : {
        "total_ios" : 0,
        "lat_ns" : {
          "min" : 0,
          "max" : 0,
          "mean" : 0.000000,
          "stddev" : 0.000000,
          "N" : 0
        }
      },
      "job_runtime" : 54893,
      "usr_cpu" : 2.829140,
      "sys_cpu" : 8.758858,
      "ctx" : 704874,
      "majf" : 0,
      "minf" : 0,
      "iodepth_level" : {
        "1" : 0.100000,
        "2" : 0.100000,
        "4" : 0.100000,
        "8" : 0.100000,
        "16" : 99.992371,
        "32" : 0.000000,
        ">=64" : 0.000000
      },
      "iodepth_submit" : {
        "0" : 0.000000,
        "4" : 100.000000,
        "8" : 0.000000,
        "16" : 0.000000,
        "32" : 0.000000,
        "64" : 0.000000,
        ">=64" : 0.000000
      },
      "iodepth_complete" : {
        "0" : 0.000000,
        "4" : 99.999491,
        "8" : 0.000000,
        "16" : 0.100000,
        "32" : 0.000000,
        "64" : 0.000000,
        ">=64" : 0.000000
      },
      "latency_ns" : {
        "2" : 0.000000,
        "4" : 0.000000,
        "10" : 0.000000,
        "20" : 0.000000,
        "50" : 0.000000,
        "100" : 0.000000,
        "250" : 0.010000,
        "500" : 0.010000,
        "750" : 0.000000,
        "1000" : 0.000000
      },
      "latency_us" : {
        "2" : 0.000000,
        "4" : 0.010000,
        "10" : 0.047557,
        "20" : 12.011973,
        "50" : 14.056015,
        "100" : 17.836253,
        "250" : 20.671972,
        "500" : 7.560857,
        "750" : 1.877085,
        "1000" : 1.670837
      },
      "latency_ms" : {
        "2" : 5.505244,
        "4" : 8.587011,
        "10" : 9.319560,
        "20" : 0.747172,
        "50" : 0.108083,
        "100" : 0.000000,
        "250" : 0.000000,
        "500" : 0.000000,
        "750" : 0.000000,
        "1000" : 0.000000,
        "2000" : 0.000000,
        ">=2000" : 0.000000
      },
      "latency_depth" : 16,
      "latency_target" : 0,
      "latency_percentile" : 100.000000,
      "latency_window" : 0
    }
  ],
  "disk_util" : [
    {
      "name" : "nvme3n1",
      "read_ios" : 390517,
      "write_ios" : 390698,
      "read_merges" : 0,
      "write_merges" : 0,
      "read_ticks" : 809969,
      "write_ticks" : 57025,
      "in_queue" : 866995,
      "util" : 99.294135
    }
  ]
}
