{
  "fio version" : "fio-3.28",
  "timestamp" : 1743416087,
  "timestamp_ms" : 1743416087520,
  "time" : "Mon Mar 31 19:14:47 2025",
  "global options" : {
    "bs" : "8k",
    "ioengine" : "io_uring",
    "size" : "12G",
    "numjobs" : "4",
    "iodepth" : "16",
    "group_reporting" : "1",
    "direct" : "1",
    "thread" : "1",
    "filename" : "/dev/nvme3n1"
  },
  "jobs" : [
    {
      "jobname" : "randwrite",
      "groupid" : 0,
      "error" : 0,
      "eta" : 0,
      "elapsed" : 60,
      "job options" : {
        "rw" : "randrw"
      },
      "read" : {
        "io_bytes" : 25776840704,
        "io_kbytes" : 25172696,
        "bw_bytes" : 435412251,
        "bw" : 425207,
        "iops" : 53150.909613,
        "runtime" : 59201,
        "total_ios" : 3146587,
        "short_ios" : 0,
        "drop_ios" : 0,
        "slat_ns" : {
          "min" : 1350,
          "max" : 133449,
          "mean" : 2163.789709,
          "stddev" : 766.959368,
          "N" : 3146587
        },
        "clat_ns" : {
          "min" : 40,
          "max" : 26619971,
          "mean" : 1076676.247900,
          "stddev" : 1499665.731517,
          "N" : 3146587,
          "percentile" : {
            "1.000000" : 8768,
            "5.000000" : 43776,
            "10.000000" : 91648,
            "20.000000" : 132096,
            "30.000000" : 175104,
            "40.000000" : 220160,
            "50.000000" : 272384,
            "60.000000" : 411648,
            "70.000000" : 954368,
            "80.000000" : 2277376,
            "90.000000" : 3522560,
            "95.000000" : 4292608,
            "99.000000" : 5668864,
            "99.500000" : 6586368,
            "99.900000" : 8978432,
            "99.950000" : 10420224,
            "99.990000" : 14614528
          }
        },
        "lat_ns" : {
          "min" : 4840,
          "max" : 26622451,
          "mean" : 1078896.988302,
          "stddev" : 1499629.744463,
          "N" : 3146587
        },
        "bw_min" : 407312,
        "bw_max" : 587216,
        "bw_agg" : 100.000000,
        "bw_mean" : 425349.966102,
        "bw_dev" : 5677.611568,
        "bw_samples" : 472,
        "iops_min" : 50914,
        "iops_max" : 73402,
        "iops_mean" : 53168.745763,
        "iops_stddev" : 709.701446,
        "iops_samples" : 472
      },
      "write" : {
        "io_bytes" : 25762766848,
        "io_kbytes" : 25158952,
        "bw_bytes" : 435174521,
        "bw" : 424975,
        "iops" : 53121.889833,
        "runtime" : 59201,
        "total_ios" : 3144869,
        "short_ios" : 0,
        "drop_ios" : 0,
        "slat_ns" : {
          "min" : 1320,
          "max" : 139899,
          "mean" : 2236.055153,
          "stddev" : 806.476009,
          "N" : 3144869
        },
        "clat_ns" : {
          "min" : 100,
          "max" : 2111840,
          "mean" : 121652.110773,
          "stddev" : 162240.926175,
          "N" : 3144869,
          "percentile" : {
            "1.000000" : 11328,
            "5.000000" : 12608,
            "10.000000" : 13760,
            "20.000000" : 16512,
            "30.000000" : 21632,
            "40.000000" : 36096,
            "50.000000" : 60672,
            "60.000000" : 92672,
            "70.000000" : 134144,
            "80.000000" : 183296,
            "90.000000" : 288768,
            "95.000000" : 481280,
            "99.000000" : 798720,
            "99.500000" : 888832,
            "99.900000" : 1073152,
            "99.950000" : 1155072,
            "99.990000" : 1368064
          }
        },
        "lat_ns" : {
          "min" : 10080,
          "max" : 2117860,
          "mean" : 123945.149188,
          "stddev" : 162276.461187,
          "N" : 3144869
        },
        "bw_min" : 400752,
        "bw_max" : 591952,
        "bw_agg" : 100.000000,
        "bw_mean" : 425146.169492,
        "bw_dev" : 5893.758301,
        "bw_samples" : 472,
        "iops_min" : 50094,
        "iops_max" : 73994,
        "iops_mean" : 53143.271186,
        "iops_stddev" : 736.719788,
        "iops_samples" : 472
      },
      "trim" : {
        "io_bytes" : 0,
        "io_kbytes" : 0,
        "bw_bytes" : 0,
        "bw" : 0,
        "iops" : 0.000000,
        "runtime" : 0,
        "total_ios" : 0,
        "short_ios" : 0,
        "drop_ios" : 0,
        "slat_ns" : {
          "min" : 0,
          "max" : 0,
          "mean" : 0.000000,
          "stddev" : 0.000000,
          "N" : 0
        },
        "clat_ns" : {
          "min" : 0,
          "max" : 0,
          "mean" : 0.000000,
          "stddev" : 0.000000,
          "N" : 0
        },
        "lat_ns" : {
          "min" : 0,
          "max" : 0,
          "mean" : 0.000000,
          "stddev" : 0.000000,
          "N" : 0
        },
        "bw_min" : 0,
        "bw_max" : 0,
        "bw_agg" : 0.000000,
        "bw_mean" : 0.000000,
        "bw_dev" : 0.000000,
        "bw_samples" : 0,
        "iops_min" : 0,
        "iops_max" : 0,
        "iops_mean" : 0.000000,
        "iops_stddev" : 0.000000,
        "iops_samples" : 0
      },
      "sync" : {
        "total_ios" : 0,
        "lat_ns" : {
          "min" : 0,
          "max" : 0,
          "mean" : 0.000000,
          "stddev" : 0.000000,
          "N" : 0
        }
      },
      "job_runtime" : 236647,
      "usr_cpu" : 2.047776,
      "sys_cpu" : 10.432839,
      "ctx" : 4378960,
      "majf" : 0,
      "minf" : 0,
      "iodepth_level" : {
        "1" : 0.100000,
        "2" : 0.100000,
        "4" : 0.100000,
        "8" : 0.100000,
        "16" : 99.999046,
        "32" : 0.000000,
        ">=64" : 0.000000
      },
      "iodepth_submit" : {
        "0" : 0.000000,
        "4" : 100.000000,
        "8" : 0.000000,
        "16" : 0.000000,
        "32" : 0.000000,
        "64" : 0.000000,
        ">=64" : 0.000000
      },
      "iodepth_complete" : {
        "0" : 0.000000,
        "4" : 99.999936,
        "8" : 0.000000,
        "16" : 0.100000,
        "32" : 0.000000,
        "64" : 0.000000,
        ">=64" : 0.000000
      },
      "latency_ns" : {
        "2" : 0.000000,
        "4" : 0.000000,
        "10" : 0.000000,
        "20" : 0.000000,
        "50" : 0.010000,
        "100" : 0.010000,
        "250" : 0.010000,
        "500" : 0.010000,
        "750" : 0.000000,
        "1000" : 0.000000
      },
      "latency_us" : {
        "2" : 0.010000,
        "4" : 0.010000,
        "10" : 0.717910,
        "20" : 14.955378,
        "50" : 9.998337,
        "100" : 11.422523,
        "250" : 30.096324,
        "500" : 11.730210,
        "750" : 4.071999,
        "1000" : 2.144527
      },
      "latency_ms" : {
        "2" : 3.825458,
        "4" : 7.693513,
        "10" : 3.310966,
        "20" : 0.028372,
        "50" : 0.010000,
        "100" : 0.000000,
        "250" : 0.000000,
        "500" : 0.000000,
        "750" : 0.000000,
        "1000" : 0.000000,
        "2000" : 0.000000,
        ">=2000" : 0.000000
      },
      "latency_depth" : 16,
      "latency_target" : 0,
      "latency_percentile" : 100.000000,
      "latency_window" : 0
    }
  ],
  "disk_util" : [
    {
      "name" : "nvme3n1",
      "read_ios" : 3144159,
      "write_ios" : 3142247,
      "read_merges" : 0,
      "write_merges" : 0,
      "read_ticks" : 3376447,
      "write_ticks" : 374799,
      "in_queue" : 3751247,
      "util" : 99.858180
    }
  ]
}
