{
  "fio version" : "fio-3.28",
  "timestamp" : 1743416372,
  "timestamp_ms" : 1743416372634,
  "time" : "Mon Mar 31 19:19:32 2025",
  "global options" : {
    "bs" : "256k",
    "ioengine" : "io_uring",
    "size" : "12G",
    "numjobs" : "4",
    "iodepth" : "16",
    "group_reporting" : "1",
    "direct" : "1",
    "thread" : "1",
    "filename" : "/dev/nvme3n1"
  },
  "jobs" : [
    {
      "jobname" : "seqwrite",
      "groupid" : 0,
      "error" : 0,
      "eta" : 0,
      "elapsed" : 21,
      "job options" : {
        "rw" : "rw"
      },
      "read" : {
        "io_bytes" : 25718161408,
        "io_kbytes" : 25115392,
        "bw_bytes" : 1287646393,
        "bw" : 1257467,
        "iops" : 4911.981175,
        "runtime" : 19973,
        "total_ios" : 98107,
        "short_ios" : 0,
        "drop_ios" : 0,
        "slat_ns" : {
          "min" : 6560,
          "max" : 39459,
          "mean" : 10795.604412,
          "stddev" : 1896.023672,
          "N" : 98107
        },
        "clat_ns" : {
          "min" : 418926,
          "max" : 21537078,
          "mean" : 12241899.526894,
          "stddev" : 1161983.914973,
          "N" : 98107,
          "percentile" : {
            "1.000000" : 9502720,
            "5.000000" : 10551296,
            "10.000000" : 10944512,
            "20.000000" : 11337728,
            "30.000000" : 11730944,
            "40.000000" : 11993088,
            "50.000000" : 12255232,
            "60.000000" : 12517376,
            "70.000000" : 12779520,
            "80.000000" : 13172736,
            "90.000000" : 13565952,
            "95.000000" : 14090240,
            "99.000000" : 14876672,
            "99.500000" : 15138816,
            "99.900000" : 15794176,
            "99.950000" : 16187392,
            "99.990000" : 17432576
          }
        },
        "lat_ns" : {
          "min" : 437576,
          "max" : 21548858,
          "mean" : 12252772.563130,
          "stddev" : 1161894.233414,
          "N" : 98107
        },
        "bw_min" : 1222144,
        "bw_max" : 1291264,
        "bw_agg" : 100.000000,
        "bw_mean" : 1257800.205128,
        "bw_dev" : 4656.255811,
        "bw_samples" : 156,
        "iops_min" : 4774,
        "iops_max" : 5044,
        "iops_mean" : 4913.282051,
        "iops_stddev" : 18.188499,
        "iops_samples" : 156
      },
      "write" : {
        "io_bytes" : 25821446144,
        "io_kbytes" : 25216256,
        "bw_bytes" : 1292817610,
        "bw" : 1262517,
        "iops" : 4931.707806,
        "runtime" : 19973,
        "total_ios" : 98501,
        "short_ios" : 0,
        "drop_ios" : 0,
        "slat_ns" : {
          "min" : 7659,
          "max" : 130118,
          "mean" : 13579.728825,
          "stddev" : 2035.653328,
          "N" : 98501
        },
        "clat_ns" : {
          "min" : 110809,
          "max" : 6373760,
          "mean" : 727483.831626,
          "stddev" : 531679.863128,
          "N" : 98501,
          "percentile" : {
            "1.000000" : 120320,
            "5.000000" : 154624,
            "10.000000" : 191488,
            "20.000000" : 268288,
            "30.000000" : 362496,
            "40.000000" : 468992,
            "50.000000" : 585728,
            "60.000000" : 733184,
            "70.000000" : 905216,
            "80.000000" : 1138688,
            "90.000000" : 1466368,
            "95.000000" : 1761280,
            "99.000000" : 2277376,
            "99.500000" : 2539520,
            "99.900000" : 4358144,
            "99.950000" : 4816896,
            "99.990000" : 5341184
          }
        },
        "lat_ns" : {
          "min" : 125179,
          "max" : 6389220,
          "mean" : 741141.263073,
          "stddev" : 531653.026195,
          "N" : 98501
        },
        "bw_min" : 1152512,
        "bw_max" : 1393664,
        "bw_agg" : 100.000000,
        "bw_mean" : 1263484.717949,
        "bw_dev" : 15062.093468,
        "bw_samples" : 156,
        "iops_min" : 4502,
        "iops_max" : 5444,
        "iops_mean" : 4935.487179,
        "iops_stddev" : 58.836303,
        "iops_samples" : 156
      },
      "trim" : {
        "io_bytes" : 0,
        "io_kbytes" : 0,
        "bw_bytes" : 0,
        "bw" : 0,
        "iops" : 0.000000,
        "runtime" : 0,
        "total_ios" : 0,
        "short_ios" : 0,
        "drop_ios" : 0,
        "slat_ns" : {
          "min" : 0,
          "max" : 0,
          "mean" : 0.000000,
          "stddev" : 0.000000,
          "N" : 0
        },
        "clat_ns" : {
          "min" : 0,
          "max" : 0,
          "mean" : 0.000000,
          "stddev" : 0.000000,
          "N" : 0
        },
        "lat_ns" : {
          "min" : 0,
          "max" : 0,
          "mean" : 0.000000,
          "stddev" : 0.000000,
          "N" : 0
        },
        "bw_min" : 0,
        "bw_max" : 0,
        "bw_agg" : 0.000000,
        "bw_mean" : 0.000000,
        "bw_dev" : 0.000000,
        "bw_samples" : 0,
        "iops_min" : 0,
        "iops_max" : 0,
        "iops_mean" : 0.000000,
        "iops_stddev" : 0.000000,
        "iops_samples" : 0
      },
      "sync" : {
        "total_ios" : 0,
        "lat_ns" : {
          "min" : 0,
          "max" : 0,
          "mean" : 0.000000,
          "stddev" : 0.000000,
          "N" : 0
        }
      },
      "job_runtime" : 79699,
      "usr_cpu" : 0.313680,
      "sys_cpu" : 4.302438,
      "ctx" : 193259,
      "majf" : 0,
      "minf" : 0,
      "iodepth_level" : {
        "1" : 0.100000,
        "2" : 0.100000,
        "4" : 0.100000,
        "8" : 0.100000,
        "16" : 99.969482,
        "32" : 0.000000,
        ">=64" : 0.000000
      },
      "iodepth_submit" : {
        "0" : 0.000000,
        "4" : 100.000000,
        "8" : 0.000000,
        "16" : 0.000000,
        "32" : 0.000000,
        "64" : 0.000000,
        ">=64" : 0.000000
      },
      "iodepth_complete" : {
        "0" : 0.000000,
        "4" : 99.997965,
        "8" : 0.000000,
        "16" : 0.100000,
        "32" : 0.000000,
        "64" : 0.000000,
        ">=64" : 0.000000
      },
      "latency_ns" : {
        "2" : 0.000000,
        "4" : 0.000000,
        "10" : 0.000000,
        "20" : 0.000000,
        "50" : 0.000000,
        "100" : 0.000000,
        "250" : 0.000000,
        "500" : 0.000000,
        "750" : 0.000000,
        "1000" : 0.000000
      },
      "latency_us" : {
        "2" : 0.000000,
        "4" : 0.000000,
        "10" : 0.000000,
        "20" : 0.000000,
        "50" : 0.000000,
        "100" : 0.000000,
        "250" : 9.155273,
        "500" : 12.001038,
        "750" : 9.497070,
        "1000" : 6.769816
      },
      "latency_ms" : {
        "2" : 11.425781,
        "4" : 1.204936,
        "10" : 1.145935,
        "20" : 48.798625,
        "50" : 0.010000,
        "100" : 0.000000,
        "250" : 0.000000,
        "500" : 0.000000,
        "750" : 0.000000,
        "1000" : 0.000000,
        "2000" : 0.000000,
        ">=2000" : 0.000000
      },
      "latency_depth" : 16,
      "latency_target" : 0,
      "latency_percentile" : 100.000000,
      "latency_window" : 0
    }
  ],
  "disk_util" : [
    {
      "name" : "nvme3n1",
      "read_ios" : 97866,
      "write_ios" : 98146,
      "read_merges" : 0,
      "write_merges" : 0,
      "read_ticks" : 1198026,
      "write_ticks" : 71159,
      "in_queue" : 1269186,
      "util" : 99.519760
    }
  ]
}
