{
  "fio version" : "fio-3.28",
  "timestamp" : 1743416226,
  "timestamp_ms" : 1743416226751,
  "time" : "Mon Mar 31 19:17:06 2025",
  "global options" : {
    "bs" : "32k",
    "ioengine" : "io_uring",
    "size" : "12G",
    "numjobs" : "4",
    "iodepth" : "16",
    "group_reporting" : "1",
    "direct" : "1",
    "thread" : "1",
    "filename" : "/dev/nvme3n1"
  },
  "jobs" : [
    {
      "jobname" : "seqwrite",
      "groupid" : 0,
      "error" : 0,
      "eta" : 0,
      "elapsed" : 15,
      "job options" : {
        "rw" : "rw"
      },
      "read" : {
        "io_bytes" : 25740673024,
        "io_kbytes" : 25137376,
        "bw_bytes" : 1732445350,
        "bw" : 1691841,
        "iops" : 52870.036344,
        "runtime" : 14858,
        "total_ios" : 785543,
        "short_ios" : 0,
        "drop_ios" : 0,
        "slat_ns" : {
          "min" : 2230,
          "max" : 163039,
          "mean" : 3004.558953,
          "stddev" : 832.381187,
          "N" : 785543
        },
        "clat_ns" : {
          "min" : 4940,
          "max" : 22003760,
          "mean" : 927859.107514,
          "stddev" : 1421452.793178,
          "N" : 785543,
          "percentile" : {
            "1.000000" : 33536,
            "5.000000" : 90624,
            "10.000000" : 111104,
            "20.000000" : 175104,
            "30.000000" : 354304,
            "40.000000" : 497664,
            "50.000000" : 643072,
            "60.000000" : 806912,
            "70.000000" : 1019904,
            "80.000000" : 1318912,
            "90.000000" : 1843200,
            "95.000000" : 2342912,
            "99.000000" : 4620288,
            "99.500000" : 13828096,
            "99.900000" : 16056320,
            "99.950000" : 16908288,
            "99.990000" : 18481152
          }
        },
        "lat_ns" : {
          "min" : 7500,
          "max" : 22007510,
          "mean" : 930918.568145,
          "stddev" : 1421532.598755,
          "N" : 785543
        },
        "bw_min" : 509184,
        "bw_max" : 3754560,
        "bw_agg" : 100.000000,
        "bw_mean" : 2165321.167109,
        "bw_dev" : 276256.132965,
        "bw_samples" : 100,
        "iops_min" : 15912,
        "iops_max" : 117330,
        "iops_mean" : 67666.286472,
        "iops_stddev" : 8633.004155,
        "iops_samples" : 100
      },
      "write" : {
        "io_bytes" : 25798934528,
        "io_kbytes" : 25194272,
        "bw_bytes" : 1736366572,
        "bw" : 1695670,
        "iops" : 52989.702517,
        "runtime" : 14858,
        "total_ios" : 787321,
        "short_ios" : 0,
        "drop_ios" : 0,
        "slat_ns" : {
          "min" : 2340,
          "max" : 140678,
          "mean" : 3492.425518,
          "stddev" : 886.417209,
          "N" : 787321
        },
        "clat_ns" : {
          "min" : 10200,
          "max" : 1781863,
          "mean" : 107126.387449,
          "stddev" : 58350.945763,
          "N" : 787321,
          "percentile" : {
            "1.000000" : 23168,
            "5.000000" : 27776,
            "10.000000" : 34560,
            "20.000000" : 51968,
            "30.000000" : 70144,
            "40.000000" : 86528,
            "50.000000" : 102912,
            "60.000000" : 116224,
            "70.000000" : 132096,
            "80.000000" : 152576,
            "90.000000" : 185344,
            "95.000000" : 214016,
            "99.000000" : 276480,
            "99.500000" : 296960,
            "99.900000" : 354304,
            "99.950000" : 374784,
            "99.990000" : 444416
          }
        },
        "lat_ns" : {
          "min" : 22939,
          "max" : 1784833,
          "mean" : 110674.722205,
          "stddev" : 58331.375214,
          "N" : 787321
        },
        "bw_min" : 504704,
        "bw_max" : 3780160,
        "bw_agg" : 100.000000,
        "bw_mean" : 2168179.437666,
        "bw_dev" : 276189.077863,
        "bw_samples" : 100,
        "iops_min" : 15772,
        "iops_max" : 118130,
        "iops_mean" : 67755.607427,
        "iops_stddev" : 8630.908683,
        "iops_samples" : 100
      },
      "trim" : {
        "io_bytes" : 0,
        "io_kbytes" : 0,
        "bw_bytes" : 0,
        "bw" : 0,
        "iops" : 0.000000,
        "runtime" : 0,
        "total_ios" : 0,
        "short_ios" : 0,
        "drop_ios" : 0,
        "slat_ns" : {
          "min" : 0,
          "max" : 0,
          "mean" : 0.000000,
          "stddev" : 0.000000,
          "N" : 0
        },
        "clat_ns" : {
          "min" : 0,
          "max" : 0,
          "mean" : 0.000000,
          "stddev" : 0.000000,
          "N" : 0
        },
        "lat_ns" : {
          "min" : 0,
          "max" : 0,
          "mean" : 0.000000,
          "stddev" : 0.000000,
          "N" : 0
        },
        "bw_min" : 0,
        "bw_max" : 0,
        "bw_agg" : 0.000000,
        "bw_mean" : 0.000000,
        "bw_dev" : 0.000000,
        "bw_samples" : 0,
        "iops_min" : 0,
        "iops_max" : 0,
        "iops_mean" : 0.000000,
        "iops_stddev" : 0.000000,
        "iops_samples" : 0
      },
      "sync" : {
        "total_ios" : 0,
        "lat_ns" : {
          "min" : 0,
          "max" : 0,
          "mean" : 0.000000,
          "stddev" : 0.000000,
          "N" : 0
        }
      },
      "job_runtime" : 51178,
      "usr_cpu" : 3.993904,
      "sys_cpu" : 14.785650,
      "ctx" : 1139099,
      "majf" : 0,
      "minf" : 0,
      "iodepth_level" : {
        "1" : 0.100000,
        "2" : 0.100000,
        "4" : 0.100000,
        "8" : 0.100000,
        "16" : 99.996185,
        "32" : 0.000000,
        ">=64" : 0.000000
      },
      "iodepth_submit" : {
        "0" : 0.000000,
        "4" : 100.000000,
        "8" : 0.000000,
        "16" : 0.000000,
        "32" : 0.000000,
        "64" : 0.000000,
        ">=64" : 0.000000
      },
      "iodepth_complete" : {
        "0" : 0.000000,
        "4" : 99.999746,
        "8" : 0.000000,
        "16" : 0.100000,
        "32" : 0.000000,
        "64" : 0.000000,
        ">=64" : 0.000000
      },
      "latency_ns" : {
        "2" : 0.000000,
        "4" : 0.000000,
        "10" : 0.000000,
        "20" : 0.000000,
        "50" : 0.000000,
        "100" : 0.000000,
        "250" : 0.000000,
        "500" : 0.000000,
        "750" : 0.000000,
        "1000" : 0.000000
      },
      "latency_us" : {
        "2" : 0.000000,
        "4" : 0.000000,
        "10" : 0.038656,
        "20" : 0.235748,
        "50" : 9.841474,
        "100" : 17.600950,
        "250" : 33.255704,
        "500" : 9.070460,
        "750" : 8.276367,
        "1000" : 6.253560
      },
      "latency_ms" : {
        "2" : 11.399269,
        "4" : 3.422674,
        "10" : 0.205676,
        "20" : 0.398127,
        "50" : 0.010000,
        "100" : 0.000000,
        "250" : 0.000000,
        "500" : 0.000000,
        "750" : 0.000000,
        "1000" : 0.000000,
        "2000" : 0.000000,
        ">=2000" : 0.000000
      },
      "latency_depth" : 16,
      "latency_target" : 0,
      "latency_percentile" : 100.000000,
      "latency_window" : 0
    }
  ],
  "disk_util" : [
    {
      "name" : "nvme3n1",
      "read_ios" : 775107,
      "write_ios" : 776711,
      "read_merges" : 0,
      "write_merges" : 0,
      "read_ticks" : 717185,
      "write_ticks" : 79258,
      "in_queue" : 796443,
      "util" : 99.342016
    }
  ]
}
