{
  "fio version" : "fio-3.28",
  "timestamp" : 1743414673,
  "timestamp_ms" : 1743414673939,
  "time" : "Mon Mar 31 18:51:13 2025",
  "global options" : {
    "bs" : "4k",
    "ioengine" : "io_uring",
    "size" : "12G",
    "numjobs" : "4",
    "iodepth" : "16",
    "group_reporting" : "1",
    "direct" : "1",
    "thread" : "1",
    "filename" : "/dev/nvme3n1"
  },
  "jobs" : [
    {
      "jobname" : "seqwrite",
      "groupid" : 0,
      "error" : 0,
      "eta" : 0,
      "elapsed" : 177,
      "job options" : {
        "rw" : "write"
      },
      "read" : {
        "io_bytes" : 0,
        "io_kbytes" : 0,
        "bw_bytes" : 0,
        "bw" : 0,
        "iops" : 0.000000,
        "runtime" : 0,
        "total_ios" : 0,
        "short_ios" : 0,
        "drop_ios" : 0,
        "slat_ns" : {
          "min" : 0,
          "max" : 0,
          "mean" : 0.000000,
          "stddev" : 0.000000,
          "N" : 0
        },
        "clat_ns" : {
          "min" : 0,
          "max" : 0,
          "mean" : 0.000000,
          "stddev" : 0.000000,
          "N" : 0
        },
        "lat_ns" : {
          "min" : 0,
          "max" : 0,
          "mean" : 0.000000,
          "stddev" : 0.000000,
          "N" : 0
        },
        "bw_min" : 0,
        "bw_max" : 0,
        "bw_agg" : 0.000000,
        "bw_mean" : 0.000000,
        "bw_dev" : 0.000000,
        "bw_samples" : 0,
        "iops_min" : 0,
        "iops_max" : 0,
        "iops_mean" : 0.000000,
        "iops_stddev" : 0.000000,
        "iops_samples" : 0
      },
      "write" : {
        "io_bytes" : 51539607552,
        "io_kbytes" : 50331648,
        "bw_bytes" : 292737219,
        "bw" : 285876,
        "iops" : 71469.047660,
        "runtime" : 176061,
        "total_ios" : 12582912,
        "short_ios" : 0,
        "drop_ios" : 0,
        "slat_ns" : {
          "min" : 1180,
          "max" : 231679,
          "mean" : 1467.709528,
          "stddev" : 407.619931,
          "N" : 12582912
        },
        "clat_ns" : {
          "min" : 18009,
          "max" : 12788297,
          "mean" : 886443.607503,
          "stddev" : 725253.318335,
          "N" : 12582912,
          "percentile" : {
            "1.000000" : 197632,
            "5.000000" : 214016,
            "10.000000" : 220160,
            "20.000000" : 236544,
            "30.000000" : 444416,
            "40.000000" : 468992,
            "50.000000" : 675840,
            "60.000000" : 888832,
            "70.000000" : 1105920,
            "80.000000" : 1335296,
            "90.000000" : 1794048,
            "95.000000" : 2244608,
            "99.000000" : 3391488,
            "99.500000" : 4014080,
            "99.900000" : 5144576,
            "99.950000" : 5668864,
            "99.990000" : 7176192
          }
        },
        "lat_ns" : {
          "min" : 20449,
          "max" : 12789637,
          "mean" : 887954.347797,
          "stddev" : 725253.750585,
          "N" : 12582912
        },
        "bw_min" : 190112,
        "bw_max" : 702001,
        "bw_agg" : 100.000000,
        "bw_mean" : 287551.587991,
        "bw_dev" : 12427.642225,
        "bw_samples" : 1393,
        "iops_min" : 47528,
        "iops_max" : 175499,
        "iops_mean" : 71887.903565,
        "iops_stddev" : 3106.897219,
        "iops_samples" : 1393
      },
      "trim" : {
        "io_bytes" : 0,
        "io_kbytes" : 0,
        "bw_bytes" : 0,
        "bw" : 0,
        "iops" : 0.000000,
        "runtime" : 0,
        "total_ios" : 0,
        "short_ios" : 0,
        "drop_ios" : 0,
        "slat_ns" : {
          "min" : 0,
          "max" : 0,
          "mean" : 0.000000,
          "stddev" : 0.000000,
          "N" : 0
        },
        "clat_ns" : {
          "min" : 0,
          "max" : 0,
          "mean" : 0.000000,
          "stddev" : 0.000000,
          "N" : 0
        },
        "lat_ns" : {
          "min" : 0,
          "max" : 0,
          "mean" : 0.000000,
          "stddev" : 0.000000,
          "N" : 0
        },
        "bw_min" : 0,
        "bw_max" : 0,
        "bw_agg" : 0.000000,
        "bw_mean" : 0.000000,
        "bw_dev" : 0.000000,
        "bw_samples" : 0,
        "iops_min" : 0,
        "iops_max" : 0,
        "iops_mean" : 0.000000,
        "iops_stddev" : 0.000000,
        "iops_samples" : 0
      },
      "sync" : {
        "total_ios" : 0,
        "lat_ns" : {
          "min" : 0,
          "max" : 0,
          "mean" : 0.000000,
          "stddev" : 0.000000,
          "N" : 0
        }
      },
      "job_runtime" : 698449,
      "usr_cpu" : 1.086980,
      "sys_cpu" : 4.689534,
      "ctx" : 6482178,
      "majf" : 0,
      "minf" : 0,
      "iodepth_level" : {
        "1" : 0.100000,
        "2" : 0.100000,
        "4" : 0.100000,
        "8" : 0.100000,
        "16" : 99.999523,
        "32" : 0.000000,
        ">=64" : 0.000000
      },
      "iodepth_submit" : {
        "0" : 0.000000,
        "4" : 100.000000,
        "8" : 0.000000,
        "16" : 0.000000,
        "32" : 0.000000,
        "64" : 0.000000,
        ">=64" : 0.000000
      },
      "iodepth_complete" : {
        "0" : 0.000000,
        "4" : 99.999968,
        "8" : 0.000000,
        "16" : 0.100000,
        "32" : 0.000000,
        "64" : 0.000000,
        ">=64" : 0.000000
      },
      "latency_ns" : {
        "2" : 0.000000,
        "4" : 0.000000,
        "10" : 0.000000,
        "20" : 0.000000,
        "50" : 0.000000,
        "100" : 0.000000,
        "250" : 0.000000,
        "500" : 0.000000,
        "750" : 0.000000,
        "1000" : 0.000000
      },
      "latency_us" : {
        "2" : 0.000000,
        "4" : 0.000000,
        "10" : 0.000000,
        "20" : 0.010000,
        "50" : 0.010000,
        "100" : 0.015187,
        "250" : 22.239200,
        "500" : 18.721755,
        "750" : 14.612786,
        "1000" : 12.853122
      },
      "latency_ms" : {
        "2" : 22.979641,
        "4" : 8.037591,
        "10" : 0.539390,
        "20" : 0.010000,
        "50" : 0.000000,
        "100" : 0.000000,
        "250" : 0.000000,
        "500" : 0.000000,
        "750" : 0.000000,
        "1000" : 0.000000,
        "2000" : 0.000000,
        ">=2000" : 0.000000
      },
      "latency_depth" : 16,
      "latency_target" : 0,
      "latency_percentile" : 100.000000,
      "latency_window" : 0
    }
  ],
  "disk_util" : [
    {
      "name" : "nvme3n1",
      "read_ios" : 215,
      "write_ios" : 12571067,
      "read_merges" : 0,
      "write_merges" : 0,
      "read_ticks" : 780,
      "write_ticks" : 11097055,
      "in_queue" : 11097836,
      "util" : 99.969877
    }
  ]
}
