{
  "fio version" : "fio-3.28",
  "timestamp" : 1744004628,
  "timestamp_ms" : 1744004628815,
  "time" : "Mon Apr  7 14:43:48 2025",
  "global options" : {
    "bs" : "64k",
    "ioengine" : "psync",
    "size" : "12G",
    "numjobs" : "1",
    "iodepth" : "1",
    "group_reporting" : "1",
    "direct" : "1",
    "thread" : "1",
    "filename" : "/dev/nvme3n1"
  },
  "jobs" : [
    {
      "jobname" : "randwrite",
      "groupid" : 0,
      "error" : 0,
      "eta" : 0,
      "elapsed" : 6,
      "job options" : {
        "rw" : "randrw"
      },
      "read" : {
        "io_bytes" : 6447038464,
        "io_kbytes" : 6295936,
        "bw_bytes" : 1259187200,
        "bw" : 1229675,
        "iops" : 19213.671875,
        "runtime" : 5120,
        "total_ios" : 98374,
        "short_ios" : 0,
        "drop_ios" : 0,
        "slat_ns" : {
          "min" : 0,
          "max" : 0,
          "mean" : 0.000000,
          "stddev" : 0.000000,
          "N" : 0
        },
        "clat_ns" : {
          "min" : 9430,
          "max" : 41890,
          "mean" : 12436.362118,
          "stddev" : 1126.758359,
          "N" : 98374,
          "percentile" : {
            "1.000000" : 10432,
            "5.000000" : 10816,
            "10.000000" : 11072,
            "20.000000" : 11456,
            "30.000000" : 11712,
            "40.000000" : 12096,
            "50.000000" : 12352,
            "60.000000" : 12736,
            "70.000000" : 12992,
            "80.000000" : 13248,
            "90.000000" : 13760,
            "95.000000" : 14272,
            "99.000000" : 15424,
            "99.500000" : 15936,
            "99.900000" : 18816,
            "99.950000" : 20352,
            "99.990000" : 27264
          }
        },
        "lat_ns" : {
          "min" : 9450,
          "max" : 41950,
          "mean" : 12464.232013,
          "stddev" : 1129.707763,
          "N" : 98374
        },
        "bw_min" : 1216768,
        "bw_max" : 1255936,
        "bw_agg" : 100.000000,
        "bw_mean" : 1230835.200000,
        "bw_dev" : 12900.081626,
        "bw_samples" : 10,
        "iops_min" : 19012,
        "iops_max" : 19624,
        "iops_mean" : 19231.800000,
        "iops_stddev" : 201.563775,
        "iops_samples" : 10
      },
      "write" : {
        "io_bytes" : 6437863424,
        "io_kbytes" : 6286976,
        "bw_bytes" : 1257395200,
        "bw" : 1227925,
        "iops" : 19186.328125,
        "runtime" : 5120,
        "total_ios" : 98234,
        "short_ios" : 0,
        "drop_ios" : 0,
        "slat_ns" : {
          "min" : 0,
          "max" : 0,
          "mean" : 0.000000,
          "stddev" : 0.000000,
          "N" : 0
        },
        "clat_ns" : {
          "min" : 36160,
          "max" : 142639,
          "mean" : 37762.324144,
          "stddev" : 770.942041,
          "N" : 98234,
          "percentile" : {
            "1.000000" : 36608,
            "5.000000" : 36608,
            "10.000000" : 37120,
            "20.000000" : 37120,
            "30.000000" : 37632,
            "40.000000" : 37632,
            "50.000000" : 37632,
            "60.000000" : 37632,
            "70.000000" : 38144,
            "80.000000" : 38144,
            "90.000000" : 38656,
            "95.000000" : 38656,
            "99.000000" : 40192,
            "99.500000" : 40192,
            "99.900000" : 42752,
            "99.950000" : 43776,
            "99.990000" : 46848
          }
        },
        "lat_ns" : {
          "min" : 36890,
          "max" : 143419,
          "mean" : 39012.328847,
          "stddev" : 828.235931,
          "N" : 98234
        },
        "bw_min" : 1221760,
        "bw_max" : 1236736,
        "bw_agg" : 100.000000,
        "bw_mean" : 1228211.200000,
        "bw_dev" : 5192.096832,
        "bw_samples" : 10,
        "iops_min" : 19090,
        "iops_max" : 19324,
        "iops_mean" : 19190.800000,
        "iops_stddev" : 81.126513,
        "iops_samples" : 10
      },
      "trim" : {
        "io_bytes" : 0,
        "io_kbytes" : 0,
        "bw_bytes" : 0,
        "bw" : 0,
        "iops" : 0.000000,
        "runtime" : 0,
        "total_ios" : 0,
        "short_ios" : 0,
        "drop_ios" : 0,
        "slat_ns" : {
          "min" : 0,
          "max" : 0,
          "mean" : 0.000000,
          "stddev" : 0.000000,
          "N" : 0
        },
        "clat_ns" : {
          "min" : 0,
          "max" : 0,
          "mean" : 0.000000,
          "stddev" : 0.000000,
          "N" : 0
        },
        "lat_ns" : {
          "min" : 0,
          "max" : 0,
          "mean" : 0.000000,
          "stddev" : 0.000000,
          "N" : 0
        },
        "bw_min" : 0,
        "bw_max" : 0,
        "bw_agg" : 0.000000,
        "bw_mean" : 0.000000,
        "bw_dev" : 0.000000,
        "bw_samples" : 0,
        "iops_min" : 0,
        "iops_max" : 0,
        "iops_mean" : 0.000000,
        "iops_stddev" : 0.000000,
        "iops_samples" : 0
      },
      "sync" : {
        "total_ios" : 0,
        "lat_ns" : {
          "min" : 0,
          "max" : 0,
          "mean" : 0.000000,
          "stddev" : 0.000000,
          "N" : 0
        }
      },
      "job_runtime" : 5119,
      "usr_cpu" : 4.805626,
      "sys_cpu" : 21.351827,
      "ctx" : 196613,
      "majf" : 0,
      "minf" : 0,
      "iodepth_level" : {
        "1" : 100.000000,
        "2" : 0.000000,
        "4" : 0.000000,
        "8" : 0.000000,
        "16" : 0.000000,
        "32" : 0.000000,
        ">=64" : 0.000000
      },
      "iodepth_submit" : {
        "0" : 0.000000,
        "4" : 100.000000,
        "8" : 0.000000,
        "16" : 0.000000,
        "32" : 0.000000,
        "64" : 0.000000,
        ">=64" : 0.000000
      },
      "iodepth_complete" : {
        "0" : 0.000000,
        "4" : 100.000000,
        "8" : 0.000000,
        "16" : 0.000000,
        "32" : 0.000000,
        "64" : 0.000000,
        ">=64" : 0.000000
      },
      "latency_ns" : {
        "2" : 0.000000,
        "4" : 0.000000,
        "10" : 0.000000,
        "20" : 0.000000,
        "50" : 0.000000,
        "100" : 0.000000,
        "250" : 0.000000,
        "500" : 0.000000,
        "750" : 0.000000,
        "1000" : 0.000000
      },
      "latency_us" : {
        "2" : 0.000000,
        "4" : 0.000000,
        "10" : 0.067647,
        "20" : 49.936930,
        "50" : 49.992879,
        "100" : 0.010000,
        "250" : 0.010000,
        "500" : 0.000000,
        "750" : 0.000000,
        "1000" : 0.000000
      },
      "latency_ms" : {
        "2" : 0.000000,
        "4" : 0.000000,
        "10" : 0.000000,
        "20" : 0.000000,
        "50" : 0.000000,
        "100" : 0.000000,
        "250" : 0.000000,
        "500" : 0.000000,
        "750" : 0.000000,
        "1000" : 0.000000,
        "2000" : 0.000000,
        ">=2000" : 0.000000
      },
      "latency_depth" : 1,
      "latency_target" : 0,
      "latency_percentile" : 100.000000,
      "latency_window" : 0
    }
  ],
  "disk_util" : [
    {
      "name" : "nvme3n1",
      "read_ios" : 94198,
      "write_ios" : 93867,
      "read_merges" : 0,
      "write_merges" : 0,
      "read_ticks" : 709,
      "write_ticks" : 3110,
      "in_queue" : 3820,
      "util" : 76.832199
    }
  ]
}
