{
  "fio version" : "fio-3.28",
  "timestamp" : 1743443512,
  "timestamp_ms" : 1743443512331,
  "time" : "Tue Apr  1 02:51:52 2025",
  "global options" : {
    "bs" : "256k",
    "ioengine" : "io_uring",
    "size" : "12G",
    "numjobs" : "4",
    "iodepth" : "16",
    "group_reporting" : "1",
    "direct" : "1",
    "thread" : "1",
    "filename" : "/dev/nvme3n1"
  },
  "jobs" : [
    {
      "jobname" : "seqwrite",
      "groupid" : 0,
      "error" : 0,
      "eta" : 0,
      "elapsed" : 21,
      "job options" : {
        "rw" : "rw"
      },
      "read" : {
        "io_bytes" : 25718161408,
        "io_kbytes" : 25115392,
        "bw_bytes" : 1287646393,
        "bw" : 1257467,
        "iops" : 4911.981175,
        "runtime" : 19973,
        "total_ios" : 98107,
        "short_ios" : 0,
        "drop_ios" : 0,
        "slat_ns" : {
          "min" : 7210,
          "max" : 43440,
          "mean" : 11038.794184,
          "stddev" : 1427.884082,
          "N" : 98107
        },
        "clat_ns" : {
          "min" : 1304158,
          "max" : 25468114,
          "mean" : 12246753.692815,
          "stddev" : 1190824.907584,
          "N" : 98107,
          "percentile" : {
            "1.000000" : 9240576,
            "5.000000" : 10420224,
            "10.000000" : 10813440,
            "20.000000" : 11337728,
            "30.000000" : 11730944,
            "40.000000" : 11993088,
            "50.000000" : 12255232,
            "60.000000" : 12517376,
            "70.000000" : 12910592,
            "80.000000" : 13172736,
            "90.000000" : 13697024,
            "95.000000" : 14090240,
            "99.000000" : 14876672,
            "99.500000" : 15269888,
            "99.900000" : 15925248,
            "99.950000" : 16187392,
            "99.990000" : 17432576
          }
        },
        "lat_ns" : {
          "min" : 1325008,
          "max" : 25479164,
          "mean" : 12257867.181903,
          "stddev" : 1190805.675244,
          "N" : 98107
        },
        "bw_min" : 1222144,
        "bw_max" : 1294848,
        "bw_agg" : 100.000000,
        "bw_mean" : 1257682.051282,
        "bw_dev" : 4879.776183,
        "bw_samples" : 156,
        "iops_min" : 4774,
        "iops_max" : 5058,
        "iops_mean" : 4912.820513,
        "iops_stddev" : 19.061626,
        "iops_samples" : 156
      },
      "write" : {
        "io_bytes" : 25821446144,
        "io_kbytes" : 25216256,
        "bw_bytes" : 1292817610,
        "bw" : 1262517,
        "iops" : 4931.707806,
        "runtime" : 19973,
        "total_ios" : 98501,
        "short_ios" : 0,
        "drop_ios" : 0,
        "slat_ns" : {
          "min" : 8150,
          "max" : 51620,
          "mean" : 13742.201663,
          "stddev" : 1666.119812,
          "N" : 98501
        },
        "clat_ns" : {
          "min" : 109869,
          "max" : 15141550,
          "mean" : 723941.652014,
          "stddev" : 539856.799668,
          "N" : 98501,
          "percentile" : {
            "1.000000" : 120320,
            "5.000000" : 154624,
            "10.000000" : 189440,
            "20.000000" : 264192,
            "30.000000" : 358400,
            "40.000000" : 464896,
            "50.000000" : 585728,
            "60.000000" : 733184,
            "70.000000" : 897024,
            "80.000000" : 1105920,
            "90.000000" : 1449984,
            "95.000000" : 1744896,
            "99.000000" : 2375680,
            "99.500000" : 2703360,
            "99.900000" : 4292608,
            "99.950000" : 4751360,
            "99.990000" : 5406720
          }
        },
        "lat_ns" : {
          "min" : 126709,
          "max" : 15155359,
          "mean" : 737759.030731,
          "stddev" : 539949.599753,
          "N" : 98501
        },
        "bw_min" : 1144320,
        "bw_max" : 1399808,
        "bw_agg" : 100.000000,
        "bw_mean" : 1263497.846154,
        "bw_dev" : 15338.420706,
        "bw_samples" : 156,
        "iops_min" : 4470,
        "iops_max" : 5468,
        "iops_mean" : 4935.538462,
        "iops_stddev" : 59.915706,
        "iops_samples" : 156
      },
      "trim" : {
        "io_bytes" : 0,
        "io_kbytes" : 0,
        "bw_bytes" : 0,
        "bw" : 0,
        "iops" : 0.000000,
        "runtime" : 0,
        "total_ios" : 0,
        "short_ios" : 0,
        "drop_ios" : 0,
        "slat_ns" : {
          "min" : 0,
          "max" : 0,
          "mean" : 0.000000,
          "stddev" : 0.000000,
          "N" : 0
        },
        "clat_ns" : {
          "min" : 0,
          "max" : 0,
          "mean" : 0.000000,
          "stddev" : 0.000000,
          "N" : 0
        },
        "lat_ns" : {
          "min" : 0,
          "max" : 0,
          "mean" : 0.000000,
          "stddev" : 0.000000,
          "N" : 0
        },
        "bw_min" : 0,
        "bw_max" : 0,
        "bw_agg" : 0.000000,
        "bw_mean" : 0.000000,
        "bw_dev" : 0.000000,
        "bw_samples" : 0,
        "iops_min" : 0,
        "iops_max" : 0,
        "iops_mean" : 0.000000,
        "iops_stddev" : 0.000000,
        "iops_samples" : 0
      },
      "sync" : {
        "total_ios" : 0,
        "lat_ns" : {
          "min" : 0,
          "max" : 0,
          "mean" : 0.000000,
          "stddev" : 0.000000,
          "N" : 0
        }
      },
      "job_runtime" : 79709,
      "usr_cpu" : 0.317405,
      "sys_cpu" : 4.363372,
      "ctx" : 193298,
      "majf" : 0,
      "minf" : 0,
      "iodepth_level" : {
        "1" : 0.100000,
        "2" : 0.100000,
        "4" : 0.100000,
        "8" : 0.100000,
        "16" : 99.969482,
        "32" : 0.000000,
        ">=64" : 0.000000
      },
      "iodepth_submit" : {
        "0" : 0.000000,
        "4" : 100.000000,
        "8" : 0.000000,
        "16" : 0.000000,
        "32" : 0.000000,
        "64" : 0.000000,
        ">=64" : 0.000000
      },
      "iodepth_complete" : {
        "0" : 0.000000,
        "4" : 99.997965,
        "8" : 0.000000,
        "16" : 0.100000,
        "32" : 0.000000,
        "64" : 0.000000,
        ">=64" : 0.000000
      },
      "latency_ns" : {
        "2" : 0.000000,
        "4" : 0.000000,
        "10" : 0.000000,
        "20" : 0.000000,
        "50" : 0.000000,
        "100" : 0.000000,
        "250" : 0.000000,
        "500" : 0.000000,
        "750" : 0.000000,
        "1000" : 0.000000
      },
      "latency_us" : {
        "2" : 0.000000,
        "4" : 0.000000,
        "10" : 0.000000,
        "20" : 0.000000,
        "50" : 0.000000,
        "100" : 0.000000,
        "250" : 9.353638,
        "500" : 12.070719,
        "750" : 9.309896,
        "1000" : 6.978861
      },
      "latency_ms" : {
        "2" : 11.056519,
        "4" : 1.290385,
        "10" : 1.402791,
        "20" : 48.534139,
        "50" : 0.010000,
        "100" : 0.000000,
        "250" : 0.000000,
        "500" : 0.000000,
        "750" : 0.000000,
        "1000" : 0.000000,
        "2000" : 0.000000,
        ">=2000" : 0.000000
      },
      "latency_depth" : 16,
      "latency_target" : 0,
      "latency_percentile" : 100.000000,
      "latency_window" : 0
    }
  ],
  "disk_util" : [
    {
      "name" : "nvme3n1",
      "read_ios" : 97811,
      "write_ios" : 98156,
      "read_merges" : 0,
      "write_merges" : 0,
      "read_ticks" : 1198045,
      "write_ticks" : 70874,
      "in_queue" : 1268920,
      "util" : 99.509779
    }
  ]
}
