{
  "fio version" : "fio-3.28",
  "timestamp" : 1743442966,
  "timestamp_ms" : 1743442966498,
  "time" : "Tue Apr  1 02:42:46 2025",
  "global options" : {
    "bs" : "128k",
    "ioengine" : "io_uring",
    "size" : "12G",
    "numjobs" : "4",
    "iodepth" : "16",
    "group_reporting" : "1",
    "direct" : "1",
    "thread" : "1",
    "filename" : "/dev/nvme3n1"
  },
  "jobs" : [
    {
      "jobname" : "seqwrite",
      "groupid" : 0,
      "error" : 0,
      "eta" : 0,
      "elapsed" : 23,
      "job options" : {
        "rw" : "write"
      },
      "read" : {
        "io_bytes" : 0,
        "io_kbytes" : 0,
        "bw_bytes" : 0,
        "bw" : 0,
        "iops" : 0.000000,
        "runtime" : 0,
        "total_ios" : 0,
        "short_ios" : 0,
        "drop_ios" : 0,
        "slat_ns" : {
          "min" : 0,
          "max" : 0,
          "mean" : 0.000000,
          "stddev" : 0.000000,
          "N" : 0
        },
        "clat_ns" : {
          "min" : 0,
          "max" : 0,
          "mean" : 0.000000,
          "stddev" : 0.000000,
          "N" : 0
        },
        "lat_ns" : {
          "min" : 0,
          "max" : 0,
          "mean" : 0.000000,
          "stddev" : 0.000000,
          "N" : 0
        },
        "bw_min" : 0,
        "bw_max" : 0,
        "bw_agg" : 0.000000,
        "bw_mean" : 0.000000,
        "bw_dev" : 0.000000,
        "bw_samples" : 0,
        "iops_min" : 0,
        "iops_max" : 0,
        "iops_mean" : 0.000000,
        "iops_stddev" : 0.000000,
        "iops_samples" : 0
      },
      "write" : {
        "io_bytes" : 51539607552,
        "io_kbytes" : 50331648,
        "bw_bytes" : 2344414462,
        "bw" : 2289467,
        "iops" : 17886.462882,
        "runtime" : 21984,
        "total_ios" : 393216,
        "short_ios" : 0,
        "drop_ios" : 0,
        "slat_ns" : {
          "min" : 4690,
          "max" : 91060,
          "mean" : 8045.606041,
          "stddev" : 1011.651288,
          "N" : 393216
        },
        "clat_ns" : {
          "min" : 64909,
          "max" : 23302087,
          "mean" : 3489343.459508,
          "stddev" : 2318943.755534,
          "N" : 393216,
          "percentile" : {
            "1.000000" : 856064,
            "5.000000" : 1155072,
            "10.000000" : 1400832,
            "20.000000" : 1777664,
            "30.000000" : 2072576,
            "40.000000" : 2441216,
            "50.000000" : 2801664,
            "60.000000" : 3260416,
            "70.000000" : 3817472,
            "80.000000" : 4751360,
            "90.000000" : 6520832,
            "95.000000" : 8585216,
            "99.000000" : 11730944,
            "99.500000" : 12910592,
            "99.900000" : 15532032,
            "99.950000" : 16449536,
            "99.990000" : 17956864
          }
        },
        "lat_ns" : {
          "min" : 84919,
          "max" : 23309717,
          "mean" : 3497461.286530,
          "stddev" : 2319041.698076,
          "N" : 393216
        },
        "bw_min" : 1148416,
        "bw_max" : 3801088,
        "bw_agg" : 100.000000,
        "bw_mean" : 2314294.590930,
        "bw_dev" : 159157.321921,
        "bw_samples" : 169,
        "iops_min" : 8972,
        "iops_max" : 29696,
        "iops_mean" : 18080.426492,
        "iops_stddev" : 1243.416578,
        "iops_samples" : 169
      },
      "trim" : {
        "io_bytes" : 0,
        "io_kbytes" : 0,
        "bw_bytes" : 0,
        "bw" : 0,
        "iops" : 0.000000,
        "runtime" : 0,
        "total_ios" : 0,
        "short_ios" : 0,
        "drop_ios" : 0,
        "slat_ns" : {
          "min" : 0,
          "max" : 0,
          "mean" : 0.000000,
          "stddev" : 0.000000,
          "N" : 0
        },
        "clat_ns" : {
          "min" : 0,
          "max" : 0,
          "mean" : 0.000000,
          "stddev" : 0.000000,
          "N" : 0
        },
        "lat_ns" : {
          "min" : 0,
          "max" : 0,
          "mean" : 0.000000,
          "stddev" : 0.000000,
          "N" : 0
        },
        "bw_min" : 0,
        "bw_max" : 0,
        "bw_agg" : 0.000000,
        "bw_mean" : 0.000000,
        "bw_dev" : 0.000000,
        "bw_samples" : 0,
        "iops_min" : 0,
        "iops_max" : 0,
        "iops_mean" : 0.000000,
        "iops_stddev" : 0.000000,
        "iops_samples" : 0
      },
      "sync" : {
        "total_ios" : 0,
        "lat_ns" : {
          "min" : 0,
          "max" : 0,
          "mean" : 0.000000,
          "stddev" : 0.000000,
          "N" : 0
        }
      },
      "job_runtime" : 85962,
      "usr_cpu" : 1.213327,
      "sys_cpu" : 4.351923,
      "ctx" : 273411,
      "majf" : 0,
      "minf" : 0,
      "iodepth_level" : {
        "1" : 0.100000,
        "2" : 0.100000,
        "4" : 0.100000,
        "8" : 0.100000,
        "16" : 99.984741,
        "32" : 0.000000,
        ">=64" : 0.000000
      },
      "iodepth_submit" : {
        "0" : 0.000000,
        "4" : 100.000000,
        "8" : 0.000000,
        "16" : 0.000000,
        "32" : 0.000000,
        "64" : 0.000000,
        ">=64" : 0.000000
      },
      "iodepth_complete" : {
        "0" : 0.000000,
        "4" : 99.998983,
        "8" : 0.000000,
        "16" : 0.100000,
        "32" : 0.000000,
        "64" : 0.000000,
        ">=64" : 0.000000
      },
      "latency_ns" : {
        "2" : 0.000000,
        "4" : 0.000000,
        "10" : 0.000000,
        "20" : 0.000000,
        "50" : 0.000000,
        "100" : 0.000000,
        "250" : 0.000000,
        "500" : 0.000000,
        "750" : 0.000000,
        "1000" : 0.000000
      },
      "latency_us" : {
        "2" : 0.000000,
        "4" : 0.000000,
        "10" : 0.000000,
        "20" : 0.000000,
        "50" : 0.000000,
        "100" : 0.010000,
        "250" : 0.155640,
        "500" : 0.317637,
        "750" : 0.312042,
        "1000" : 1.645660
      },
      "latency_ms" : {
        "2" : 24.176788,
        "4" : 45.252991,
        "10" : 25.428518,
        "20" : 2.705383,
        "50" : 0.010000,
        "100" : 0.000000,
        "250" : 0.000000,
        "500" : 0.000000,
        "750" : 0.000000,
        "1000" : 0.000000,
        "2000" : 0.000000,
        ">=2000" : 0.000000
      },
      "latency_depth" : 16,
      "latency_target" : 0,
      "latency_percentile" : 100.000000,
      "latency_window" : 0
    }
  ],
  "disk_util" : [
    {
      "name" : "nvme3n1",
      "read_ios" : 163,
      "write_ios" : 391637,
      "read_merges" : 0,
      "write_merges" : 0,
      "read_ticks" : 1134,
      "write_ticks" : 1367908,
      "in_queue" : 1369043,
      "util" : 99.568005
    }
  ]
}
