{
  "fio version" : "fio-3.36",
  "timestamp" : 1739807144,
  "timestamp_ms" : 1739807144191,
  "time" : "Tue Feb 18 00:45:44 2025",
  "global options" : {
    "bs" : "16k",
    "ioengine" : "io_uring",
    "size" : "2G",
    "numjobs" : "4",
    "iodepth" : "16",
    "group_reporting" : "1",
    "direct" : "1",
    "thread" : "1",
    "filename" : "/dev/nvme2n1"
  },
  "jobs" : [
    {
      "jobname" : "seqwrite",
      "groupid" : 0,
      "job_start" : 1739807143164,
      "error" : 0,
      "eta" : 2147483647,
      "elapsed" : 2,
      "job options" : {
        "rw" : "write"
      },
      "read" : {
        "io_bytes" : 0,
        "io_kbytes" : 0,
        "bw_bytes" : 0,
        "bw" : 0,
        "iops" : 0.000000,
        "runtime" : 0,
        "total_ios" : 0,
        "short_ios" : 0,
        "drop_ios" : 0,
        "slat_ns" : {
          "min" : 0,
          "max" : 0,
          "mean" : 0.000000,
          "stddev" : 0.000000,
          "N" : 0
        },
        "clat_ns" : {
          "min" : 0,
          "max" : 0,
          "mean" : 0.000000,
          "stddev" : 0.000000,
          "N" : 0
        },
        "lat_ns" : {
          "min" : 0,
          "max" : 0,
          "mean" : 0.000000,
          "stddev" : 0.000000,
          "N" : 0
        },
        "bw_min" : 0,
        "bw_max" : 0,
        "bw_agg" : 0.000000,
        "bw_mean" : 0.000000,
        "bw_dev" : 0.000000,
        "bw_samples" : 0,
        "iops_min" : 0,
        "iops_max" : 0,
        "iops_mean" : 0.000000,
        "iops_stddev" : 0.000000,
        "iops_samples" : 0
      },
      "write" : {
        "io_bytes" : 8589934592,
        "io_kbytes" : 8388608,
        "bw_bytes" : 8462989745,
        "bw" : 8264638,
        "iops" : 516539.901478,
        "runtime" : 1015,
        "total_ios" : 524288,
        "short_ios" : 0,
        "drop_ios" : 0,
        "slat_ns" : {
          "min" : 262,
          "max" : 147433,
          "mean" : 970.683954,
          "stddev" : 456.291840,
          "N" : 524288
        },
        "clat_ns" : {
          "min" : 11429,
          "max" : 5189640,
          "mean" : 121993.433632,
          "stddev" : 98856.855211,
          "N" : 524288,
          "percentile" : {
            "1.000000" : 48896,
            "5.000000" : 83456,
            "10.000000" : 100864,
            "20.000000" : 108032,
            "30.000000" : 112128,
            "40.000000" : 115200,
            "50.000000" : 119296,
            "60.000000" : 122368,
            "70.000000" : 126464,
            "80.000000" : 129536,
            "90.000000" : 132096,
            "95.000000" : 136192,
            "99.000000" : 152576,
            "99.500000" : 333824,
            "99.900000" : 1597440,
            "99.950000" : 2146304,
            "99.990000" : 4079616
          }
        },
        "lat_ns" : {
          "min" : 12080,
          "max" : 5190684,
          "mean" : 122964.117586,
          "stddev" : 98858.883122,
          "N" : 524288
        },
        "bw_min" : 8055840,
        "bw_max" : 8600768,
        "bw_agg" : 100.000000,
        "bw_mean" : 8328304.000000,
        "bw_dev" : 91913.047373,
        "bw_samples" : 7,
        "iops_min" : 503490,
        "iops_max" : 537548,
        "iops_mean" : 520519.000000,
        "iops_stddev" : 5744.565461,
        "iops_samples" : 7
      },
      "trim" : {
        "io_bytes" : 0,
        "io_kbytes" : 0,
        "bw_bytes" : 0,
        "bw" : 0,
        "iops" : 0.000000,
        "runtime" : 0,
        "total_ios" : 0,
        "short_ios" : 0,
        "drop_ios" : 0,
        "slat_ns" : {
          "min" : 0,
          "max" : 0,
          "mean" : 0.000000,
          "stddev" : 0.000000,
          "N" : 0
        },
        "clat_ns" : {
          "min" : 0,
          "max" : 0,
          "mean" : 0.000000,
          "stddev" : 0.000000,
          "N" : 0
        },
        "lat_ns" : {
          "min" : 0,
          "max" : 0,
          "mean" : 0.000000,
          "stddev" : 0.000000,
          "N" : 0
        },
        "bw_min" : 0,
        "bw_max" : 0,
        "bw_agg" : 0.000000,
        "bw_mean" : 0.000000,
        "bw_dev" : 0.000000,
        "bw_samples" : 0,
        "iops_min" : 0,
        "iops_max" : 0,
        "iops_mean" : 0.000000,
        "iops_stddev" : 0.000000,
        "iops_samples" : 0
      },
      "sync" : {
        "total_ios" : 0,
        "lat_ns" : {
          "min" : 0,
          "max" : 0,
          "mean" : 0.000000,
          "stddev" : 0.000000,
          "N" : 0
        }
      },
      "job_runtime" : 4035,
      "usr_cpu" : 12.986369,
      "sys_cpu" : 25.774473,
      "ctx" : 513248,
      "majf" : 0,
      "minf" : 0,
      "iodepth_level" : {
        "1" : 0.100000,
        "2" : 0.100000,
        "4" : 0.100000,
        "8" : 0.100000,
        "16" : 99.988556,
        "32" : 0.000000,
        ">=64" : 0.000000
      },
      "iodepth_submit" : {
        "0" : 0.000000,
        "4" : 100.000000,
        "8" : 0.000000,
        "16" : 0.000000,
        "32" : 0.000000,
        "64" : 0.000000,
        ">=64" : 0.000000
      },
      "iodepth_complete" : {
        "0" : 0.000000,
        "4" : 99.999237,
        "8" : 0.000000,
        "16" : 0.100000,
        "32" : 0.000000,
        "64" : 0.000000,
        ">=64" : 0.000000
      },
      "latency_ns" : {
        "2" : 0.000000,
        "4" : 0.000000,
        "10" : 0.000000,
        "20" : 0.000000,
        "50" : 0.000000,
        "100" : 0.000000,
        "250" : 0.000000,
        "500" : 0.000000,
        "750" : 0.000000,
        "1000" : 0.000000
      },
      "latency_us" : {
        "2" : 0.000000,
        "4" : 0.000000,
        "10" : 0.000000,
        "20" : 0.039673,
        "50" : 1.051521,
        "100" : 8.391571,
        "250" : 89.968872,
        "500" : 0.123024,
        "750" : 0.094223,
        "1000" : 0.061607
      },
      "latency_ms" : {
        "2" : 0.212860,
        "4" : 0.044441,
        "10" : 0.012207,
        "20" : 0.000000,
        "50" : 0.000000,
        "100" : 0.000000,
        "250" : 0.000000,
        "500" : 0.000000,
        "750" : 0.000000,
        "1000" : 0.000000,
        "2000" : 0.000000,
        ">=2000" : 0.000000
      },
      "latency_depth" : 16,
      "latency_target" : 0,
      "latency_percentile" : 100.000000,
      "latency_window" : 0
    }
  ]
}
