{
  "fio version" : "fio-3.28",
  "timestamp" : 1740509724,
  "timestamp_ms" : 1740509724162,
  "time" : "Wed Feb 26 03:55:24 2025",
  "global options" : {
    "bs" : "16k",
    "ioengine" : "io_uring",
    "size" : "12G",
    "numjobs" : "4",
    "iodepth" : "16",
    "group_reporting" : "1",
    "direct" : "1",
    "thread" : "1",
    "filename" : "/dev/nvme3n1"
  },
  "jobs" : [
    {
      "jobname" : "randwrite",
      "groupid" : 0,
      "error" : 0,
      "eta" : 0,
      "elapsed" : 47,
      "job options" : {
        "rw" : "randwrite"
      },
      "read" : {
        "io_bytes" : 0,
        "io_kbytes" : 0,
        "bw_bytes" : 0,
        "bw" : 0,
        "iops" : 0.000000,
        "runtime" : 0,
        "total_ios" : 0,
        "short_ios" : 0,
        "drop_ios" : 0,
        "slat_ns" : {
          "min" : 0,
          "max" : 0,
          "mean" : 0.000000,
          "stddev" : 0.000000,
          "N" : 0
        },
        "clat_ns" : {
          "min" : 0,
          "max" : 0,
          "mean" : 0.000000,
          "stddev" : 0.000000,
          "N" : 0
        },
        "lat_ns" : {
          "min" : 0,
          "max" : 0,
          "mean" : 0.000000,
          "stddev" : 0.000000,
          "N" : 0
        },
        "bw_min" : 0,
        "bw_max" : 0,
        "bw_agg" : 0.000000,
        "bw_mean" : 0.000000,
        "bw_dev" : 0.000000,
        "bw_samples" : 0,
        "iops_min" : 0,
        "iops_max" : 0,
        "iops_mean" : 0.000000,
        "iops_stddev" : 0.000000,
        "iops_samples" : 0
      },
      "write" : {
        "io_bytes" : 51539607552,
        "io_kbytes" : 50331648,
        "bw_bytes" : 1103253864,
        "bw" : 1077396,
        "iops" : 67337.272027,
        "runtime" : 46716,
        "total_ios" : 3145728,
        "short_ios" : 0,
        "drop_ios" : 0,
        "slat_ns" : {
          "min" : 1910,
          "max" : 149843,
          "mean" : 2947.552440,
          "stddev" : 802.915444,
          "N" : 3145728
        },
        "clat_ns" : {
          "min" : 16709,
          "max" : 4066358,
          "mean" : 939964.429365,
          "stddev" : 274594.785797,
          "N" : 3145728,
          "percentile" : {
            "1.000000" : 325632,
            "5.000000" : 544768,
            "10.000000" : 626688,
            "20.000000" : 708608,
            "30.000000" : 782336,
            "40.000000" : 856064,
            "50.000000" : 921600,
            "60.000000" : 978944,
            "70.000000" : 1073152,
            "80.000000" : 1155072,
            "90.000000" : 1302528,
            "95.000000" : 1417216,
            "99.000000" : 1679360,
            "99.500000" : 1794048,
            "99.900000" : 2039808,
            "99.950000" : 2146304,
            "99.990000" : 2375680
          }
        },
        "lat_ns" : {
          "min" : 20579,
          "max" : 4068777,
          "mean" : 942973.681365,
          "stddev" : 274532.983723,
          "N" : 3145728
        },
        "bw_min" : 969152,
        "bw_max" : 1567360,
        "bw_agg" : 100.000000,
        "bw_mean" : 1081427.553062,
        "bw_dev" : 25912.409289,
        "bw_samples" : 369,
        "iops_min" : 60572,
        "iops_max" : 97960,
        "iops_mean" : 67589.222066,
        "iops_stddev" : 1619.525581,
        "iops_samples" : 369
      },
      "trim" : {
        "io_bytes" : 0,
        "io_kbytes" : 0,
        "bw_bytes" : 0,
        "bw" : 0,
        "iops" : 0.000000,
        "runtime" : 0,
        "total_ios" : 0,
        "short_ios" : 0,
        "drop_ios" : 0,
        "slat_ns" : {
          "min" : 0,
          "max" : 0,
          "mean" : 0.000000,
          "stddev" : 0.000000,
          "N" : 0
        },
        "clat_ns" : {
          "min" : 0,
          "max" : 0,
          "mean" : 0.000000,
          "stddev" : 0.000000,
          "N" : 0
        },
        "lat_ns" : {
          "min" : 0,
          "max" : 0,
          "mean" : 0.000000,
          "stddev" : 0.000000,
          "N" : 0
        },
        "bw_min" : 0,
        "bw_max" : 0,
        "bw_agg" : 0.000000,
        "bw_mean" : 0.000000,
        "bw_dev" : 0.000000,
        "bw_samples" : 0,
        "iops_min" : 0,
        "iops_max" : 0,
        "iops_mean" : 0.000000,
        "iops_stddev" : 0.000000,
        "iops_samples" : 0
      },
      "sync" : {
        "total_ios" : 0,
        "lat_ns" : {
          "min" : 0,
          "max" : 0,
          "mean" : 0.000000,
          "stddev" : 0.000000,
          "N" : 0
        }
      },
      "job_runtime" : 185464,
      "usr_cpu" : 2.362723,
      "sys_cpu" : 7.619808,
      "ctx" : 2324296,
      "majf" : 0,
      "minf" : 0,
      "iodepth_level" : {
        "1" : 0.100000,
        "2" : 0.100000,
        "4" : 0.100000,
        "8" : 0.100000,
        "16" : 99.998093,
        "32" : 0.000000,
        ">=64" : 0.000000
      },
      "iodepth_submit" : {
        "0" : 0.000000,
        "4" : 100.000000,
        "8" : 0.000000,
        "16" : 0.000000,
        "32" : 0.000000,
        "64" : 0.000000,
        ">=64" : 0.000000
      },
      "iodepth_complete" : {
        "0" : 0.000000,
        "4" : 99.999873,
        "8" : 0.000000,
        "16" : 0.100000,
        "32" : 0.000000,
        "64" : 0.000000,
        ">=64" : 0.000000
      },
      "latency_ns" : {
        "2" : 0.000000,
        "4" : 0.000000,
        "10" : 0.000000,
        "20" : 0.000000,
        "50" : 0.000000,
        "100" : 0.000000,
        "250" : 0.000000,
        "500" : 0.000000,
        "750" : 0.000000,
        "1000" : 0.000000
      },
      "latency_us" : {
        "2" : 0.000000,
        "4" : 0.000000,
        "10" : 0.000000,
        "20" : 0.010000,
        "50" : 0.019646,
        "100" : 0.028833,
        "250" : 0.673485,
        "500" : 2.651215,
        "750" : 22.194894,
        "1000" : 36.178525
      },
      "latency_ms" : {
        "2" : 38.116264,
        "4" : 0.136121,
        "10" : 0.010000,
        "20" : 0.000000,
        "50" : 0.000000,
        "100" : 0.000000,
        "250" : 0.000000,
        "500" : 0.000000,
        "750" : 0.000000,
        "1000" : 0.000000,
        "2000" : 0.000000,
        ">=2000" : 0.000000
      },
      "latency_depth" : 16,
      "latency_target" : 0,
      "latency_percentile" : 100.000000,
      "latency_window" : 0
    }
  ],
  "disk_util" : [
    {
      "name" : "nvme3n1",
      "read_ios" : 215,
      "write_ios" : 3141073,
      "read_merges" : 0,
      "write_merges" : 0,
      "read_ticks" : 22,
      "write_ticks" : 2947590,
      "in_queue" : 2947612,
      "util" : 100.000000
    }
  ]
}
