{
  "fio version" : "fio-3.28",
  "timestamp" : 1740509926,
  "timestamp_ms" : 1740509926323,
  "time" : "Wed Feb 26 03:58:46 2025",
  "global options" : {
    "bs" : "128k",
    "ioengine" : "io_uring",
    "size" : "12G",
    "numjobs" : "4",
    "iodepth" : "16",
    "group_reporting" : "1",
    "direct" : "1",
    "thread" : "1",
    "filename" : "/dev/nvme3n1"
  },
  "jobs" : [
    {
      "jobname" : "randwrite",
      "groupid" : 0,
      "error" : 0,
      "eta" : 0,
      "elapsed" : 23,
      "job options" : {
        "rw" : "randwrite"
      },
      "read" : {
        "io_bytes" : 0,
        "io_kbytes" : 0,
        "bw_bytes" : 0,
        "bw" : 0,
        "iops" : 0.000000,
        "runtime" : 0,
        "total_ios" : 0,
        "short_ios" : 0,
        "drop_ios" : 0,
        "slat_ns" : {
          "min" : 0,
          "max" : 0,
          "mean" : 0.000000,
          "stddev" : 0.000000,
          "N" : 0
        },
        "clat_ns" : {
          "min" : 0,
          "max" : 0,
          "mean" : 0.000000,
          "stddev" : 0.000000,
          "N" : 0
        },
        "lat_ns" : {
          "min" : 0,
          "max" : 0,
          "mean" : 0.000000,
          "stddev" : 0.000000,
          "N" : 0
        },
        "bw_min" : 0,
        "bw_max" : 0,
        "bw_agg" : 0.000000,
        "bw_mean" : 0.000000,
        "bw_dev" : 0.000000,
        "bw_samples" : 0,
        "iops_min" : 0,
        "iops_max" : 0,
        "iops_mean" : 0.000000,
        "iops_stddev" : 0.000000,
        "iops_samples" : 0
      },
      "write" : {
        "io_bytes" : 51539607552,
        "io_kbytes" : 50331648,
        "bw_bytes" : 2341538664,
        "bw" : 2286658,
        "iops" : 17864.522284,
        "runtime" : 22011,
        "total_ios" : 393216,
        "short_ios" : 0,
        "drop_ios" : 0,
        "slat_ns" : {
          "min" : 4250,
          "max" : 47998,
          "mean" : 7651.743258,
          "stddev" : 1005.457694,
          "N" : 393216
        },
        "clat_ns" : {
          "min" : 85427,
          "max" : 10760318,
          "mean" : 3527835.693601,
          "stddev" : 1372107.458397,
          "N" : 393216,
          "percentile" : {
            "1.000000" : 1073152,
            "5.000000" : 1564672,
            "10.000000" : 1892352,
            "20.000000" : 2375680,
            "30.000000" : 2670592,
            "40.000000" : 3031040,
            "50.000000" : 3358720,
            "60.000000" : 3588096,
            "70.000000" : 4145152,
            "80.000000" : 4685824,
            "90.000000" : 5406720,
            "95.000000" : 6062080,
            "99.000000" : 7176192,
            "99.500000" : 7634944,
            "99.900000" : 8454144,
            "99.950000" : 8716288,
            "99.990000" : 9371648
          }
        },
        "lat_ns" : {
          "min" : 99586,
          "max" : 10768527,
          "mean" : 3535556.503382,
          "stddev" : 1372097.211818,
          "N" : 393216
        },
        "bw_min" : 1411072,
        "bw_max" : 4239104,
        "bw_agg" : 100.000000,
        "bw_mean" : 2307383.089097,
        "bw_dev" : 128733.142954,
        "bw_samples" : 172,
        "iops_min" : 11024,
        "iops_max" : 33118,
        "iops_mean" : 18026.430384,
        "iops_stddev" : 1005.727679,
        "iops_samples" : 172
      },
      "trim" : {
        "io_bytes" : 0,
        "io_kbytes" : 0,
        "bw_bytes" : 0,
        "bw" : 0,
        "iops" : 0.000000,
        "runtime" : 0,
        "total_ios" : 0,
        "short_ios" : 0,
        "drop_ios" : 0,
        "slat_ns" : {
          "min" : 0,
          "max" : 0,
          "mean" : 0.000000,
          "stddev" : 0.000000,
          "N" : 0
        },
        "clat_ns" : {
          "min" : 0,
          "max" : 0,
          "mean" : 0.000000,
          "stddev" : 0.000000,
          "N" : 0
        },
        "lat_ns" : {
          "min" : 0,
          "max" : 0,
          "mean" : 0.000000,
          "stddev" : 0.000000,
          "N" : 0
        },
        "bw_min" : 0,
        "bw_max" : 0,
        "bw_agg" : 0.000000,
        "bw_mean" : 0.000000,
        "bw_dev" : 0.000000,
        "bw_samples" : 0,
        "iops_min" : 0,
        "iops_max" : 0,
        "iops_mean" : 0.000000,
        "iops_stddev" : 0.000000,
        "iops_samples" : 0
      },
      "sync" : {
        "total_ios" : 0,
        "lat_ns" : {
          "min" : 0,
          "max" : 0,
          "mean" : 0.000000,
          "stddev" : 0.000000,
          "N" : 0
        }
      },
      "job_runtime" : 86897,
      "usr_cpu" : 1.510984,
      "sys_cpu" : 4.164701,
      "ctx" : 392856,
      "majf" : 0,
      "minf" : 0,
      "iodepth_level" : {
        "1" : 0.100000,
        "2" : 0.100000,
        "4" : 0.100000,
        "8" : 0.100000,
        "16" : 99.984741,
        "32" : 0.000000,
        ">=64" : 0.000000
      },
      "iodepth_submit" : {
        "0" : 0.000000,
        "4" : 100.000000,
        "8" : 0.000000,
        "16" : 0.000000,
        "32" : 0.000000,
        "64" : 0.000000,
        ">=64" : 0.000000
      },
      "iodepth_complete" : {
        "0" : 0.000000,
        "4" : 99.998983,
        "8" : 0.000000,
        "16" : 0.100000,
        "32" : 0.000000,
        "64" : 0.000000,
        ">=64" : 0.000000
      },
      "latency_ns" : {
        "2" : 0.000000,
        "4" : 0.000000,
        "10" : 0.000000,
        "20" : 0.000000,
        "50" : 0.000000,
        "100" : 0.000000,
        "250" : 0.000000,
        "500" : 0.000000,
        "750" : 0.000000,
        "1000" : 0.000000
      },
      "latency_us" : {
        "2" : 0.000000,
        "4" : 0.000000,
        "10" : 0.000000,
        "20" : 0.000000,
        "50" : 0.000000,
        "100" : 0.010000,
        "250" : 0.099436,
        "500" : 0.184377,
        "750" : 0.201162,
        "1000" : 0.457509
      },
      "latency_ms" : {
        "2" : 10.561371,
        "4" : 55.900065,
        "10" : 32.590230,
        "20" : 0.010000,
        "50" : 0.000000,
        "100" : 0.000000,
        "250" : 0.000000,
        "500" : 0.000000,
        "750" : 0.000000,
        "1000" : 0.000000,
        "2000" : 0.000000,
        ">=2000" : 0.000000
      },
      "latency_depth" : 16,
      "latency_target" : 0,
      "latency_percentile" : 100.000000,
      "latency_window" : 0
    }
  ],
  "disk_util" : [
    {
      "name" : "nvme3n1",
      "read_ios" : 172,
      "write_ios" : 391151,
      "read_merges" : 0,
      "write_merges" : 0,
      "read_ticks" : 26,
      "write_ticks" : 1383160,
      "in_queue" : 1383186,
      "util" : 99.568005
    }
  ]
}
