{
  "fio version" : "fio-3.28",
  "timestamp" : 1728934375,
  "timestamp_ms" : 1728934375299,
  "time" : "Tue Oct 15 04:32:55 2024",
  "global options" : {
    "size" : "127G",
    "direct" : "1",
    "runtime" : "60",
    "ioengine" : "libaio",
    "numjobs" : "4",
    "iodepth" : "32"
  },
  "jobs" : [
    {
      "jobname" : "seq-read-async-32k",
      "groupid" : 0,
      "error" : 0,
      "eta" : 0,
      "elapsed" : 61,
      "job options" : {
        "rw" : "read",
        "bs" : "32k",
        "filename" : "/dev/nvme3n1"
      },
      "read" : {
        "io_bytes" : 167984562176,
        "io_kbytes" : 164047424,
        "bw_bytes" : 2799649381,
        "bw" : 2734032,
        "iops" : 85438.518716,
        "runtime" : 60002,
        "total_ios" : 5126482,
        "short_ios" : 0,
        "drop_ios" : 0,
        "slat_ns" : {
          "min" : 2320,
          "max" : 47380,
          "mean" : 2694.953623,
          "stddev" : 406.875473,
          "N" : 5126482
        },
        "clat_ns" : {
          "min" : 88940,
          "max" : 3638723,
          "mean" : 1495177.729187,
          "stddev" : 260404.538976,
          "N" : 5126482,
          "percentile" : {
            "1.000000" : 1073152,
            "5.000000" : 1105920,
            "10.000000" : 1122304,
            "20.000000" : 1236992,
            "30.000000" : 1318912,
            "40.000000" : 1466368,
            "50.000000" : 1499136,
            "60.000000" : 1548288,
            "70.000000" : 1662976,
            "80.000000" : 1744896,
            "90.000000" : 1875968,
            "95.000000" : 1892352,
            "99.000000" : 1908736,
            "99.500000" : 1925120,
            "99.900000" : 1941504,
            "99.950000" : 1941504,
            "99.990000" : 1974272
          }
        },
        "lat_ns" : {
          "min" : 91540,
          "max" : 3641343,
          "mean" : 1497915.412593,
          "stddev" : 260403.561146,
          "N" : 5126482
        },
        "bw_min" : 2700288,
        "bw_max" : 2768832,
        "bw_agg" : 100.000000,
        "bw_mean" : 2734973.310924,
        "bw_dev" : 4256.637215,
        "bw_samples" : 476,
        "iops_min" : 84384,
        "iops_max" : 86526,
        "iops_mean" : 85467.915966,
        "iops_stddev" : 133.019913,
        "iops_samples" : 476
      },
      "write" : {
        "io_bytes" : 0,
        "io_kbytes" : 0,
        "bw_bytes" : 0,
        "bw" : 0,
        "iops" : 0.000000,
        "runtime" : 0,
        "total_ios" : 0,
        "short_ios" : 0,
        "drop_ios" : 0,
        "slat_ns" : {
          "min" : 0,
          "max" : 0,
          "mean" : 0.000000,
          "stddev" : 0.000000,
          "N" : 0
        },
        "clat_ns" : {
          "min" : 0,
          "max" : 0,
          "mean" : 0.000000,
          "stddev" : 0.000000,
          "N" : 0
        },
        "lat_ns" : {
          "min" : 0,
          "max" : 0,
          "mean" : 0.000000,
          "stddev" : 0.000000,
          "N" : 0
        },
        "bw_min" : 0,
        "bw_max" : 0,
        "bw_agg" : 0.000000,
        "bw_mean" : 0.000000,
        "bw_dev" : 0.000000,
        "bw_samples" : 0,
        "iops_min" : 0,
        "iops_max" : 0,
        "iops_mean" : 0.000000,
        "iops_stddev" : 0.000000,
        "iops_samples" : 0
      },
      "trim" : {
        "io_bytes" : 0,
        "io_kbytes" : 0,
        "bw_bytes" : 0,
        "bw" : 0,
        "iops" : 0.000000,
        "runtime" : 0,
        "total_ios" : 0,
        "short_ios" : 0,
        "drop_ios" : 0,
        "slat_ns" : {
          "min" : 0,
          "max" : 0,
          "mean" : 0.000000,
          "stddev" : 0.000000,
          "N" : 0
        },
        "clat_ns" : {
          "min" : 0,
          "max" : 0,
          "mean" : 0.000000,
          "stddev" : 0.000000,
          "N" : 0
        },
        "lat_ns" : {
          "min" : 0,
          "max" : 0,
          "mean" : 0.000000,
          "stddev" : 0.000000,
          "N" : 0
        },
        "bw_min" : 0,
        "bw_max" : 0,
        "bw_agg" : 0.000000,
        "bw_mean" : 0.000000,
        "bw_dev" : 0.000000,
        "bw_samples" : 0,
        "iops_min" : 0,
        "iops_max" : 0,
        "iops_mean" : 0.000000,
        "iops_stddev" : 0.000000,
        "iops_samples" : 0
      },
      "sync" : {
        "total_ios" : 0,
        "lat_ns" : {
          "min" : 0,
          "max" : 0,
          "mean" : 0.000000,
          "stddev" : 0.000000,
          "N" : 0
        }
      },
      "job_runtime" : 240004,
      "usr_cpu" : 1.577890,
      "sys_cpu" : 10.606907,
      "ctx" : 4979332,
      "majf" : 0,
      "minf" : 1084,
      "iodepth_level" : {
        "1" : 0.100000,
        "2" : 0.100000,
        "4" : 0.100000,
        "8" : 0.100000,
        "16" : 0.100000,
        "32" : 99.992744,
        ">=64" : 0.000000
      },
      "iodepth_submit" : {
        "0" : 0.000000,
        "4" : 100.000000,
        "8" : 0.000000,
        "16" : 0.000000,
        "32" : 0.000000,
        "64" : 0.000000,
        ">=64" : 0.000000
      },
      "iodepth_complete" : {
        "0" : 0.000000,
        "4" : 99.999766,
        "8" : 0.000000,
        "16" : 0.000000,
        "32" : 0.100000,
        "64" : 0.000000,
        ">=64" : 0.000000
      },
      "latency_ns" : {
        "2" : 0.000000,
        "4" : 0.000000,
        "10" : 0.000000,
        "20" : 0.000000,
        "50" : 0.000000,
        "100" : 0.000000,
        "250" : 0.000000,
        "500" : 0.000000,
        "750" : 0.000000,
        "1000" : 0.000000
      },
      "latency_us" : {
        "2" : 0.000000,
        "4" : 0.000000,
        "10" : 0.000000,
        "20" : 0.000000,
        "50" : 0.000000,
        "100" : 0.010000,
        "250" : 0.010000,
        "500" : 0.010000,
        "750" : 0.010000,
        "1000" : 0.010000
      },
      "latency_ms" : {
        "2" : 99.985643,
        "4" : 0.010000,
        "10" : 0.000000,
        "20" : 0.000000,
        "50" : 0.000000,
        "100" : 0.000000,
        "250" : 0.000000,
        "500" : 0.000000,
        "750" : 0.000000,
        "1000" : 0.000000,
        "2000" : 0.000000,
        ">=2000" : 0.000000
      },
      "latency_depth" : 32,
      "latency_target" : 0,
      "latency_percentile" : 100.000000,
      "latency_window" : 0
    }
  ],
  "disk_util" : [
    {
      "name" : "nvme3n1",
      "read_ios" : 5117374,
      "write_ios" : 0,
      "read_merges" : 0,
      "write_merges" : 0,
      "read_ticks" : 7641390,
      "write_ticks" : 0,
      "in_queue" : 7641391,
      "util" : 99.856619
    }
  ]
}
