{
  "fio version" : "fio-3.28",
  "timestamp" : 1744006950,
  "timestamp_ms" : 1744006950101,
  "time" : "Mon Apr  7 15:22:30 2025",
  "global options" : {
    "bs" : "4k",
    "ioengine" : "io_uring",
    "size" : "12G",
    "numjobs" : "4",
    "iodepth" : "16",
    "group_reporting" : "1",
    "direct" : "1",
    "thread" : "1",
    "filename" : "/dev/nvme3n1"
  },
  "jobs" : [
    {
      "jobname" : "randwrite",
      "groupid" : 0,
      "error" : 0,
      "eta" : 0,
      "elapsed" : 22,
      "job options" : {
        "rw" : "randrw"
      },
      "read" : {
        "io_bytes" : 25780232192,
        "io_kbytes" : 25176008,
        "bw_bytes" : 1198523114,
        "bw" : 1170432,
        "iops" : 292608.182241,
        "runtime" : 21510,
        "total_ios" : 6294002,
        "short_ios" : 0,
        "drop_ios" : 0,
        "slat_ns" : {
          "min" : 1280,
          "max" : 60509,
          "mean" : 1762.638779,
          "stddev" : 633.537484,
          "N" : 6294002
        },
        "clat_ns" : {
          "min" : 40,
          "max" : 5638338,
          "mean" : 199740.750695,
          "stddev" : 254497.797532,
          "N" : 6294002,
          "percentile" : {
            "1.000000" : 4512,
            "5.000000" : 5664,
            "10.000000" : 6560,
            "20.000000" : 8384,
            "30.000000" : 10688,
            "40.000000" : 18304,
            "50.000000" : 103936,
            "60.000000" : 197632,
            "70.000000" : 280576,
            "80.000000" : 374784,
            "90.000000" : 518144,
            "95.000000" : 659456,
            "99.000000" : 995328,
            "99.500000" : 1171456,
            "99.900000" : 1941504,
            "99.950000" : 3194880,
            "99.990000" : 4177920
          }
        },
        "lat_ns" : {
          "min" : 4140,
          "max" : 5640178,
          "mean" : 201551.497190,
          "stddev" : 254486.887958,
          "N" : 6294002
        },
        "bw_min" : 936592,
        "bw_max" : 2125670,
        "bw_agg" : 100.000000,
        "bw_mean" : 1176918.109635,
        "bw_dev" : 68607.602662,
        "bw_samples" : 169,
        "iops_min" : 234148,
        "iops_max" : 531417,
        "iops_mean" : 294229.515504,
        "iops_stddev" : 17151.890674,
        "iops_samples" : 169
      },
      "write" : {
        "io_bytes" : 25759375360,
        "io_kbytes" : 25155640,
        "bw_bytes" : 1197553480,
        "bw" : 1169485,
        "iops" : 292371.455137,
        "runtime" : 21510,
        "total_ios" : 6288910,
        "short_ios" : 0,
        "drop_ios" : 0,
        "slat_ns" : {
          "min" : 1240,
          "max" : 61249,
          "mean" : 1744.426510,
          "stddev" : 642.662343,
          "N" : 6288910
        },
        "clat_ns" : {
          "min" : 40,
          "max" : 1913365,
          "mean" : 14488.076023,
          "stddev" : 5720.594822,
          "N" : 6288910,
          "percentile" : {
            "1.000000" : 8640,
            "5.000000" : 9664,
            "10.000000" : 10176,
            "20.000000" : 10944,
            "30.000000" : 11584,
            "40.000000" : 12352,
            "50.000000" : 13120,
            "60.000000" : 14144,
            "70.000000" : 15296,
            "80.000000" : 16768,
            "90.000000" : 19584,
            "95.000000" : 22912,
            "99.000000" : 39168,
            "99.500000" : 46336,
            "99.900000" : 57600,
            "99.950000" : 61696,
            "99.990000" : 71168
          }
        },
        "lat_ns" : {
          "min" : 8240,
          "max" : 1914945,
          "mean" : 16280.933572,
          "stddev" : 5774.215926,
          "N" : 6288910
        },
        "bw_min" : 932176,
        "bw_max" : 2125994,
        "bw_agg" : 100.000000,
        "bw_mean" : 1175920.300111,
        "bw_dev" : 68865.372163,
        "bw_samples" : 169,
        "iops_min" : 233044,
        "iops_max" : 531498,
        "iops_mean" : 293980.063123,
        "iops_stddev" : 17216.332986,
        "iops_samples" : 169
      },
      "trim" : {
        "io_bytes" : 0,
        "io_kbytes" : 0,
        "bw_bytes" : 0,
        "bw" : 0,
        "iops" : 0.000000,
        "runtime" : 0,
        "total_ios" : 0,
        "short_ios" : 0,
        "drop_ios" : 0,
        "slat_ns" : {
          "min" : 0,
          "max" : 0,
          "mean" : 0.000000,
          "stddev" : 0.000000,
          "N" : 0
        },
        "clat_ns" : {
          "min" : 0,
          "max" : 0,
          "mean" : 0.000000,
          "stddev" : 0.000000,
          "N" : 0
        },
        "lat_ns" : {
          "min" : 0,
          "max" : 0,
          "mean" : 0.000000,
          "stddev" : 0.000000,
          "N" : 0
        },
        "bw_min" : 0,
        "bw_max" : 0,
        "bw_agg" : 0.000000,
        "bw_mean" : 0.000000,
        "bw_dev" : 0.000000,
        "bw_samples" : 0,
        "iops_min" : 0,
        "iops_max" : 0,
        "iops_mean" : 0.000000,
        "iops_stddev" : 0.000000,
        "iops_samples" : 0
      },
      "sync" : {
        "total_ios" : 0,
        "lat_ns" : {
          "min" : 0,
          "max" : 0,
          "mean" : 0.000000,
          "stddev" : 0.000000,
          "N" : 0
        }
      },
      "job_runtime" : 85841,
      "usr_cpu" : 7.652520,
      "sys_cpu" : 42.501835,
      "ctx" : 5701356,
      "majf" : 0,
      "minf" : 0,
      "iodepth_level" : {
        "1" : 0.100000,
        "2" : 0.100000,
        "4" : 0.100000,
        "8" : 0.100000,
        "16" : 99.999523,
        "32" : 0.000000,
        ">=64" : 0.000000
      },
      "iodepth_submit" : {
        "0" : 0.000000,
        "4" : 100.000000,
        "8" : 0.000000,
        "16" : 0.000000,
        "32" : 0.000000,
        "64" : 0.000000,
        ">=64" : 0.000000
      },
      "iodepth_complete" : {
        "0" : 0.000000,
        "4" : 99.999968,
        "8" : 0.000000,
        "16" : 0.100000,
        "32" : 0.000000,
        "64" : 0.000000,
        ">=64" : 0.000000
      },
      "latency_ns" : {
        "2" : 0.000000,
        "4" : 0.000000,
        "10" : 0.000000,
        "20" : 0.000000,
        "50" : 0.010000,
        "100" : 0.010000,
        "250" : 0.010000,
        "500" : 0.010000,
        "750" : 0.010000,
        "1000" : 0.000000
      },
      "latency_us" : {
        "2" : 0.010000,
        "4" : 0.220354,
        "10" : 17.796254,
        "20" : 47.675014,
        "50" : 5.702655,
        "100" : 3.369673,
        "250" : 8.342965,
        "500" : 11.419479,
        "750" : 3.857605,
        "1000" : 1.121036
      },
      "latency_ms" : {
        "2" : 0.446296,
        "4" : 0.039967,
        "10" : 0.010000,
        "20" : 0.000000,
        "50" : 0.000000,
        "100" : 0.000000,
        "250" : 0.000000,
        "500" : 0.000000,
        "750" : 0.000000,
        "1000" : 0.000000,
        "2000" : 0.000000,
        ">=2000" : 0.000000
      },
      "latency_depth" : 16,
      "latency_target" : 0,
      "latency_percentile" : 100.000000,
      "latency_window" : 0
    }
  ],
  "disk_util" : [
    {
      "name" : "nvme3n1",
      "read_ios" : 6272998,
      "write_ios" : 6267694,
      "read_merges" : 0,
      "write_merges" : 0,
      "read_ticks" : 1231802,
      "write_ticks" : 67818,
      "in_queue" : 1299620,
      "util" : 99.567241
    }
  ]
}
