{
  "fio version" : "fio-3.28",
  "timestamp" : 1743447996,
  "timestamp_ms" : 1743447996989,
  "time" : "Tue Apr  1 04:06:36 2025",
  "global options" : {
    "bs" : "32k",
    "ioengine" : "psync",
    "size" : "12G",
    "numjobs" : "1",
    "iodepth" : "1",
    "group_reporting" : "1",
    "direct" : "1",
    "thread" : "1",
    "filename" : "/dev/nvme3n1"
  },
  "jobs" : [
    {
      "jobname" : "seqwrite",
      "groupid" : 0,
      "error" : 0,
      "eta" : 0,
      "elapsed" : 14,
      "job options" : {
        "rw" : "rw"
      },
      "read" : {
        "io_bytes" : 6445662208,
        "io_kbytes" : 6294592,
        "bw_bytes" : 487569002,
        "bw" : 476141,
        "iops" : 14879.425113,
        "runtime" : 13220,
        "total_ios" : 196706,
        "short_ios" : 0,
        "drop_ios" : 0,
        "slat_ns" : {
          "min" : 0,
          "max" : 0,
          "mean" : 0.000000,
          "stddev" : 0.000000,
          "N" : 0
        },
        "clat_ns" : {
          "min" : 7120,
          "max" : 261527,
          "mean" : 42709.651449,
          "stddev" : 55212.675189,
          "N" : 196706,
          "percentile" : {
            "1.000000" : 7584,
            "5.000000" : 7776,
            "10.000000" : 7904,
            "20.000000" : 8160,
            "30.000000" : 8384,
            "40.000000" : 8640,
            "50.000000" : 8896,
            "60.000000" : 9152,
            "70.000000" : 10560,
            "80.000000" : 112128,
            "90.000000" : 123392,
            "95.000000" : 124416,
            "99.000000" : 230400,
            "99.500000" : 244736,
            "99.900000" : 254976,
            "99.950000" : 257024,
            "99.990000" : 257024
          }
        },
        "lat_ns" : {
          "min" : 7140,
          "max" : 261567,
          "mean" : 42733.931964,
          "stddev" : 55217.253445,
          "N" : 196706
        },
        "bw_min" : 210240,
        "bw_max" : 989504,
        "bw_agg" : 98.332932,
        "bw_mean" : 468204.307692,
        "bw_dev" : 336864.245929,
        "bw_samples" : 26,
        "iops_min" : 6570,
        "iops_max" : 30922,
        "iops_mean" : 14631.384615,
        "iops_stddev" : 10527.007685,
        "iops_samples" : 26
      },
      "write" : {
        "io_bytes" : 6439239680,
        "io_kbytes" : 6288320,
        "bw_bytes" : 487083183,
        "bw" : 475667,
        "iops" : 14864.599092,
        "runtime" : 13220,
        "total_ios" : 196510,
        "short_ios" : 0,
        "drop_ios" : 0,
        "slat_ns" : {
          "min" : 0,
          "max" : 0,
          "mean" : 0.000000,
          "stddev" : 0.000000,
          "N" : 0
        },
        "clat_ns" : {
          "min" : 22499,
          "max" : 59279,
          "mean" : 23463.253951,
          "stddev" : 747.295878,
          "N" : 196510,
          "percentile" : {
            "1.000000" : 22656,
            "5.000000" : 22656,
            "10.000000" : 22912,
            "20.000000" : 22912,
            "30.000000" : 22912,
            "40.000000" : 23168,
            "50.000000" : 23168,
            "60.000000" : 23424,
            "70.000000" : 23680,
            "80.000000" : 23936,
            "90.000000" : 24448,
            "95.000000" : 24704,
            "99.000000" : 25728,
            "99.500000" : 26240,
            "99.900000" : 28800,
            "99.950000" : 30336,
            "99.990000" : 34560
          }
        },
        "lat_ns" : {
          "min" : 22830,
          "max" : 60559,
          "mean" : 24074.254572,
          "stddev" : 770.362305,
          "N" : 196510
        },
        "bw_min" : 208448,
        "bw_max" : 980480,
        "bw_agg" : 98.248319,
        "bw_mean" : 467335.384615,
        "bw_dev" : 335645.205540,
        "bw_samples" : 26,
        "iops_min" : 6514,
        "iops_max" : 30640,
        "iops_mean" : 14604.230769,
        "iops_stddev" : 10488.912673,
        "iops_samples" : 26
      },
      "trim" : {
        "io_bytes" : 0,
        "io_kbytes" : 0,
        "bw_bytes" : 0,
        "bw" : 0,
        "iops" : 0.000000,
        "runtime" : 0,
        "total_ios" : 0,
        "short_ios" : 0,
        "drop_ios" : 0,
        "slat_ns" : {
          "min" : 0,
          "max" : 0,
          "mean" : 0.000000,
          "stddev" : 0.000000,
          "N" : 0
        },
        "clat_ns" : {
          "min" : 0,
          "max" : 0,
          "mean" : 0.000000,
          "stddev" : 0.000000,
          "N" : 0
        },
        "lat_ns" : {
          "min" : 0,
          "max" : 0,
          "mean" : 0.000000,
          "stddev" : 0.000000,
          "N" : 0
        },
        "bw_min" : 0,
        "bw_max" : 0,
        "bw_agg" : 0.000000,
        "bw_mean" : 0.000000,
        "bw_dev" : 0.000000,
        "bw_samples" : 0,
        "iops_min" : 0,
        "iops_max" : 0,
        "iops_mean" : 0.000000,
        "iops_stddev" : 0.000000,
        "iops_samples" : 0
      },
      "sync" : {
        "total_ios" : 0,
        "lat_ns" : {
          "min" : 0,
          "max" : 0,
          "mean" : 0.000000,
          "stddev" : 0.000000,
          "N" : 0
        }
      },
      "job_runtime" : 13219,
      "usr_cpu" : 2.836826,
      "sys_cpu" : 12.693850,
      "ctx" : 393228,
      "majf" : 0,
      "minf" : 0,
      "iodepth_level" : {
        "1" : 100.000000,
        "2" : 0.000000,
        "4" : 0.000000,
        "8" : 0.000000,
        "16" : 0.000000,
        "32" : 0.000000,
        ">=64" : 0.000000
      },
      "iodepth_submit" : {
        "0" : 0.000000,
        "4" : 100.000000,
        "8" : 0.000000,
        "16" : 0.000000,
        "32" : 0.000000,
        "64" : 0.000000,
        ">=64" : 0.000000
      },
      "iodepth_complete" : {
        "0" : 0.000000,
        "4" : 100.000000,
        "8" : 0.000000,
        "16" : 0.000000,
        "32" : 0.000000,
        "64" : 0.000000,
        ">=64" : 0.000000
      },
      "latency_ns" : {
        "2" : 0.000000,
        "4" : 0.000000,
        "10" : 0.000000,
        "20" : 0.000000,
        "50" : 0.000000,
        "100" : 0.000000,
        "250" : 0.000000,
        "500" : 0.000000,
        "750" : 0.000000,
        "1000" : 0.000000
      },
      "latency_us" : {
        "2" : 0.000000,
        "4" : 0.000000,
        "10" : 34.563700,
        "20" : 0.818888,
        "50" : 49.977112,
        "100" : 0.010000,
        "250" : 14.398956,
        "500" : 0.240835,
        "750" : 0.000000,
        "1000" : 0.000000
      },
      "latency_ms" : {
        "2" : 0.000000,
        "4" : 0.000000,
        "10" : 0.000000,
        "20" : 0.000000,
        "50" : 0.000000,
        "100" : 0.000000,
        "250" : 0.000000,
        "500" : 0.000000,
        "750" : 0.000000,
        "1000" : 0.000000,
        "2000" : 0.000000,
        ">=2000" : 0.000000
      },
      "latency_depth" : 1,
      "latency_target" : 0,
      "latency_percentile" : 100.000000,
      "latency_window" : 0
    }
  ],
  "disk_util" : [
    {
      "name" : "nvme3n1",
      "read_ios" : 194490,
      "write_ios" : 194221,
      "read_merges" : 0,
      "write_merges" : 0,
      "read_ticks" : 7609,
      "write_ticks" : 3810,
      "in_queue" : 11420,
      "util" : 89.209394
    }
  ]
}
