{
  "fio version" : "fio-3.28",
  "timestamp" : 1744002087,
  "timestamp_ms" : 1744002087743,
  "time" : "Mon Apr  7 14:01:27 2025",
  "global options" : {
    "bs" : "32k",
    "ioengine" : "io_uring",
    "size" : "12G",
    "numjobs" : "4",
    "iodepth" : "16",
    "group_reporting" : "1",
    "direct" : "1",
    "thread" : "1",
    "filename" : "/dev/nvme3n1"
  },
  "jobs" : [
    {
      "jobname" : "randwrite",
      "groupid" : 0,
      "error" : 0,
      "eta" : 0,
      "elapsed" : 15,
      "job options" : {
        "rw" : "randrw"
      },
      "read" : {
        "io_bytes" : 25740673024,
        "io_kbytes" : 25137376,
        "bw_bytes" : 1853981059,
        "bw" : 1810528,
        "iops" : 56579.011812,
        "runtime" : 13884,
        "total_ios" : 785543,
        "short_ios" : 0,
        "drop_ios" : 0,
        "slat_ns" : {
          "min" : 2100,
          "max" : 39739,
          "mean" : 2864.713827,
          "stddev" : 661.369088,
          "N" : 785543
        },
        "clat_ns" : {
          "min" : 70,
          "max" : 29153170,
          "mean" : 1052201.426917,
          "stddev" : 1768951.510586,
          "N" : 785543,
          "percentile" : {
            "1.000000" : 8384,
            "5.000000" : 9664,
            "10.000000" : 10688,
            "20.000000" : 12864,
            "30.000000" : 16192,
            "40.000000" : 37120,
            "50.000000" : 362496,
            "60.000000" : 782336,
            "70.000000" : 1253376,
            "80.000000" : 1843200,
            "90.000000" : 2768896,
            "95.000000" : 3751936,
            "99.000000" : 8585216,
            "99.500000" : 11075584,
            "99.900000" : 17432576,
            "99.950000" : 20054016,
            "99.990000" : 25821184
          }
        },
        "lat_ns" : {
          "min" : 7640,
          "max" : 29155600,
          "mean" : 1055116.441398,
          "stddev" : 1768949.588387,
          "N" : 785543
        },
        "bw_min" : 1624768,
        "bw_max" : 2295744,
        "bw_agg" : 100.000000,
        "bw_mean" : 1816168.296296,
        "bw_dev" : 41438.060169,
        "bw_samples" : 108,
        "iops_min" : 50774,
        "iops_max" : 71742,
        "iops_mean" : 56755.259259,
        "iops_stddev" : 1294.939380,
        "iops_samples" : 108
      },
      "write" : {
        "io_bytes" : 25798934528,
        "io_kbytes" : 25194272,
        "bw_bytes" : 1858177364,
        "bw" : 1814626,
        "iops" : 56707.072890,
        "runtime" : 13884,
        "total_ios" : 787321,
        "short_ios" : 0,
        "drop_ios" : 0,
        "slat_ns" : {
          "min" : 1990,
          "max" : 51579,
          "mean" : 3274.565523,
          "stddev" : 774.458571,
          "N" : 787321
        },
        "clat_ns" : {
          "min" : 3030,
          "max" : 2798863,
          "mean" : 71673.788874,
          "stddev" : 59354.864400,
          "N" : 787321,
          "percentile" : {
            "1.000000" : 22912,
            "5.000000" : 24704,
            "10.000000" : 27008,
            "20.000000" : 31104,
            "30.000000" : 36608,
            "40.000000" : 44288,
            "50.000000" : 52992,
            "60.000000" : 64256,
            "70.000000" : 79360,
            "80.000000" : 100864,
            "90.000000" : 138240,
            "95.000000" : 175104,
            "99.000000" : 280576,
            "99.500000" : 423936,
            "99.900000" : 561152,
            "99.950000" : 577536,
            "99.990000" : 585728
          }
        },
        "lat_ns" : {
          "min" : 22020,
          "max" : 2801133,
          "mean" : 74999.245892,
          "stddev" : 59367.187372,
          "N" : 787321
        },
        "bw_min" : 1642048,
        "bw_max" : 2324416,
        "bw_agg" : 100.000000,
        "bw_mean" : 1820269.037037,
        "bw_dev" : 41741.243554,
        "bw_samples" : 108,
        "iops_min" : 51314,
        "iops_max" : 72638,
        "iops_mean" : 56883.407407,
        "iops_stddev" : 1304.413861,
        "iops_samples" : 108
      },
      "trim" : {
        "io_bytes" : 0,
        "io_kbytes" : 0,
        "bw_bytes" : 0,
        "bw" : 0,
        "iops" : 0.000000,
        "runtime" : 0,
        "total_ios" : 0,
        "short_ios" : 0,
        "drop_ios" : 0,
        "slat_ns" : {
          "min" : 0,
          "max" : 0,
          "mean" : 0.000000,
          "stddev" : 0.000000,
          "N" : 0
        },
        "clat_ns" : {
          "min" : 0,
          "max" : 0,
          "mean" : 0.000000,
          "stddev" : 0.000000,
          "N" : 0
        },
        "lat_ns" : {
          "min" : 0,
          "max" : 0,
          "mean" : 0.000000,
          "stddev" : 0.000000,
          "N" : 0
        },
        "bw_min" : 0,
        "bw_max" : 0,
        "bw_agg" : 0.000000,
        "bw_mean" : 0.000000,
        "bw_dev" : 0.000000,
        "bw_samples" : 0,
        "iops_min" : 0,
        "iops_max" : 0,
        "iops_mean" : 0.000000,
        "iops_stddev" : 0.000000,
        "iops_samples" : 0
      },
      "sync" : {
        "total_ios" : 0,
        "lat_ns" : {
          "min" : 0,
          "max" : 0,
          "mean" : 0.000000,
          "stddev" : 0.000000,
          "N" : 0
        }
      },
      "job_runtime" : 55519,
      "usr_cpu" : 3.454673,
      "sys_cpu" : 13.851114,
      "ctx" : 1315958,
      "majf" : 0,
      "minf" : 0,
      "iodepth_level" : {
        "1" : 0.100000,
        "2" : 0.100000,
        "4" : 0.100000,
        "8" : 0.100000,
        "16" : 99.996185,
        "32" : 0.000000,
        ">=64" : 0.000000
      },
      "iodepth_submit" : {
        "0" : 0.000000,
        "4" : 100.000000,
        "8" : 0.000000,
        "16" : 0.000000,
        "32" : 0.000000,
        "64" : 0.000000,
        ">=64" : 0.000000
      },
      "iodepth_complete" : {
        "0" : 0.000000,
        "4" : 99.999746,
        "8" : 0.000000,
        "16" : 0.100000,
        "32" : 0.000000,
        "64" : 0.000000,
        ">=64" : 0.000000
      },
      "latency_ns" : {
        "2" : 0.000000,
        "4" : 0.000000,
        "10" : 0.000000,
        "20" : 0.000000,
        "50" : 0.000000,
        "100" : 0.010000,
        "250" : 0.000000,
        "500" : 0.010000,
        "750" : 0.000000,
        "1000" : 0.000000
      },
      "latency_us" : {
        "2" : 0.000000,
        "4" : 0.010000,
        "10" : 3.146744,
        "20" : 14.372190,
        "50" : 26.269531,
        "100" : 17.089780,
        "250" : 11.912664,
        "500" : 3.735479,
        "750" : 3.161748,
        "1000" : 2.746264
      },
      "latency_ms" : {
        "2" : 8.637873,
        "4" : 6.790670,
        "10" : 1.800855,
        "20" : 0.310771,
        "50" : 0.024859,
        "100" : 0.000000,
        "250" : 0.000000,
        "500" : 0.000000,
        "750" : 0.000000,
        "1000" : 0.000000,
        "2000" : 0.000000,
        ">=2000" : 0.000000
      },
      "latency_depth" : 16,
      "latency_target" : 0,
      "latency_percentile" : 100.000000,
      "latency_window" : 0
    }
  ],
  "disk_util" : [
    {
      "name" : "nvme3n1",
      "read_ios" : 773406,
      "write_ios" : 775141,
      "read_merges" : 0,
      "write_merges" : 0,
      "read_ticks" : 810581,
      "write_ticks" : 53262,
      "in_queue" : 863843,
      "util" : 99.294135
    }
  ]
}
