{
  "fio version" : "fio-3.28",
  "timestamp" : 1744002137,
  "timestamp_ms" : 1744002137539,
  "time" : "Mon Apr  7 14:02:17 2025",
  "global options" : {
    "bs" : "256k",
    "ioengine" : "psync",
    "size" : "12G",
    "numjobs" : "1",
    "iodepth" : "1",
    "group_reporting" : "1",
    "direct" : "1",
    "thread" : "1",
    "filename" : "/dev/nvme3n1"
  },
  "jobs" : [
    {
      "jobname" : "randwrite",
      "groupid" : 0,
      "error" : 0,
      "eta" : 0,
      "elapsed" : 4,
      "job options" : {
        "rw" : "randrw"
      },
      "read" : {
        "io_bytes" : 6451363840,
        "io_kbytes" : 6300160,
        "bw_bytes" : 1676114273,
        "bw" : 1636830,
        "iops" : 6393.868537,
        "runtime" : 3849,
        "total_ios" : 24610,
        "short_ios" : 0,
        "drop_ios" : 0,
        "slat_ns" : {
          "min" : 0,
          "max" : 0,
          "mean" : 0.000000,
          "stddev" : 0.000000,
          "N" : 0
        },
        "clat_ns" : {
          "min" : 21590,
          "max" : 72149,
          "mean" : 30007.270215,
          "stddev" : 3638.435896,
          "N" : 24610,
          "percentile" : {
            "1.000000" : 23680,
            "5.000000" : 24704,
            "10.000000" : 25472,
            "20.000000" : 26496,
            "30.000000" : 27264,
            "40.000000" : 28288,
            "50.000000" : 30080,
            "60.000000" : 31360,
            "70.000000" : 32384,
            "80.000000" : 33536,
            "90.000000" : 34560,
            "95.000000" : 35584,
            "99.000000" : 38656,
            "99.500000" : 39680,
            "99.900000" : 43776,
            "99.950000" : 47872,
            "99.990000" : 64768
          }
        },
        "lat_ns" : {
          "min" : 21620,
          "max" : 72199,
          "mean" : 30035.530435,
          "stddev" : 3641.667826,
          "N" : 24610
        },
        "bw_min" : 1563136,
        "bw_max" : 1685504,
        "bw_agg" : 100.000000,
        "bw_mean" : 1639058.285714,
        "bw_dev" : 43117.285187,
        "bw_samples" : 7,
        "iops_min" : 6106,
        "iops_max" : 6584,
        "iops_mean" : 6402.571429,
        "iops_stddev" : 168.426895,
        "iops_samples" : 7
      },
      "write" : {
        "io_bytes" : 6433538048,
        "io_kbytes" : 6282752,
        "bw_bytes" : 1671482995,
        "bw" : 1632307,
        "iops" : 6376.201611,
        "runtime" : 3849,
        "total_ios" : 24542,
        "short_ios" : 0,
        "drop_ios" : 0,
        "slat_ns" : {
          "min" : 0,
          "max" : 0,
          "mean" : 0.000000,
          "stddev" : 0.000000,
          "N" : 0
        },
        "clat_ns" : {
          "min" : 117828,
          "max" : 205457,
          "mean" : 120955.207359,
          "stddev" : 1891.166535,
          "N" : 24542,
          "percentile" : {
            "1.000000" : 118272,
            "5.000000" : 119296,
            "10.000000" : 119296,
            "20.000000" : 120320,
            "30.000000" : 120320,
            "40.000000" : 120320,
            "50.000000" : 120320,
            "60.000000" : 121344,
            "70.000000" : 121344,
            "80.000000" : 121344,
            "90.000000" : 122368,
            "95.000000" : 123392,
            "99.000000" : 126464,
            "99.500000" : 127488,
            "99.900000" : 144384,
            "99.950000" : 144384,
            "99.990000" : 162816
          }
        },
        "lat_ns" : {
          "min" : 120319,
          "max" : 210067,
          "mean" : 125997.526770,
          "stddev" : 2248.997827,
          "N" : 24542
        },
        "bw_min" : 1624064,
        "bw_max" : 1639424,
        "bw_agg" : 100.000000,
        "bw_mean" : 1632694.857143,
        "bw_dev" : 5493.997556,
        "bw_samples" : 7,
        "iops_min" : 6344,
        "iops_max" : 6404,
        "iops_mean" : 6377.714286,
        "iops_stddev" : 21.460928,
        "iops_samples" : 7
      },
      "trim" : {
        "io_bytes" : 0,
        "io_kbytes" : 0,
        "bw_bytes" : 0,
        "bw" : 0,
        "iops" : 0.000000,
        "runtime" : 0,
        "total_ios" : 0,
        "short_ios" : 0,
        "drop_ios" : 0,
        "slat_ns" : {
          "min" : 0,
          "max" : 0,
          "mean" : 0.000000,
          "stddev" : 0.000000,
          "N" : 0
        },
        "clat_ns" : {
          "min" : 0,
          "max" : 0,
          "mean" : 0.000000,
          "stddev" : 0.000000,
          "N" : 0
        },
        "lat_ns" : {
          "min" : 0,
          "max" : 0,
          "mean" : 0.000000,
          "stddev" : 0.000000,
          "N" : 0
        },
        "bw_min" : 0,
        "bw_max" : 0,
        "bw_agg" : 0.000000,
        "bw_mean" : 0.000000,
        "bw_dev" : 0.000000,
        "bw_samples" : 0,
        "iops_min" : 0,
        "iops_max" : 0,
        "iops_mean" : 0.000000,
        "iops_stddev" : 0.000000,
        "iops_samples" : 0
      },
      "sync" : {
        "total_ios" : 0,
        "lat_ns" : {
          "min" : 0,
          "max" : 0,
          "mean" : 0.000000,
          "stddev" : 0.000000,
          "N" : 0
        }
      },
      "job_runtime" : 3848,
      "usr_cpu" : 4.002079,
      "sys_cpu" : 14.449064,
      "ctx" : 49172,
      "majf" : 0,
      "minf" : 0,
      "iodepth_level" : {
        "1" : 100.000000,
        "2" : 0.000000,
        "4" : 0.000000,
        "8" : 0.000000,
        "16" : 0.000000,
        "32" : 0.000000,
        ">=64" : 0.000000
      },
      "iodepth_submit" : {
        "0" : 0.000000,
        "4" : 100.000000,
        "8" : 0.000000,
        "16" : 0.000000,
        "32" : 0.000000,
        "64" : 0.000000,
        ">=64" : 0.000000
      },
      "iodepth_complete" : {
        "0" : 0.000000,
        "4" : 100.000000,
        "8" : 0.000000,
        "16" : 0.000000,
        "32" : 0.000000,
        "64" : 0.000000,
        ">=64" : 0.000000
      },
      "latency_ns" : {
        "2" : 0.000000,
        "4" : 0.000000,
        "10" : 0.000000,
        "20" : 0.000000,
        "50" : 0.000000,
        "100" : 0.000000,
        "250" : 0.000000,
        "500" : 0.000000,
        "750" : 0.000000,
        "1000" : 0.000000
      },
      "latency_us" : {
        "2" : 0.000000,
        "4" : 0.000000,
        "10" : 0.000000,
        "20" : 0.000000,
        "50" : 50.048828,
        "100" : 0.020345,
        "250" : 49.930827,
        "500" : 0.000000,
        "750" : 0.000000,
        "1000" : 0.000000
      },
      "latency_ms" : {
        "2" : 0.000000,
        "4" : 0.000000,
        "10" : 0.000000,
        "20" : 0.000000,
        "50" : 0.000000,
        "100" : 0.000000,
        "250" : 0.000000,
        "500" : 0.000000,
        "750" : 0.000000,
        "1000" : 0.000000,
        "2000" : 0.000000,
        ">=2000" : 0.000000
      },
      "latency_depth" : 1,
      "latency_target" : 0,
      "latency_percentile" : 100.000000,
      "latency_window" : 0
    }
  ],
  "disk_util" : [
    {
      "name" : "nvme3n1",
      "read_ios" : 23435,
      "write_ios" : 23230,
      "read_merges" : 0,
      "write_merges" : 0,
      "read_ticks" : 472,
      "write_ticks" : 2606,
      "in_queue" : 3078,
      "util" : 86.217949
    }
  ]
}
