{
  "fio version" : "fio-3.28",
  "timestamp" : 1744002047,
  "timestamp_ms" : 1744002047053,
  "time" : "Mon Apr  7 14:00:47 2025",
  "global options" : {
    "bs" : "16k",
    "ioengine" : "psync",
    "size" : "12G",
    "numjobs" : "1",
    "iodepth" : "1",
    "group_reporting" : "1",
    "direct" : "1",
    "thread" : "1",
    "filename" : "/dev/nvme3n1"
  },
  "jobs" : [
    {
      "jobname" : "randwrite",
      "groupid" : 0,
      "error" : 0,
      "eta" : 0,
      "elapsed" : 10,
      "job options" : {
        "rw" : "randrw"
      },
      "read" : {
        "io_bytes" : 6446448640,
        "io_kbytes" : 6295360,
        "bw_bytes" : 679002384,
        "bw" : 663088,
        "iops" : 41443.016642,
        "runtime" : 9494,
        "total_ios" : 393460,
        "short_ios" : 0,
        "drop_ios" : 0,
        "slat_ns" : {
          "min" : 0,
          "max" : 0,
          "mean" : 0.000000,
          "stddev" : 0.000000,
          "N" : 0
        },
        "clat_ns" : {
          "min" : 6170,
          "max" : 37509,
          "mean" : 7352.990207,
          "stddev" : 606.468440,
          "N" : 393460,
          "percentile" : {
            "1.000000" : 6496,
            "5.000000" : 6624,
            "10.000000" : 6688,
            "20.000000" : 6816,
            "30.000000" : 6944,
            "40.000000" : 7072,
            "50.000000" : 7264,
            "60.000000" : 7456,
            "70.000000" : 7648,
            "80.000000" : 7840,
            "90.000000" : 8032,
            "95.000000" : 8256,
            "99.000000" : 9152,
            "99.500000" : 9664,
            "99.900000" : 10688,
            "99.950000" : 11584,
            "99.990000" : 19328
          }
        },
        "lat_ns" : {
          "min" : 6190,
          "max" : 37529,
          "mean" : 7373.277484,
          "stddev" : 607.377888,
          "N" : 393460
        },
        "bw_min" : 658208,
        "bw_max" : 670080,
        "bw_agg" : 100.000000,
        "bw_mean" : 663440.000000,
        "bw_dev" : 3724.397148,
        "bw_samples" : 18,
        "iops_min" : 41138,
        "iops_max" : 41880,
        "iops_mean" : 41465.000000,
        "iops_stddev" : 232.774822,
        "iops_samples" : 18
      },
      "write" : {
        "io_bytes" : 6438453248,
        "io_kbytes" : 6287552,
        "bw_bytes" : 678160232,
        "bw" : 662265,
        "iops" : 41391.615757,
        "runtime" : 9494,
        "total_ios" : 392972,
        "short_ios" : 0,
        "drop_ios" : 0,
        "slat_ns" : {
          "min" : 0,
          "max" : 0,
          "mean" : 0.000000,
          "stddev" : 0.000000,
          "N" : 0
        },
        "clat_ns" : {
          "min" : 15499,
          "max" : 46429,
          "mean" : 15990.362158,
          "stddev" : 379.677697,
          "N" : 392972,
          "percentile" : {
            "1.000000" : 15680,
            "5.000000" : 15680,
            "10.000000" : 15808,
            "20.000000" : 15808,
            "30.000000" : 15808,
            "40.000000" : 15936,
            "50.000000" : 15936,
            "60.000000" : 15936,
            "70.000000" : 16064,
            "80.000000" : 16064,
            "90.000000" : 16192,
            "95.000000" : 16320,
            "99.000000" : 17792,
            "99.500000" : 18048,
            "99.900000" : 19072,
            "99.950000" : 20096,
            "99.990000" : 28288
          }
        },
        "lat_ns" : {
          "min" : 15759,
          "max" : 49749,
          "mean" : 16358.816134,
          "stddev" : 397.276340,
          "N" : 392972
        },
        "bw_min" : 657056,
        "bw_max" : 667648,
        "bw_agg" : 100.000000,
        "bw_mean" : 662430.222222,
        "bw_dev" : 3161.375791,
        "bw_samples" : 18,
        "iops_min" : 41066,
        "iops_max" : 41728,
        "iops_mean" : 41401.888889,
        "iops_stddev" : 197.585987,
        "iops_samples" : 18
      },
      "trim" : {
        "io_bytes" : 0,
        "io_kbytes" : 0,
        "bw_bytes" : 0,
        "bw" : 0,
        "iops" : 0.000000,
        "runtime" : 0,
        "total_ios" : 0,
        "short_ios" : 0,
        "drop_ios" : 0,
        "slat_ns" : {
          "min" : 0,
          "max" : 0,
          "mean" : 0.000000,
          "stddev" : 0.000000,
          "N" : 0
        },
        "clat_ns" : {
          "min" : 0,
          "max" : 0,
          "mean" : 0.000000,
          "stddev" : 0.000000,
          "N" : 0
        },
        "lat_ns" : {
          "min" : 0,
          "max" : 0,
          "mean" : 0.000000,
          "stddev" : 0.000000,
          "N" : 0
        },
        "bw_min" : 0,
        "bw_max" : 0,
        "bw_agg" : 0.000000,
        "bw_mean" : 0.000000,
        "bw_dev" : 0.000000,
        "bw_samples" : 0,
        "iops_min" : 0,
        "iops_max" : 0,
        "iops_mean" : 0.000000,
        "iops_stddev" : 0.000000,
        "iops_samples" : 0
      },
      "sync" : {
        "total_ios" : 0,
        "lat_ns" : {
          "min" : 0,
          "max" : 0,
          "mean" : 0.000000,
          "stddev" : 0.000000,
          "N" : 0
        }
      },
      "job_runtime" : 9493,
      "usr_cpu" : 5.772675,
      "sys_cpu" : 30.485621,
      "ctx" : 786453,
      "majf" : 0,
      "minf" : 0,
      "iodepth_level" : {
        "1" : 100.000000,
        "2" : 0.000000,
        "4" : 0.000000,
        "8" : 0.000000,
        "16" : 0.000000,
        "32" : 0.000000,
        ">=64" : 0.000000
      },
      "iodepth_submit" : {
        "0" : 0.000000,
        "4" : 100.000000,
        "8" : 0.000000,
        "16" : 0.000000,
        "32" : 0.000000,
        "64" : 0.000000,
        ">=64" : 0.000000
      },
      "iodepth_complete" : {
        "0" : 0.000000,
        "4" : 100.000000,
        "8" : 0.000000,
        "16" : 0.000000,
        "32" : 0.000000,
        "64" : 0.000000,
        ">=64" : 0.000000
      },
      "latency_ns" : {
        "2" : 0.000000,
        "4" : 0.000000,
        "10" : 0.000000,
        "20" : 0.000000,
        "50" : 0.000000,
        "100" : 0.000000,
        "250" : 0.000000,
        "500" : 0.000000,
        "750" : 0.000000,
        "1000" : 0.000000
      },
      "latency_us" : {
        "2" : 0.000000,
        "4" : 0.000000,
        "10" : 49.890518,
        "20" : 50.080236,
        "50" : 0.029246,
        "100" : 0.000000,
        "250" : 0.000000,
        "500" : 0.000000,
        "750" : 0.000000,
        "1000" : 0.000000
      },
      "latency_ms" : {
        "2" : 0.000000,
        "4" : 0.000000,
        "10" : 0.000000,
        "20" : 0.000000,
        "50" : 0.000000,
        "100" : 0.000000,
        "250" : 0.000000,
        "500" : 0.000000,
        "750" : 0.000000,
        "1000" : 0.000000,
        "2000" : 0.000000,
        ">=2000" : 0.000000
      },
      "latency_depth" : 1,
      "latency_target" : 0,
      "latency_percentile" : 100.000000,
      "latency_window" : 0
    }
  ],
  "disk_util" : [
    {
      "name" : "nvme3n1",
      "read_ios" : 389479,
      "write_ios" : 388884,
      "read_merges" : 0,
      "write_merges" : 0,
      "read_ticks" : 1556,
      "write_ticks" : 4935,
      "in_queue" : 6492,
      "util" : 71.926683
    }
  ]
}
