{
  "fio version" : "fio-3.28",
  "timestamp" : 1744001884,
  "timestamp_ms" : 1744001884557,
  "time" : "Mon Apr  7 13:58:04 2025",
  "global options" : {
    "bs" : "64k",
    "ioengine" : "io_uring",
    "size" : "12G",
    "numjobs" : "4",
    "iodepth" : "16",
    "group_reporting" : "1",
    "direct" : "1",
    "thread" : "1",
    "filename" : "/dev/nvme3n1"
  },
  "jobs" : [
    {
      "jobname" : "randwrite",
      "groupid" : 0,
      "error" : 0,
      "eta" : 0,
      "elapsed" : 23,
      "job options" : {
        "rw" : "randwrite"
      },
      "read" : {
        "io_bytes" : 0,
        "io_kbytes" : 0,
        "bw_bytes" : 0,
        "bw" : 0,
        "iops" : 0.000000,
        "runtime" : 0,
        "total_ios" : 0,
        "short_ios" : 0,
        "drop_ios" : 0,
        "slat_ns" : {
          "min" : 0,
          "max" : 0,
          "mean" : 0.000000,
          "stddev" : 0.000000,
          "N" : 0
        },
        "clat_ns" : {
          "min" : 0,
          "max" : 0,
          "mean" : 0.000000,
          "stddev" : 0.000000,
          "N" : 0
        },
        "lat_ns" : {
          "min" : 0,
          "max" : 0,
          "mean" : 0.000000,
          "stddev" : 0.000000,
          "N" : 0
        },
        "bw_min" : 0,
        "bw_max" : 0,
        "bw_agg" : 0.000000,
        "bw_mean" : 0.000000,
        "bw_dev" : 0.000000,
        "bw_samples" : 0,
        "iops_min" : 0,
        "iops_max" : 0,
        "iops_mean" : 0.000000,
        "iops_stddev" : 0.000000,
        "iops_samples" : 0
      },
      "write" : {
        "io_bytes" : 51539607552,
        "io_kbytes" : 50331648,
        "bw_bytes" : 2344521109,
        "bw" : 2289571,
        "iops" : 35774.553064,
        "runtime" : 21983,
        "total_ios" : 786432,
        "short_ios" : 0,
        "drop_ios" : 0,
        "slat_ns" : {
          "min" : 3010,
          "max" : 43500,
          "mean" : 5034.574223,
          "stddev" : 935.523994,
          "N" : 786432
        },
        "clat_ns" : {
          "min" : 40359,
          "max" : 12294419,
          "mean" : 1777289.970656,
          "stddev" : 1104002.623911,
          "N" : 786432,
          "percentile" : {
            "1.000000" : 399360,
            "5.000000" : 464896,
            "10.000000" : 651264,
            "20.000000" : 880640,
            "30.000000" : 1089536,
            "40.000000" : 1318912,
            "50.000000" : 1548288,
            "60.000000" : 1794048,
            "70.000000" : 2146304,
            "80.000000" : 2506752,
            "90.000000" : 3260416,
            "95.000000" : 3883008,
            "99.000000" : 5406720,
            "99.500000" : 6062080,
            "99.900000" : 7569408,
            "99.950000" : 8224768,
            "99.990000" : 9109504
          }
        },
        "lat_ns" : {
          "min" : 51249,
          "max" : 12299149,
          "mean" : 1782391.353099,
          "stddev" : 1104001.282343,
          "N" : 786432
        },
        "bw_min" : 1967744,
        "bw_max" : 2645248,
        "bw_agg" : 100.000000,
        "bw_mean" : 2290250.418605,
        "bw_dev" : 36458.479949,
        "bw_samples" : 172,
        "iops_min" : 30746,
        "iops_max" : 41332,
        "iops_mean" : 35785.162791,
        "iops_stddev" : 569.663749,
        "iops_samples" : 172
      },
      "trim" : {
        "io_bytes" : 0,
        "io_kbytes" : 0,
        "bw_bytes" : 0,
        "bw" : 0,
        "iops" : 0.000000,
        "runtime" : 0,
        "total_ios" : 0,
        "short_ios" : 0,
        "drop_ios" : 0,
        "slat_ns" : {
          "min" : 0,
          "max" : 0,
          "mean" : 0.000000,
          "stddev" : 0.000000,
          "N" : 0
        },
        "clat_ns" : {
          "min" : 0,
          "max" : 0,
          "mean" : 0.000000,
          "stddev" : 0.000000,
          "N" : 0
        },
        "lat_ns" : {
          "min" : 0,
          "max" : 0,
          "mean" : 0.000000,
          "stddev" : 0.000000,
          "N" : 0
        },
        "bw_min" : 0,
        "bw_max" : 0,
        "bw_agg" : 0.000000,
        "bw_mean" : 0.000000,
        "bw_dev" : 0.000000,
        "bw_samples" : 0,
        "iops_min" : 0,
        "iops_max" : 0,
        "iops_mean" : 0.000000,
        "iops_stddev" : 0.000000,
        "iops_samples" : 0
      },
      "sync" : {
        "total_ios" : 0,
        "lat_ns" : {
          "min" : 0,
          "max" : 0,
          "mean" : 0.000000,
          "stddev" : 0.000000,
          "N" : 0
        }
      },
      "job_runtime" : 87621,
      "usr_cpu" : 2.541628,
      "sys_cpu" : 4.290067,
      "ctx" : 339408,
      "majf" : 0,
      "minf" : 0,
      "iodepth_level" : {
        "1" : 0.100000,
        "2" : 0.100000,
        "4" : 0.100000,
        "8" : 0.100000,
        "16" : 99.992371,
        "32" : 0.000000,
        ">=64" : 0.000000
      },
      "iodepth_submit" : {
        "0" : 0.000000,
        "4" : 100.000000,
        "8" : 0.000000,
        "16" : 0.000000,
        "32" : 0.000000,
        "64" : 0.000000,
        ">=64" : 0.000000
      },
      "iodepth_complete" : {
        "0" : 0.000000,
        "4" : 99.999491,
        "8" : 0.000000,
        "16" : 0.100000,
        "32" : 0.000000,
        "64" : 0.000000,
        ">=64" : 0.000000
      },
      "latency_ns" : {
        "2" : 0.000000,
        "4" : 0.000000,
        "10" : 0.000000,
        "20" : 0.000000,
        "50" : 0.000000,
        "100" : 0.000000,
        "250" : 0.000000,
        "500" : 0.000000,
        "750" : 0.000000,
        "1000" : 0.000000
      },
      "latency_us" : {
        "2" : 0.000000,
        "4" : 0.000000,
        "10" : 0.000000,
        "20" : 0.000000,
        "50" : 0.010000,
        "100" : 0.010000,
        "250" : 0.146739,
        "500" : 6.091309,
        "750" : 9.758504,
        "1000" : 10.831579
      },
      "latency_ms" : {
        "2" : 39.025243,
        "4" : 29.480743,
        "10" : 4.655584,
        "20" : 0.010000,
        "50" : 0.000000,
        "100" : 0.000000,
        "250" : 0.000000,
        "500" : 0.000000,
        "750" : 0.000000,
        "1000" : 0.000000,
        "2000" : 0.000000,
        ">=2000" : 0.000000
      },
      "latency_depth" : 16,
      "latency_target" : 0,
      "latency_percentile" : 100.000000,
      "latency_window" : 0
    }
  ],
  "disk_util" : [
    {
      "name" : "nvme3n1",
      "read_ios" : 89,
      "write_ios" : 783284,
      "read_merges" : 0,
      "write_merges" : 0,
      "read_ticks" : 80,
      "write_ticks" : 1384334,
      "in_queue" : 1384415,
      "util" : 99.558910
    }
  ]
}
