{
  "fio version" : "fio-3.28",
  "timestamp" : 1744002072,
  "timestamp_ms" : 1744002072009,
  "time" : "Mon Apr  7 14:01:12 2025",
  "global options" : {
    "bs" : "32k",
    "ioengine" : "psync",
    "size" : "12G",
    "numjobs" : "1",
    "iodepth" : "1",
    "group_reporting" : "1",
    "direct" : "1",
    "thread" : "1",
    "filename" : "/dev/nvme3n1"
  },
  "jobs" : [
    {
      "jobname" : "randwrite",
      "groupid" : 0,
      "error" : 0,
      "eta" : 0,
      "elapsed" : 7,
      "job options" : {
        "rw" : "randrw"
      },
      "read" : {
        "io_bytes" : 6445662208,
        "io_kbytes" : 6294592,
        "bw_bytes" : 1000102747,
        "bw" : 976662,
        "iops" : 30520.713732,
        "runtime" : 6445,
        "total_ios" : 196706,
        "short_ios" : 0,
        "drop_ios" : 0,
        "slat_ns" : {
          "min" : 0,
          "max" : 0,
          "mean" : 0.000000,
          "stddev" : 0.000000,
          "N" : 0
        },
        "clat_ns" : {
          "min" : 7109,
          "max" : 40189,
          "mean" : 8675.396099,
          "stddev" : 643.519137,
          "N" : 196706,
          "percentile" : {
            "1.000000" : 7648,
            "5.000000" : 7840,
            "10.000000" : 7968,
            "20.000000" : 8160,
            "30.000000" : 8256,
            "40.000000" : 8512,
            "50.000000" : 8640,
            "60.000000" : 8768,
            "70.000000" : 8896,
            "80.000000" : 9152,
            "90.000000" : 9408,
            "95.000000" : 9664,
            "99.000000" : 10432,
            "99.500000" : 10944,
            "99.900000" : 11968,
            "99.950000" : 12608,
            "99.990000" : 19840
          }
        },
        "lat_ns" : {
          "min" : 7139,
          "max" : 40209,
          "mean" : 8697.239489,
          "stddev" : 644.726274,
          "N" : 196706
        },
        "bw_min" : 965184,
        "bw_max" : 994688,
        "bw_agg" : 100.000000,
        "bw_mean" : 977133.250000,
        "bw_dev" : 9740.748554,
        "bw_samples" : 12,
        "iops_min" : 30162,
        "iops_max" : 31084,
        "iops_mean" : 30535.333333,
        "iops_stddev" : 304.404436,
        "iops_samples" : 12
      },
      "write" : {
        "io_bytes" : 6439239680,
        "io_kbytes" : 6288320,
        "bw_bytes" : 999106234,
        "bw" : 975689,
        "iops" : 30490.302560,
        "runtime" : 6445,
        "total_ios" : 196510,
        "short_ios" : 0,
        "drop_ios" : 0,
        "slat_ns" : {
          "min" : 0,
          "max" : 0,
          "mean" : 0.000000,
          "stddev" : 0.000000,
          "N" : 0
        },
        "clat_ns" : {
          "min" : 22449,
          "max" : 44269,
          "mean" : 23047.942975,
          "stddev" : 365.468706,
          "N" : 196510,
          "percentile" : {
            "1.000000" : 22656,
            "5.000000" : 22656,
            "10.000000" : 22656,
            "20.000000" : 22912,
            "30.000000" : 22912,
            "40.000000" : 22912,
            "50.000000" : 22912,
            "60.000000" : 23168,
            "70.000000" : 23168,
            "80.000000" : 23168,
            "90.000000" : 23424,
            "95.000000" : 23424,
            "99.000000" : 24448,
            "99.500000" : 24960,
            "99.900000" : 25728,
            "99.950000" : 26240,
            "99.990000" : 32384
          }
        },
        "lat_ns" : {
          "min" : 22789,
          "max" : 53699,
          "mean" : 23667.099878,
          "stddev" : 394.579058,
          "N" : 196510
        },
        "bw_min" : 970304,
        "bw_max" : 982464,
        "bw_agg" : 99.998700,
        "bw_mean" : 975677.583333,
        "bw_dev" : 3129.659681,
        "bw_samples" : 12,
        "iops_min" : 30322,
        "iops_max" : 30702,
        "iops_mean" : 30489.916667,
        "iops_stddev" : 97.805427,
        "iops_samples" : 12
      },
      "trim" : {
        "io_bytes" : 0,
        "io_kbytes" : 0,
        "bw_bytes" : 0,
        "bw" : 0,
        "iops" : 0.000000,
        "runtime" : 0,
        "total_ios" : 0,
        "short_ios" : 0,
        "drop_ios" : 0,
        "slat_ns" : {
          "min" : 0,
          "max" : 0,
          "mean" : 0.000000,
          "stddev" : 0.000000,
          "N" : 0
        },
        "clat_ns" : {
          "min" : 0,
          "max" : 0,
          "mean" : 0.000000,
          "stddev" : 0.000000,
          "N" : 0
        },
        "lat_ns" : {
          "min" : 0,
          "max" : 0,
          "mean" : 0.000000,
          "stddev" : 0.000000,
          "N" : 0
        },
        "bw_min" : 0,
        "bw_max" : 0,
        "bw_agg" : 0.000000,
        "bw_mean" : 0.000000,
        "bw_dev" : 0.000000,
        "bw_samples" : 0,
        "iops_min" : 0,
        "iops_max" : 0,
        "iops_mean" : 0.000000,
        "iops_stddev" : 0.000000,
        "iops_samples" : 0
      },
      "sync" : {
        "total_ios" : 0,
        "lat_ns" : {
          "min" : 0,
          "max" : 0,
          "mean" : 0.000000,
          "stddev" : 0.000000,
          "N" : 0
        }
      },
      "job_runtime" : 6444,
      "usr_cpu" : 5.803849,
      "sys_cpu" : 24.115456,
      "ctx" : 393226,
      "majf" : 0,
      "minf" : 0,
      "iodepth_level" : {
        "1" : 100.000000,
        "2" : 0.000000,
        "4" : 0.000000,
        "8" : 0.000000,
        "16" : 0.000000,
        "32" : 0.000000,
        ">=64" : 0.000000
      },
      "iodepth_submit" : {
        "0" : 0.000000,
        "4" : 100.000000,
        "8" : 0.000000,
        "16" : 0.000000,
        "32" : 0.000000,
        "64" : 0.000000,
        ">=64" : 0.000000
      },
      "iodepth_complete" : {
        "0" : 0.000000,
        "4" : 100.000000,
        "8" : 0.000000,
        "16" : 0.000000,
        "32" : 0.000000,
        "64" : 0.000000,
        ">=64" : 0.000000
      },
      "latency_ns" : {
        "2" : 0.000000,
        "4" : 0.000000,
        "10" : 0.000000,
        "20" : 0.000000,
        "50" : 0.000000,
        "100" : 0.000000,
        "250" : 0.000000,
        "500" : 0.000000,
        "750" : 0.000000,
        "1000" : 0.000000
      },
      "latency_us" : {
        "2" : 0.000000,
        "4" : 0.000000,
        "10" : 48.875936,
        "20" : 1.144918,
        "50" : 49.979146,
        "100" : 0.000000,
        "250" : 0.000000,
        "500" : 0.000000,
        "750" : 0.000000,
        "1000" : 0.000000
      },
      "latency_ms" : {
        "2" : 0.000000,
        "4" : 0.000000,
        "10" : 0.000000,
        "20" : 0.000000,
        "50" : 0.000000,
        "100" : 0.000000,
        "250" : 0.000000,
        "500" : 0.000000,
        "750" : 0.000000,
        "1000" : 0.000000,
        "2000" : 0.000000,
        ">=2000" : 0.000000
      },
      "latency_depth" : 1,
      "latency_target" : 0,
      "latency_percentile" : 100.000000,
      "latency_window" : 0
    }
  ],
  "disk_util" : [
    {
      "name" : "nvme3n1",
      "read_ios" : 195240,
      "write_ios" : 195001,
      "read_merges" : 0,
      "write_merges" : 0,
      "read_ticks" : 974,
      "write_ticks" : 3794,
      "in_queue" : 4768,
      "util" : 78.349245
    }
  ]
}
