{
  "fio version" : "fio-3.28",
  "timestamp" : 1744002016,
  "timestamp_ms" : 1744002016865,
  "time" : "Mon Apr  7 14:00:16 2025",
  "global options" : {
    "bs" : "8k",
    "ioengine" : "psync",
    "size" : "12G",
    "numjobs" : "1",
    "iodepth" : "1",
    "group_reporting" : "1",
    "direct" : "1",
    "thread" : "1",
    "filename" : "/dev/nvme3n1"
  },
  "jobs" : [
    {
      "jobname" : "randwrite",
      "groupid" : 0,
      "error" : 0,
      "eta" : 0,
      "elapsed" : 16,
      "job options" : {
        "rw" : "randrw"
      },
      "read" : {
        "io_bytes" : 6447620096,
        "io_kbytes" : 6296504,
        "bw_bytes" : 421716272,
        "bw" : 411832,
        "iops" : 51479.037216,
        "runtime" : 15289,
        "total_ios" : 787063,
        "short_ios" : 0,
        "drop_ios" : 0,
        "slat_ns" : {
          "min" : 0,
          "max" : 0,
          "mean" : 0.000000,
          "stddev" : 0.000000,
          "N" : 0
        },
        "clat_ns" : {
          "min" : 4650,
          "max" : 39199,
          "mean" : 6404.562979,
          "stddev" : 463.841101,
          "N" : 787063,
          "percentile" : {
            "1.000000" : 5792,
            "5.000000" : 5856,
            "10.000000" : 5920,
            "20.000000" : 6048,
            "30.000000" : 6112,
            "40.000000" : 6240,
            "50.000000" : 6368,
            "60.000000" : 6496,
            "70.000000" : 6560,
            "80.000000" : 6688,
            "90.000000" : 6880,
            "95.000000" : 7008,
            "99.000000" : 8032,
            "99.500000" : 8512,
            "99.900000" : 9408,
            "99.950000" : 10176,
            "99.990000" : 16768
          }
        },
        "lat_ns" : {
          "min" : 4670,
          "max" : 39219,
          "mean" : 6425.045196,
          "stddev" : 464.740480,
          "N" : 787063
        },
        "bw_min" : 406416,
        "bw_max" : 417856,
        "bw_agg" : 100.000000,
        "bw_mean" : 411964.800000,
        "bw_dev" : 2647.499150,
        "bw_samples" : 30,
        "iops_min" : 50802,
        "iops_max" : 52232,
        "iops_mean" : 51495.600000,
        "iops_stddev" : 330.937394,
        "iops_samples" : 30
      },
      "write" : {
        "io_bytes" : 6437281792,
        "io_kbytes" : 6286408,
        "bw_bytes" : 421040080,
        "bw" : 411171,
        "iops" : 51396.494212,
        "runtime" : 15289,
        "total_ios" : 785801,
        "short_ios" : 0,
        "drop_ios" : 0,
        "slat_ns" : {
          "min" : 0,
          "max" : 0,
          "mean" : 0.000000,
          "stddev" : 0.000000,
          "N" : 0
        },
        "clat_ns" : {
          "min" : 11909,
          "max" : 43589,
          "mean" : 12411.212410,
          "stddev" : 352.092004,
          "N" : 785801,
          "percentile" : {
            "1.000000" : 12096,
            "5.000000" : 12096,
            "10.000000" : 12224,
            "20.000000" : 12224,
            "30.000000" : 12352,
            "40.000000" : 12352,
            "50.000000" : 12352,
            "60.000000" : 12352,
            "70.000000" : 12480,
            "80.000000" : 12480,
            "90.000000" : 12608,
            "95.000000" : 12736,
            "99.000000" : 13760,
            "99.500000" : 14400,
            "99.900000" : 15296,
            "99.950000" : 15936,
            "99.990000" : 23168
          }
        },
        "lat_ns" : {
          "min" : 11999,
          "max" : 43799,
          "mean" : 12598.521683,
          "stddev" : 357.732186,
          "N" : 785801
        },
        "bw_min" : 406496,
        "bw_max" : 415040,
        "bw_agg" : 100.000000,
        "bw_mean" : 411236.800000,
        "bw_dev" : 1977.127809,
        "bw_samples" : 30,
        "iops_min" : 50812,
        "iops_max" : 51880,
        "iops_mean" : 51404.600000,
        "iops_stddev" : 247.071761,
        "iops_samples" : 30
      },
      "trim" : {
        "io_bytes" : 0,
        "io_kbytes" : 0,
        "bw_bytes" : 0,
        "bw" : 0,
        "iops" : 0.000000,
        "runtime" : 0,
        "total_ios" : 0,
        "short_ios" : 0,
        "drop_ios" : 0,
        "slat_ns" : {
          "min" : 0,
          "max" : 0,
          "mean" : 0.000000,
          "stddev" : 0.000000,
          "N" : 0
        },
        "clat_ns" : {
          "min" : 0,
          "max" : 0,
          "mean" : 0.000000,
          "stddev" : 0.000000,
          "N" : 0
        },
        "lat_ns" : {
          "min" : 0,
          "max" : 0,
          "mean" : 0.000000,
          "stddev" : 0.000000,
          "N" : 0
        },
        "bw_min" : 0,
        "bw_max" : 0,
        "bw_agg" : 0.000000,
        "bw_mean" : 0.000000,
        "bw_dev" : 0.000000,
        "bw_samples" : 0,
        "iops_min" : 0,
        "iops_max" : 0,
        "iops_mean" : 0.000000,
        "iops_stddev" : 0.000000,
        "iops_samples" : 0
      },
      "sync" : {
        "total_ios" : 0,
        "lat_ns" : {
          "min" : 0,
          "max" : 0,
          "mean" : 0.000000,
          "stddev" : 0.000000,
          "N" : 0
        }
      },
      "job_runtime" : 15288,
      "usr_cpu" : 7.312925,
      "sys_cpu" : 34.360283,
      "ctx" : 1572880,
      "majf" : 0,
      "minf" : 0,
      "iodepth_level" : {
        "1" : 100.000000,
        "2" : 0.000000,
        "4" : 0.000000,
        "8" : 0.000000,
        "16" : 0.000000,
        "32" : 0.000000,
        ">=64" : 0.000000
      },
      "iodepth_submit" : {
        "0" : 0.000000,
        "4" : 100.000000,
        "8" : 0.000000,
        "16" : 0.000000,
        "32" : 0.000000,
        "64" : 0.000000,
        ">=64" : 0.000000
      },
      "iodepth_complete" : {
        "0" : 0.000000,
        "4" : 100.000000,
        "8" : 0.000000,
        "16" : 0.000000,
        "32" : 0.000000,
        "64" : 0.000000,
        ">=64" : 0.000000
      },
      "latency_ns" : {
        "2" : 0.000000,
        "4" : 0.000000,
        "10" : 0.000000,
        "20" : 0.000000,
        "50" : 0.000000,
        "100" : 0.000000,
        "250" : 0.000000,
        "500" : 0.000000,
        "750" : 0.000000,
        "1000" : 0.000000
      },
      "latency_us" : {
        "2" : 0.000000,
        "4" : 0.000000,
        "10" : 50.011190,
        "20" : 49.976349,
        "50" : 0.012461,
        "100" : 0.000000,
        "250" : 0.000000,
        "500" : 0.000000,
        "750" : 0.000000,
        "1000" : 0.000000
      },
      "latency_ms" : {
        "2" : 0.000000,
        "4" : 0.000000,
        "10" : 0.000000,
        "20" : 0.000000,
        "50" : 0.000000,
        "100" : 0.000000,
        "250" : 0.000000,
        "500" : 0.000000,
        "750" : 0.000000,
        "1000" : 0.000000,
        "2000" : 0.000000,
        ">=2000" : 0.000000
      },
      "latency_depth" : 1,
      "latency_target" : 0,
      "latency_percentile" : 100.000000,
      "latency_window" : 0
    }
  ],
  "disk_util" : [
    {
      "name" : "nvme3n1",
      "read_ios" : 779791,
      "write_ios" : 778359,
      "read_merges" : 0,
      "write_merges" : 0,
      "read_ticks" : 2495,
      "write_ticks" : 7176,
      "in_queue" : 9671,
      "util" : 67.235271
    }
  ]
}
