{
  "fio version" : "fio-3.28",
  "timestamp" : 1743438366,
  "timestamp_ms" : 1743438366347,
  "time" : "Tue Apr  1 01:26:06 2025",
  "global options" : {
    "bs" : "16k",
    "ioengine" : "psync",
    "size" : "12G",
    "numjobs" : "1",
    "iodepth" : "1",
    "group_reporting" : "1",
    "direct" : "1",
    "thread" : "1",
    "filename" : "/dev/nvme3n1"
  },
  "jobs" : [
    {
      "jobname" : "seqwrite",
      "groupid" : 0,
      "error" : 0,
      "eta" : 0,
      "elapsed" : 22,
      "job options" : {
        "rw" : "rw"
      },
      "read" : {
        "io_bytes" : 6446448640,
        "io_kbytes" : 6295360,
        "bw_bytes" : 308280265,
        "bw" : 301054,
        "iops" : 18815.934197,
        "runtime" : 20911,
        "total_ios" : 393460,
        "short_ios" : 0,
        "drop_ios" : 0,
        "slat_ns" : {
          "min" : 0,
          "max" : 0,
          "mean" : 0.000000,
          "stddev" : 0.000000,
          "N" : 0
        },
        "clat_ns" : {
          "min" : 4920,
          "max" : 887027,
          "mean" : 36061.925832,
          "stddev" : 45301.135017,
          "N" : 393460,
          "percentile" : {
            "1.000000" : 6368,
            "5.000000" : 6496,
            "10.000000" : 6560,
            "20.000000" : 6688,
            "30.000000" : 6944,
            "40.000000" : 7264,
            "50.000000" : 7520,
            "60.000000" : 7776,
            "70.000000" : 90624,
            "80.000000" : 91648,
            "90.000000" : 102912,
            "95.000000" : 103936,
            "99.000000" : 142336,
            "99.500000" : 228352,
            "99.900000" : 240640,
            "99.950000" : 240640,
            "99.990000" : 240640
          }
        },
        "lat_ns" : {
          "min" : 4950,
          "max" : 887057,
          "mean" : 36089.438594,
          "stddev" : 45304.657510,
          "N" : 393460
        },
        "bw_min" : 131872,
        "bw_max" : 678496,
        "bw_agg" : 97.641644,
        "bw_mean" : 293955.902439,
        "bw_dev" : 221009.613569,
        "bw_samples" : 41,
        "iops_min" : 8242,
        "iops_max" : 42406,
        "iops_mean" : 18372.243902,
        "iops_stddev" : 13813.100848,
        "iops_samples" : 41
      },
      "write" : {
        "io_bytes" : 6438453248,
        "io_kbytes" : 6287552,
        "bw_bytes" : 307897912,
        "bw" : 300681,
        "iops" : 18792.597198,
        "runtime" : 20911,
        "total_ios" : 392972,
        "short_ios" : 0,
        "drop_ios" : 0,
        "slat_ns" : {
          "min" : 0,
          "max" : 0,
          "mean" : 0.000000,
          "stddev" : 0.000000,
          "N" : 0
        },
        "clat_ns" : {
          "min" : 15510,
          "max" : 258679,
          "mean" : 16352.374826,
          "stddev" : 861.699743,
          "N" : 392972,
          "percentile" : {
            "1.000000" : 15680,
            "5.000000" : 15808,
            "10.000000" : 15808,
            "20.000000" : 15936,
            "30.000000" : 15936,
            "40.000000" : 16064,
            "50.000000" : 16064,
            "60.000000" : 16192,
            "70.000000" : 16512,
            "80.000000" : 16768,
            "90.000000" : 17280,
            "95.000000" : 17536,
            "99.000000" : 18304,
            "99.500000" : 18816,
            "99.900000" : 22144,
            "99.950000" : 24704,
            "99.990000" : 33536
          }
        },
        "lat_ns" : {
          "min" : 15730,
          "max" : 258869,
          "mean" : 16673.056940,
          "stddev" : 873.489483,
          "N" : 392972
        },
        "bw_min" : 130816,
        "bw_max" : 673856,
        "bw_agg" : 97.589957,
        "bw_mean" : 293435.317073,
        "bw_dev" : 220046.403899,
        "bw_samples" : 41,
        "iops_min" : 8176,
        "iops_max" : 42116,
        "iops_mean" : 18339.707317,
        "iops_stddev" : 13752.900244,
        "iops_samples" : 41
      },
      "trim" : {
        "io_bytes" : 0,
        "io_kbytes" : 0,
        "bw_bytes" : 0,
        "bw" : 0,
        "iops" : 0.000000,
        "runtime" : 0,
        "total_ios" : 0,
        "short_ios" : 0,
        "drop_ios" : 0,
        "slat_ns" : {
          "min" : 0,
          "max" : 0,
          "mean" : 0.000000,
          "stddev" : 0.000000,
          "N" : 0
        },
        "clat_ns" : {
          "min" : 0,
          "max" : 0,
          "mean" : 0.000000,
          "stddev" : 0.000000,
          "N" : 0
        },
        "lat_ns" : {
          "min" : 0,
          "max" : 0,
          "mean" : 0.000000,
          "stddev" : 0.000000,
          "N" : 0
        },
        "bw_min" : 0,
        "bw_max" : 0,
        "bw_agg" : 0.000000,
        "bw_mean" : 0.000000,
        "bw_dev" : 0.000000,
        "bw_samples" : 0,
        "iops_min" : 0,
        "iops_max" : 0,
        "iops_mean" : 0.000000,
        "iops_stddev" : 0.000000,
        "iops_samples" : 0
      },
      "sync" : {
        "total_ios" : 0,
        "lat_ns" : {
          "min" : 0,
          "max" : 0,
          "mean" : 0.000000,
          "stddev" : 0.000000,
          "N" : 0
        }
      },
      "job_runtime" : 20910,
      "usr_cpu" : 2.415112,
      "sys_cpu" : 14.968914,
      "ctx" : 786479,
      "majf" : 0,
      "minf" : 0,
      "iodepth_level" : {
        "1" : 100.000000,
        "2" : 0.000000,
        "4" : 0.000000,
        "8" : 0.000000,
        "16" : 0.000000,
        "32" : 0.000000,
        ">=64" : 0.000000
      },
      "iodepth_submit" : {
        "0" : 0.000000,
        "4" : 100.000000,
        "8" : 0.000000,
        "16" : 0.000000,
        "32" : 0.000000,
        "64" : 0.000000,
        ">=64" : 0.000000
      },
      "iodepth_complete" : {
        "0" : 0.000000,
        "4" : 100.000000,
        "8" : 0.000000,
        "16" : 0.000000,
        "32" : 0.000000,
        "64" : 0.000000,
        ">=64" : 0.000000
      },
      "latency_ns" : {
        "2" : 0.000000,
        "4" : 0.000000,
        "10" : 0.000000,
        "20" : 0.000000,
        "50" : 0.000000,
        "100" : 0.000000,
        "250" : 0.000000,
        "500" : 0.000000,
        "750" : 0.000000,
        "1000" : 0.000000
      },
      "latency_us" : {
        "2" : 0.000000,
        "4" : 0.000000,
        "10" : 34.588242,
        "20" : 49.992752,
        "50" : 0.100581,
        "100" : 7.317352,
        "250" : 8.000565,
        "500" : 0.010000,
        "750" : 0.000000,
        "1000" : 0.010000
      },
      "latency_ms" : {
        "2" : 0.000000,
        "4" : 0.000000,
        "10" : 0.000000,
        "20" : 0.000000,
        "50" : 0.000000,
        "100" : 0.000000,
        "250" : 0.000000,
        "500" : 0.000000,
        "750" : 0.000000,
        "1000" : 0.000000,
        "2000" : 0.000000,
        ">=2000" : 0.000000
      },
      "latency_depth" : 1,
      "latency_target" : 0,
      "latency_percentile" : 100.000000,
      "latency_window" : 0
    }
  ],
  "disk_util" : [
    {
      "name" : "nvme3n1",
      "read_ios" : 392862,
      "write_ios" : 392360,
      "read_merges" : 0,
      "write_merges" : 0,
      "read_ticks" : 12771,
      "write_ticks" : 5024,
      "in_queue" : 17795,
      "util" : 87.984755
    }
  ]
}
