{
  "fio version" : "fio-3.28",
  "timestamp" : 1743438177,
  "timestamp_ms" : 1743438177682,
  "time" : "Tue Apr  1 01:22:57 2025",
  "global options" : {
    "bs" : "4k",
    "ioengine" : "psync",
    "size" : "12G",
    "numjobs" : "1",
    "iodepth" : "1",
    "group_reporting" : "1",
    "direct" : "1",
    "thread" : "1",
    "filename" : "/dev/nvme3n1"
  },
  "jobs" : [
    {
      "jobname" : "seqwrite",
      "groupid" : 0,
      "error" : 0,
      "eta" : 0,
      "elapsed" : 34,
      "job options" : {
        "rw" : "rw"
      },
      "read" : {
        "io_bytes" : 6446026752,
        "io_kbytes" : 6294948,
        "bw_bytes" : 194110658,
        "bw" : 189561,
        "iops" : 47390.297519,
        "runtime" : 33208,
        "total_ios" : 1573737,
        "short_ios" : 0,
        "drop_ios" : 0,
        "slat_ns" : {
          "min" : 0,
          "max" : 0,
          "mean" : 0.000000,
          "stddev" : 0.000000,
          "N" : 0
        },
        "clat_ns" : {
          "min" : 3710,
          "max" : 267489,
          "mean" : 10250.449231,
          "stddev" : 17730.511620,
          "N" : 1573737,
          "percentile" : {
            "1.000000" : 5024,
            "5.000000" : 5088,
            "10.000000" : 5088,
            "20.000000" : 5152,
            "30.000000" : 5152,
            "40.000000" : 5216,
            "50.000000" : 5280,
            "60.000000" : 5344,
            "70.000000" : 5472,
            "80.000000" : 5536,
            "90.000000" : 5856,
            "95.000000" : 63232,
            "99.000000" : 75264,
            "99.500000" : 75264,
            "99.900000" : 78336,
            "99.950000" : 203776,
            "99.990000" : 226304
          }
        },
        "lat_ns" : {
          "min" : 3730,
          "max" : 267629,
          "mean" : 10270.903511,
          "stddev" : 17732.902979,
          "N" : 1573737
        },
        "bw_min" : 48176,
        "bw_max" : 252528,
        "bw_agg" : 99.846915,
        "bw_mean" : 189271.636364,
        "bw_dev" : 87769.668247,
        "bw_samples" : 66,
        "iops_min" : 12044,
        "iops_max" : 63132,
        "iops_mean" : 47317.909091,
        "iops_stddev" : 21942.417062,
        "iops_samples" : 66
      },
      "write" : {
        "io_bytes" : 6438875136,
        "io_kbytes" : 6287964,
        "bw_bytes" : 193895300,
        "bw" : 189350,
        "iops" : 47337.719827,
        "runtime" : 33208,
        "total_ios" : 1571991,
        "short_ios" : 0,
        "drop_ios" : 0,
        "slat_ns" : {
          "min" : 0,
          "max" : 0,
          "mean" : 0.000000,
          "stddev" : 0.000000,
          "N" : 0
        },
        "clat_ns" : {
          "min" : 9890,
          "max" : 261689,
          "mean" : 10373.100348,
          "stddev" : 523.692737,
          "N" : 1571991,
          "percentile" : {
            "1.000000" : 10048,
            "5.000000" : 10048,
            "10.000000" : 10048,
            "20.000000" : 10176,
            "30.000000" : 10176,
            "40.000000" : 10304,
            "50.000000" : 10304,
            "60.000000" : 10304,
            "70.000000" : 10304,
            "80.000000" : 10432,
            "90.000000" : 10560,
            "95.000000" : 11072,
            "99.000000" : 12608,
            "99.500000" : 13248,
            "99.900000" : 14272,
            "99.950000" : 15424,
            "99.990000" : 19072
          }
        },
        "lat_ns" : {
          "min" : 9990,
          "max" : 261799,
          "mean" : 10488.128417,
          "stddev" : 527.625799,
          "N" : 1571991
        },
        "bw_min" : 46872,
        "bw_max" : 251008,
        "bw_agg" : 99.837403,
        "bw_mean" : 189043.272727,
        "bw_dev" : 87632.403465,
        "bw_samples" : 66,
        "iops_min" : 11718,
        "iops_max" : 62752,
        "iops_mean" : 47260.818182,
        "iops_stddev" : 21908.101636,
        "iops_samples" : 66
      },
      "trim" : {
        "io_bytes" : 0,
        "io_kbytes" : 0,
        "bw_bytes" : 0,
        "bw" : 0,
        "iops" : 0.000000,
        "runtime" : 0,
        "total_ios" : 0,
        "short_ios" : 0,
        "drop_ios" : 0,
        "slat_ns" : {
          "min" : 0,
          "max" : 0,
          "mean" : 0.000000,
          "stddev" : 0.000000,
          "N" : 0
        },
        "clat_ns" : {
          "min" : 0,
          "max" : 0,
          "mean" : 0.000000,
          "stddev" : 0.000000,
          "N" : 0
        },
        "lat_ns" : {
          "min" : 0,
          "max" : 0,
          "mean" : 0.000000,
          "stddev" : 0.000000,
          "N" : 0
        },
        "bw_min" : 0,
        "bw_max" : 0,
        "bw_agg" : 0.000000,
        "bw_mean" : 0.000000,
        "bw_dev" : 0.000000,
        "bw_samples" : 0,
        "iops_min" : 0,
        "iops_max" : 0,
        "iops_mean" : 0.000000,
        "iops_stddev" : 0.000000,
        "iops_samples" : 0
      },
      "sync" : {
        "total_ios" : 0,
        "lat_ns" : {
          "min" : 0,
          "max" : 0,
          "mean" : 0.000000,
          "stddev" : 0.000000,
          "N" : 0
        }
      },
      "job_runtime" : 33207,
      "usr_cpu" : 5.309122,
      "sys_cpu" : 29.436565,
      "ctx" : 3145663,
      "majf" : 0,
      "minf" : 0,
      "iodepth_level" : {
        "1" : 100.000000,
        "2" : 0.000000,
        "4" : 0.000000,
        "8" : 0.000000,
        "16" : 0.000000,
        "32" : 0.000000,
        ">=64" : 0.000000
      },
      "iodepth_submit" : {
        "0" : 0.000000,
        "4" : 100.000000,
        "8" : 0.000000,
        "16" : 0.000000,
        "32" : 0.000000,
        "64" : 0.000000,
        ">=64" : 0.000000
      },
      "iodepth_complete" : {
        "0" : 0.000000,
        "4" : 100.000000,
        "8" : 0.000000,
        "16" : 0.000000,
        "32" : 0.000000,
        "64" : 0.000000,
        ">=64" : 0.000000
      },
      "latency_ns" : {
        "2" : 0.000000,
        "4" : 0.000000,
        "10" : 0.000000,
        "20" : 0.000000,
        "50" : 0.000000,
        "100" : 0.000000,
        "250" : 0.000000,
        "500" : 0.000000,
        "750" : 0.000000,
        "1000" : 0.000000
      },
      "latency_us" : {
        "2" : 0.000000,
        "4" : 0.010000,
        "10" : 46.265252,
        "20" : 49.949551,
        "50" : 0.010000,
        "100" : 3.738658,
        "250" : 0.041517,
        "500" : 0.010000,
        "750" : 0.000000,
        "1000" : 0.000000
      },
      "latency_ms" : {
        "2" : 0.000000,
        "4" : 0.000000,
        "10" : 0.000000,
        "20" : 0.000000,
        "50" : 0.000000,
        "100" : 0.000000,
        "250" : 0.000000,
        "500" : 0.000000,
        "750" : 0.000000,
        "1000" : 0.000000,
        "2000" : 0.000000,
        ">=2000" : 0.000000
      },
      "latency_depth" : 1,
      "latency_target" : 0,
      "latency_percentile" : 100.000000,
      "latency_window" : 0
    }
  ],
  "disk_util" : [
    {
      "name" : "nvme3n1",
      "read_ios" : 1569953,
      "write_ios" : 1568223,
      "read_merges" : 0,
      "write_merges" : 0,
      "read_ticks" : 11270,
      "write_ticks" : 11455,
      "in_queue" : 22725,
      "util" : 71.267826
    }
  ]
}
