{
  "fio version" : "fio-3.28",
  "timestamp" : 1743440380,
  "timestamp_ms" : 1743440380649,
  "time" : "Tue Apr  1 01:59:40 2025",
  "global options" : {
    "bs" : "256k",
    "ioengine" : "psync",
    "size" : "12G",
    "numjobs" : "1",
    "iodepth" : "1",
    "group_reporting" : "1",
    "direct" : "1",
    "thread" : "1",
    "filename" : "/dev/nvme3n1"
  },
  "jobs" : [
    {
      "jobname" : "seqwrite",
      "groupid" : 0,
      "error" : 0,
      "eta" : 0,
      "elapsed" : 7,
      "job options" : {
        "rw" : "rw"
      },
      "read" : {
        "io_bytes" : 6451363840,
        "io_kbytes" : 6300160,
        "bw_bytes" : 982840316,
        "bw" : 959804,
        "iops" : 3749.238269,
        "runtime" : 6564,
        "total_ios" : 24610,
        "short_ios" : 0,
        "drop_ios" : 0,
        "slat_ns" : {
          "min" : 0,
          "max" : 0,
          "mean" : 0.000000,
          "stddev" : 0.000000,
          "N" : 0
        },
        "clat_ns" : {
          "min" : 21620,
          "max" : 268948,
          "mean" : 140038.440512,
          "stddev" : 97042.778005,
          "N" : 24610,
          "percentile" : {
            "1.000000" : 24448,
            "5.000000" : 25984,
            "10.000000" : 27008,
            "20.000000" : 29056,
            "30.000000" : 32128,
            "40.000000" : 34048,
            "50.000000" : 203776,
            "60.000000" : 205824,
            "70.000000" : 224256,
            "80.000000" : 228352,
            "90.000000" : 236544,
            "95.000000" : 257024,
            "99.000000" : 261120,
            "99.500000" : 261120,
            "99.900000" : 264192,
            "99.950000" : 264192,
            "99.990000" : 268288
          }
        },
        "lat_ns" : {
          "min" : 21650,
          "max" : 268968,
          "mean" : 140067.622796,
          "stddev" : 97044.706614,
          "N" : 24610
        },
        "bw_min" : 720896,
        "bw_max" : 1667584,
        "bw_agg" : 99.486875,
        "bw_mean" : 954880.000000,
        "bw_dev" : 323987.528978,
        "bw_samples" : 13,
        "iops_min" : 2816,
        "iops_max" : 6514,
        "iops_mean" : 3730.000000,
        "iops_stddev" : 1265.576285,
        "iops_samples" : 13
      },
      "write" : {
        "io_bytes" : 6433538048,
        "io_kbytes" : 6282752,
        "bw_bytes" : 980124626,
        "bw" : 957152,
        "iops" : 3738.878732,
        "runtime" : 6564,
        "total_ios" : 24542,
        "short_ios" : 0,
        "drop_ios" : 0,
        "slat_ns" : {
          "min" : 0,
          "max" : 0,
          "mean" : 0.000000,
          "stddev" : 0.000000,
          "N" : 0
        },
        "clat_ns" : {
          "min" : 118219,
          "max" : 256938,
          "mean" : 121362.578926,
          "stddev" : 1647.310099,
          "N" : 24542,
          "percentile" : {
            "1.000000" : 119296,
            "5.000000" : 119296,
            "10.000000" : 120320,
            "20.000000" : 120320,
            "30.000000" : 120320,
            "40.000000" : 121344,
            "50.000000" : 121344,
            "60.000000" : 121344,
            "70.000000" : 121344,
            "80.000000" : 122368,
            "90.000000" : 123392,
            "95.000000" : 123392,
            "99.000000" : 126464,
            "99.500000" : 127488,
            "99.900000" : 132096,
            "99.950000" : 136192,
            "99.990000" : 150528
          }
        },
        "lat_ns" : {
          "min" : 120709,
          "max" : 263218,
          "mean" : 126381.715875,
          "stddev" : 2094.523035,
          "N" : 24542
        },
        "bw_min" : 707072,
        "bw_max" : 1615872,
        "bw_agg" : 99.355071,
        "bw_mean" : 950980.923077,
        "bw_dev" : 310528.354451,
        "bw_samples" : 13,
        "iops_min" : 2762,
        "iops_max" : 6312,
        "iops_mean" : 3714.769231,
        "iops_stddev" : 1213.001385,
        "iops_samples" : 13
      },
      "trim" : {
        "io_bytes" : 0,
        "io_kbytes" : 0,
        "bw_bytes" : 0,
        "bw" : 0,
        "iops" : 0.000000,
        "runtime" : 0,
        "total_ios" : 0,
        "short_ios" : 0,
        "drop_ios" : 0,
        "slat_ns" : {
          "min" : 0,
          "max" : 0,
          "mean" : 0.000000,
          "stddev" : 0.000000,
          "N" : 0
        },
        "clat_ns" : {
          "min" : 0,
          "max" : 0,
          "mean" : 0.000000,
          "stddev" : 0.000000,
          "N" : 0
        },
        "lat_ns" : {
          "min" : 0,
          "max" : 0,
          "mean" : 0.000000,
          "stddev" : 0.000000,
          "N" : 0
        },
        "bw_min" : 0,
        "bw_max" : 0,
        "bw_agg" : 0.000000,
        "bw_mean" : 0.000000,
        "bw_dev" : 0.000000,
        "bw_samples" : 0,
        "iops_min" : 0,
        "iops_max" : 0,
        "iops_mean" : 0.000000,
        "iops_stddev" : 0.000000,
        "iops_samples" : 0
      },
      "sync" : {
        "total_ios" : 0,
        "lat_ns" : {
          "min" : 0,
          "max" : 0,
          "mean" : 0.000000,
          "stddev" : 0.000000,
          "N" : 0
        }
      },
      "job_runtime" : 6563,
      "usr_cpu" : 2.392199,
      "sys_cpu" : 8.700290,
      "ctx" : 49157,
      "majf" : 0,
      "minf" : 0,
      "iodepth_level" : {
        "1" : 100.000000,
        "2" : 0.000000,
        "4" : 0.000000,
        "8" : 0.000000,
        "16" : 0.000000,
        "32" : 0.000000,
        ">=64" : 0.000000
      },
      "iodepth_submit" : {
        "0" : 0.000000,
        "4" : 100.000000,
        "8" : 0.000000,
        "16" : 0.000000,
        "32" : 0.000000,
        "64" : 0.000000,
        ">=64" : 0.000000
      },
      "iodepth_complete" : {
        "0" : 0.000000,
        "4" : 100.000000,
        "8" : 0.000000,
        "16" : 0.000000,
        "32" : 0.000000,
        "64" : 0.000000,
        ">=64" : 0.000000
      },
      "latency_ns" : {
        "2" : 0.000000,
        "4" : 0.000000,
        "10" : 0.000000,
        "20" : 0.000000,
        "50" : 0.000000,
        "100" : 0.000000,
        "250" : 0.000000,
        "500" : 0.000000,
        "750" : 0.000000,
        "1000" : 0.000000
      },
      "latency_us" : {
        "2" : 0.000000,
        "4" : 0.000000,
        "10" : 0.000000,
        "20" : 0.000000,
        "50" : 21.616618,
        "100" : 0.010000,
        "250" : 74.759928,
        "500" : 3.621419,
        "750" : 0.000000,
        "1000" : 0.000000
      },
      "latency_ms" : {
        "2" : 0.000000,
        "4" : 0.000000,
        "10" : 0.000000,
        "20" : 0.000000,
        "50" : 0.000000,
        "100" : 0.000000,
        "250" : 0.000000,
        "500" : 0.000000,
        "750" : 0.000000,
        "1000" : 0.000000,
        "2000" : 0.000000,
        ">=2000" : 0.000000
      },
      "latency_depth" : 1,
      "latency_target" : 0,
      "latency_percentile" : 100.000000,
      "latency_window" : 0
    }
  ],
  "disk_util" : [
    {
      "name" : "nvme3n1",
      "read_ios" : 23627,
      "write_ios" : 23454,
      "read_merges" : 0,
      "write_merges" : 0,
      "read_ticks" : 3172,
      "write_ticks" : 2632,
      "in_queue" : 5804,
      "util" : 91.238066
    }
  ]
}
