{
  "fio version" : "fio-3.28",
  "timestamp" : 1743440286,
  "timestamp_ms" : 1743440286589,
  "time" : "Tue Apr  1 01:58:06 2025",
  "global options" : {
    "bs" : "64k",
    "ioengine" : "psync",
    "size" : "12G",
    "numjobs" : "1",
    "iodepth" : "1",
    "group_reporting" : "1",
    "direct" : "1",
    "thread" : "1",
    "filename" : "/dev/nvme3n1"
  },
  "jobs" : [
    {
      "jobname" : "seqwrite",
      "groupid" : 0,
      "error" : 0,
      "eta" : 0,
      "elapsed" : 9,
      "job options" : {
        "rw" : "rw"
      },
      "read" : {
        "io_bytes" : 6447038464,
        "io_kbytes" : 6295936,
        "bw_bytes" : 806182126,
        "bw" : 787287,
        "iops" : 12301.363011,
        "runtime" : 7997,
        "total_ios" : 98374,
        "short_ios" : 0,
        "drop_ios" : 0,
        "slat_ns" : {
          "min" : 0,
          "max" : 0,
          "mean" : 0.000000,
          "stddev" : 0.000000,
          "N" : 0
        },
        "clat_ns" : {
          "min" : 8890,
          "max" : 259298,
          "mean" : 41701.111523,
          "stddev" : 54643.102981,
          "N" : 98374,
          "percentile" : {
            "1.000000" : 10176,
            "5.000000" : 10688,
            "10.000000" : 10944,
            "20.000000" : 11456,
            "30.000000" : 11840,
            "40.000000" : 12224,
            "50.000000" : 12608,
            "60.000000" : 12992,
            "70.000000" : 13760,
            "80.000000" : 116224,
            "90.000000" : 128512,
            "95.000000" : 129536,
            "99.000000" : 232448,
            "99.500000" : 244736,
            "99.900000" : 248832,
            "99.950000" : 248832,
            "99.990000" : 248832
          }
        },
        "lat_ns" : {
          "min" : 8910,
          "max" : 259408,
          "mean" : 41729.340781,
          "stddev" : 54644.030142,
          "N" : 98374
        },
        "bw_min" : 368000,
        "bw_max" : 1268352,
        "bw_agg" : 96.357844,
        "bw_mean" : 758613.333333,
        "bw_dev" : 377574.295816,
        "bw_samples" : 15,
        "iops_min" : 5750,
        "iops_max" : 19818,
        "iops_mean" : 11853.333333,
        "iops_stddev" : 5899.598372,
        "iops_samples" : 15
      },
      "write" : {
        "io_bytes" : 6437863424,
        "io_kbytes" : 6286976,
        "bw_bytes" : 805034816,
        "bw" : 786166,
        "iops" : 12283.856446,
        "runtime" : 7997,
        "total_ios" : 98234,
        "short_ios" : 0,
        "drop_ios" : 0,
        "slat_ns" : {
          "min" : 0,
          "max" : 0,
          "mean" : 0.000000,
          "stddev" : 0.000000,
          "N" : 0
        },
        "clat_ns" : {
          "min" : 36159,
          "max" : 228348,
          "mean" : 37866.681750,
          "stddev" : 1112.234393,
          "N" : 98234,
          "percentile" : {
            "1.000000" : 36608,
            "5.000000" : 36608,
            "10.000000" : 37120,
            "20.000000" : 37120,
            "30.000000" : 37632,
            "40.000000" : 37632,
            "50.000000" : 37632,
            "60.000000" : 38144,
            "70.000000" : 38144,
            "80.000000" : 38656,
            "90.000000" : 38656,
            "95.000000" : 38656,
            "99.000000" : 40192,
            "99.500000" : 40704,
            "99.900000" : 43776,
            "99.950000" : 46848,
            "99.990000" : 58624
          }
        },
        "lat_ns" : {
          "min" : 36730,
          "max" : 229648,
          "mean" : 39087.713388,
          "stddev" : 1150.801318,
          "N" : 98234
        },
        "bw_min" : 362880,
        "bw_max" : 1247360,
        "bw_agg" : 96.212914,
        "bw_mean" : 756394.666667,
        "bw_dev" : 376030.192522,
        "bw_samples" : 15,
        "iops_min" : 5670,
        "iops_max" : 19490,
        "iops_mean" : 11818.666667,
        "iops_stddev" : 5875.471758,
        "iops_samples" : 15
      },
      "trim" : {
        "io_bytes" : 0,
        "io_kbytes" : 0,
        "bw_bytes" : 0,
        "bw" : 0,
        "iops" : 0.000000,
        "runtime" : 0,
        "total_ios" : 0,
        "short_ios" : 0,
        "drop_ios" : 0,
        "slat_ns" : {
          "min" : 0,
          "max" : 0,
          "mean" : 0.000000,
          "stddev" : 0.000000,
          "N" : 0
        },
        "clat_ns" : {
          "min" : 0,
          "max" : 0,
          "mean" : 0.000000,
          "stddev" : 0.000000,
          "N" : 0
        },
        "lat_ns" : {
          "min" : 0,
          "max" : 0,
          "mean" : 0.000000,
          "stddev" : 0.000000,
          "N" : 0
        },
        "bw_min" : 0,
        "bw_max" : 0,
        "bw_agg" : 0.000000,
        "bw_mean" : 0.000000,
        "bw_dev" : 0.000000,
        "bw_samples" : 0,
        "iops_min" : 0,
        "iops_max" : 0,
        "iops_mean" : 0.000000,
        "iops_stddev" : 0.000000,
        "iops_samples" : 0
      },
      "sync" : {
        "total_ios" : 0,
        "lat_ns" : {
          "min" : 0,
          "max" : 0,
          "mean" : 0.000000,
          "stddev" : 0.000000,
          "N" : 0
        }
      },
      "job_runtime" : 7996,
      "usr_cpu" : 3.564282,
      "sys_cpu" : 13.356678,
      "ctx" : 196634,
      "majf" : 0,
      "minf" : 0,
      "iodepth_level" : {
        "1" : 100.000000,
        "2" : 0.000000,
        "4" : 0.000000,
        "8" : 0.000000,
        "16" : 0.000000,
        "32" : 0.000000,
        ">=64" : 0.000000
      },
      "iodepth_submit" : {
        "0" : 0.000000,
        "4" : 100.000000,
        "8" : 0.000000,
        "16" : 0.000000,
        "32" : 0.000000,
        "64" : 0.000000,
        ">=64" : 0.000000
      },
      "iodepth_complete" : {
        "0" : 0.000000,
        "4" : 100.000000,
        "8" : 0.000000,
        "16" : 0.000000,
        "32" : 0.000000,
        "64" : 0.000000,
        ">=64" : 0.000000
      },
      "latency_ns" : {
        "2" : 0.000000,
        "4" : 0.000000,
        "10" : 0.000000,
        "20" : 0.000000,
        "50" : 0.000000,
        "100" : 0.000000,
        "250" : 0.000000,
        "500" : 0.000000,
        "750" : 0.000000,
        "1000" : 0.000000
      },
      "latency_us" : {
        "2" : 0.000000,
        "4" : 0.000000,
        "10" : 0.242615,
        "20" : 37.674967,
        "50" : 49.963379,
        "100" : 0.015767,
        "250" : 12.102254,
        "500" : 0.010000,
        "750" : 0.000000,
        "1000" : 0.000000
      },
      "latency_ms" : {
        "2" : 0.000000,
        "4" : 0.000000,
        "10" : 0.000000,
        "20" : 0.000000,
        "50" : 0.000000,
        "100" : 0.000000,
        "250" : 0.000000,
        "500" : 0.000000,
        "750" : 0.000000,
        "1000" : 0.000000,
        "2000" : 0.000000,
        ">=2000" : 0.000000
      },
      "latency_depth" : 1,
      "latency_target" : 0,
      "latency_percentile" : 100.000000,
      "latency_window" : 0
    }
  ],
  "disk_util" : [
    {
      "name" : "nvme3n1",
      "read_ios" : 96472,
      "write_ios" : 96257,
      "read_merges" : 0,
      "write_merges" : 0,
      "read_ticks" : 3592,
      "write_ticks" : 3186,
      "in_queue" : 6778,
      "util" : 88.278709
    }
  ]
}
