{
  "fio version" : "fio-3.28",
  "timestamp" : 1743421070,
  "timestamp_ms" : 1743421070232,
  "time" : "Mon Mar 31 20:37:50 2025",
  "global options" : {
    "bs" : "16k",
    "ioengine" : "io_uring",
    "size" : "12G",
    "numjobs" : "4",
    "iodepth" : "16",
    "group_reporting" : "1",
    "direct" : "1",
    "thread" : "1",
    "filename" : "/dev/nvme3n1"
  },
  "jobs" : [
    {
      "jobname" : "randwrite",
      "groupid" : 0,
      "error" : 0,
      "eta" : 0,
      "elapsed" : 34,
      "job options" : {
        "rw" : "randrw"
      },
      "read" : {
        "io_bytes" : 25767870464,
        "io_kbytes" : 25163936,
        "bw_bytes" : 780253458,
        "bw" : 761966,
        "iops" : 47622.891749,
        "runtime" : 33025,
        "total_ios" : 1572746,
        "short_ios" : 0,
        "drop_ios" : 0,
        "slat_ns" : {
          "min" : 1670,
          "max" : 210436,
          "mean" : 2423.483407,
          "stddev" : 841.156012,
          "N" : 1572746
        },
        "clat_ns" : {
          "min" : 40,
          "max" : 30984551,
          "mean" : 1087506.523430,
          "stddev" : 3285388.744567,
          "N" : 1572746,
          "percentile" : {
            "1.000000" : 6560,
            "5.000000" : 9664,
            "10.000000" : 15424,
            "20.000000" : 109056,
            "30.000000" : 214016,
            "40.000000" : 268288,
            "50.000000" : 288768,
            "60.000000" : 292864,
            "70.000000" : 296960,
            "80.000000" : 301056,
            "90.000000" : 651264,
            "95.000000" : 12386304,
            "99.000000" : 14876672,
            "99.500000" : 15400960,
            "99.900000" : 23986176,
            "99.950000" : 25821184,
            "99.990000" : 28180480
          }
        },
        "lat_ns" : {
          "min" : 5470,
          "max" : 30987341,
          "mean" : 1089980.742644,
          "stddev" : 3285369.089899,
          "N" : 1572746
        },
        "bw_min" : 705056,
        "bw_max" : 1105472,
        "bw_agg" : 100.000000,
        "bw_mean" : 762594.058741,
        "bw_dev" : 15372.645227,
        "bw_samples" : 263,
        "iops_min" : 44066,
        "iops_max" : 69092,
        "iops_mean" : 47662.128671,
        "iops_stddev" : 960.790327,
        "iops_samples" : 263
      },
      "write" : {
        "io_bytes" : 25771737088,
        "io_kbytes" : 25167712,
        "bw_bytes" : 780370540,
        "bw" : 762080,
        "iops" : 47630.037850,
        "runtime" : 33025,
        "total_ios" : 1572982,
        "short_ios" : 0,
        "drop_ios" : 0,
        "slat_ns" : {
          "min" : 1620,
          "max" : 521562,
          "mean" : 2439.474476,
          "stddev" : 993.211933,
          "N" : 1572982
        },
        "clat_ns" : {
          "min" : 50,
          "max" : 2454283,
          "mean" : 250388.621450,
          "stddev" : 250298.276788,
          "N" : 1572982,
          "percentile" : {
            "1.000000" : 15552,
            "5.000000" : 21632,
            "10.000000" : 37120,
            "20.000000" : 96768,
            "30.000000" : 160768,
            "40.000000" : 218112,
            "50.000000" : 276480,
            "60.000000" : 288768,
            "70.000000" : 292864,
            "80.000000" : 296960,
            "90.000000" : 296960,
            "95.000000" : 305152,
            "99.000000" : 1679360,
            "99.500000" : 1892352,
            "99.900000" : 2088960,
            "99.950000" : 2146304,
            "99.990000" : 2244608
          }
        },
        "lat_ns" : {
          "min" : 11910,
          "max" : 2456153,
          "mean" : 252879.022399,
          "stddev" : 250257.653750,
          "N" : 1572982
        },
        "bw_min" : 703200,
        "bw_max" : 1114880,
        "bw_agg" : 100.000000,
        "bw_mean" : 762706.961305,
        "bw_dev" : 15653.965685,
        "bw_samples" : 263,
        "iops_min" : 43950,
        "iops_max" : 69680,
        "iops_mean" : 47669.185082,
        "iops_stddev" : 978.372855,
        "iops_samples" : 263
      },
      "trim" : {
        "io_bytes" : 0,
        "io_kbytes" : 0,
        "bw_bytes" : 0,
        "bw" : 0,
        "iops" : 0.000000,
        "runtime" : 0,
        "total_ios" : 0,
        "short_ios" : 0,
        "drop_ios" : 0,
        "slat_ns" : {
          "min" : 0,
          "max" : 0,
          "mean" : 0.000000,
          "stddev" : 0.000000,
          "N" : 0
        },
        "clat_ns" : {
          "min" : 0,
          "max" : 0,
          "mean" : 0.000000,
          "stddev" : 0.000000,
          "N" : 0
        },
        "lat_ns" : {
          "min" : 0,
          "max" : 0,
          "mean" : 0.000000,
          "stddev" : 0.000000,
          "N" : 0
        },
        "bw_min" : 0,
        "bw_max" : 0,
        "bw_agg" : 0.000000,
        "bw_mean" : 0.000000,
        "bw_dev" : 0.000000,
        "bw_samples" : 0,
        "iops_min" : 0,
        "iops_max" : 0,
        "iops_mean" : 0.000000,
        "iops_stddev" : 0.000000,
        "iops_samples" : 0
      },
      "sync" : {
        "total_ios" : 0,
        "lat_ns" : {
          "min" : 0,
          "max" : 0,
          "mean" : 0.000000,
          "stddev" : 0.000000,
          "N" : 0
        }
      },
      "job_runtime" : 132046,
      "usr_cpu" : 1.618375,
      "sys_cpu" : 9.787498,
      "ctx" : 2122976,
      "majf" : 0,
      "minf" : 0,
      "iodepth_level" : {
        "1" : 0.100000,
        "2" : 0.100000,
        "4" : 0.100000,
        "8" : 0.100000,
        "16" : 99.998093,
        "32" : 0.000000,
        ">=64" : 0.000000
      },
      "iodepth_submit" : {
        "0" : 0.000000,
        "4" : 100.000000,
        "8" : 0.000000,
        "16" : 0.000000,
        "32" : 0.000000,
        "64" : 0.000000,
        ">=64" : 0.000000
      },
      "iodepth_complete" : {
        "0" : 0.000000,
        "4" : 99.999873,
        "8" : 0.000000,
        "16" : 0.100000,
        "32" : 0.000000,
        "64" : 0.000000,
        ">=64" : 0.000000
      },
      "latency_ns" : {
        "2" : 0.000000,
        "4" : 0.000000,
        "10" : 0.000000,
        "20" : 0.000000,
        "50" : 0.010000,
        "100" : 0.010000,
        "250" : 0.010000,
        "500" : 0.010000,
        "750" : 0.000000,
        "1000" : 0.000000
      },
      "latency_us" : {
        "2" : 0.010000,
        "4" : 0.018183,
        "10" : 2.641614,
        "20" : 5.386035,
        "50" : 5.804666,
        "100" : 5.595334,
        "250" : 21.104749,
        "500" : 52.418327,
        "750" : 0.744661,
        "1000" : 0.631809
      },
      "latency_ms" : {
        "2" : 2.248478,
        "4" : 0.379626,
        "10" : 0.010777,
        "20" : 2.934170,
        "50" : 0.080617,
        "100" : 0.000000,
        "250" : 0.000000,
        "500" : 0.000000,
        "750" : 0.000000,
        "1000" : 0.000000,
        "2000" : 0.000000,
        ">=2000" : 0.000000
      },
      "latency_depth" : 16,
      "latency_target" : 0,
      "latency_percentile" : 100.000000,
      "latency_window" : 0
    }
  ],
  "disk_util" : [
    {
      "name" : "nvme3n1",
      "read_ios" : 1567140,
      "write_ios" : 1567325,
      "read_merges" : 0,
      "write_merges" : 0,
      "read_ticks" : 1699167,
      "write_ticks" : 388093,
      "in_queue" : 2087260,
      "util" : 99.724117
    }
  ]
}
