{
  "fio version" : "fio-3.28",
  "timestamp" : 1743419987,
  "timestamp_ms" : 1743419987272,
  "time" : "Mon Mar 31 20:19:47 2025",
  "global options" : {
    "bs" : "16k",
    "ioengine" : "psync",
    "size" : "12G",
    "numjobs" : "1",
    "iodepth" : "1",
    "group_reporting" : "1",
    "direct" : "1",
    "thread" : "1",
    "filename" : "/dev/nvme3n1"
  },
  "jobs" : [
    {
      "jobname" : "randwrite",
      "groupid" : 0,
      "error" : 0,
      "eta" : 0,
      "elapsed" : 19,
      "job options" : {
        "rw" : "randwrite"
      },
      "read" : {
        "io_bytes" : 0,
        "io_kbytes" : 0,
        "bw_bytes" : 0,
        "bw" : 0,
        "iops" : 0.000000,
        "runtime" : 0,
        "total_ios" : 0,
        "short_ios" : 0,
        "drop_ios" : 0,
        "slat_ns" : {
          "min" : 0,
          "max" : 0,
          "mean" : 0.000000,
          "stddev" : 0.000000,
          "N" : 0
        },
        "clat_ns" : {
          "min" : 0,
          "max" : 0,
          "mean" : 0.000000,
          "stddev" : 0.000000,
          "N" : 0
        },
        "lat_ns" : {
          "min" : 0,
          "max" : 0,
          "mean" : 0.000000,
          "stddev" : 0.000000,
          "N" : 0
        },
        "bw_min" : 0,
        "bw_max" : 0,
        "bw_agg" : 0.000000,
        "bw_mean" : 0.000000,
        "bw_dev" : 0.000000,
        "bw_samples" : 0,
        "iops_min" : 0,
        "iops_max" : 0,
        "iops_mean" : 0.000000,
        "iops_stddev" : 0.000000,
        "iops_samples" : 0
      },
      "write" : {
        "io_bytes" : 12884901888,
        "io_kbytes" : 12582912,
        "bw_bytes" : 716624131,
        "bw" : 699828,
        "iops" : 43739.265851,
        "runtime" : 17980,
        "total_ios" : 786432,
        "short_ios" : 0,
        "drop_ios" : 0,
        "slat_ns" : {
          "min" : 0,
          "max" : 0,
          "mean" : 0.000000,
          "stddev" : 0.000000,
          "N" : 0
        },
        "clat_ns" : {
          "min" : 12060,
          "max" : 1502810,
          "mean" : 22351.286794,
          "stddev" : 31472.443366,
          "N" : 786432,
          "percentile" : {
            "1.000000" : 12608,
            "5.000000" : 12864,
            "10.000000" : 13120,
            "20.000000" : 15680,
            "30.000000" : 15808,
            "40.000000" : 15936,
            "50.000000" : 16064,
            "60.000000" : 16768,
            "70.000000" : 19584,
            "80.000000" : 28544,
            "90.000000" : 39680,
            "95.000000" : 46336,
            "99.000000" : 60672,
            "99.500000" : 71168,
            "99.900000" : 127488,
            "99.950000" : 790528,
            "99.990000" : 1400832
          }
        },
        "lat_ns" : {
          "min" : 12300,
          "max" : 1503210,
          "mean" : 22663.219058,
          "stddev" : 31472.682941,
          "N" : 786432
        },
        "bw_min" : 678944,
        "bw_max" : 729472,
        "bw_agg" : 100.000000,
        "bw_mean" : 700403.200000,
        "bw_dev" : 13800.269829,
        "bw_samples" : 35,
        "iops_min" : 42434,
        "iops_max" : 45592,
        "iops_mean" : 43775.200000,
        "iops_stddev" : 862.516864,
        "iops_samples" : 35
      },
      "trim" : {
        "io_bytes" : 0,
        "io_kbytes" : 0,
        "bw_bytes" : 0,
        "bw" : 0,
        "iops" : 0.000000,
        "runtime" : 0,
        "total_ios" : 0,
        "short_ios" : 0,
        "drop_ios" : 0,
        "slat_ns" : {
          "min" : 0,
          "max" : 0,
          "mean" : 0.000000,
          "stddev" : 0.000000,
          "N" : 0
        },
        "clat_ns" : {
          "min" : 0,
          "max" : 0,
          "mean" : 0.000000,
          "stddev" : 0.000000,
          "N" : 0
        },
        "lat_ns" : {
          "min" : 0,
          "max" : 0,
          "mean" : 0.000000,
          "stddev" : 0.000000,
          "N" : 0
        },
        "bw_min" : 0,
        "bw_max" : 0,
        "bw_agg" : 0.000000,
        "bw_mean" : 0.000000,
        "bw_dev" : 0.000000,
        "bw_samples" : 0,
        "iops_min" : 0,
        "iops_max" : 0,
        "iops_mean" : 0.000000,
        "iops_stddev" : 0.000000,
        "iops_samples" : 0
      },
      "sync" : {
        "total_ios" : 0,
        "lat_ns" : {
          "min" : 0,
          "max" : 0,
          "mean" : 0.000000,
          "stddev" : 0.000000,
          "N" : 0
        }
      },
      "job_runtime" : 17979,
      "usr_cpu" : 4.065855,
      "sys_cpu" : 16.246732,
      "ctx" : 786718,
      "majf" : 0,
      "minf" : 0,
      "iodepth_level" : {
        "1" : 100.000000,
        "2" : 0.000000,
        "4" : 0.000000,
        "8" : 0.000000,
        "16" : 0.000000,
        "32" : 0.000000,
        ">=64" : 0.000000
      },
      "iodepth_submit" : {
        "0" : 0.000000,
        "4" : 100.000000,
        "8" : 0.000000,
        "16" : 0.000000,
        "32" : 0.000000,
        "64" : 0.000000,
        ">=64" : 0.000000
      },
      "iodepth_complete" : {
        "0" : 0.000000,
        "4" : 100.000000,
        "8" : 0.000000,
        "16" : 0.000000,
        "32" : 0.000000,
        "64" : 0.000000,
        ">=64" : 0.000000
      },
      "latency_ns" : {
        "2" : 0.000000,
        "4" : 0.000000,
        "10" : 0.000000,
        "20" : 0.000000,
        "50" : 0.000000,
        "100" : 0.000000,
        "250" : 0.000000,
        "500" : 0.000000,
        "750" : 0.000000,
        "1000" : 0.000000
      },
      "latency_us" : {
        "2" : 0.000000,
        "4" : 0.000000,
        "10" : 0.000000,
        "20" : 71.242650,
        "50" : 26.115036,
        "100" : 2.526983,
        "250" : 0.017675,
        "500" : 0.010000,
        "750" : 0.031662,
        "1000" : 0.029627
      },
      "latency_ms" : {
        "2" : 0.032552,
        "4" : 0.000000,
        "10" : 0.000000,
        "20" : 0.000000,
        "50" : 0.000000,
        "100" : 0.000000,
        "250" : 0.000000,
        "500" : 0.000000,
        "750" : 0.000000,
        "1000" : 0.000000,
        "2000" : 0.000000,
        ">=2000" : 0.000000
      },
      "latency_depth" : 1,
      "latency_target" : 0,
      "latency_percentile" : 100.000000,
      "latency_window" : 0
    }
  ],
  "disk_util" : [
    {
      "name" : "nvme3n1",
      "read_ios" : 43,
      "write_ios" : 782656,
      "read_merges" : 0,
      "write_merges" : 0,
      "read_ticks" : 1,
      "write_ticks" : 14775,
      "in_queue" : 14776,
      "util" : 81.079429
    }
  ]
}
