{
  "fio version" : "fio-3.28",
  "timestamp" : 1743419948,
  "timestamp_ms" : 1743419948099,
  "time" : "Mon Mar 31 20:19:08 2025",
  "global options" : {
    "bs" : "8k",
    "ioengine" : "io_uring",
    "size" : "12G",
    "numjobs" : "4",
    "iodepth" : "16",
    "group_reporting" : "1",
    "direct" : "1",
    "thread" : "1",
    "filename" : "/dev/nvme3n1"
  },
  "jobs" : [
    {
      "jobname" : "randwrite",
      "groupid" : 0,
      "error" : 0,
      "eta" : 0,
      "elapsed" : 89,
      "job options" : {
        "rw" : "randwrite"
      },
      "read" : {
        "io_bytes" : 0,
        "io_kbytes" : 0,
        "bw_bytes" : 0,
        "bw" : 0,
        "iops" : 0.000000,
        "runtime" : 0,
        "total_ios" : 0,
        "short_ios" : 0,
        "drop_ios" : 0,
        "slat_ns" : {
          "min" : 0,
          "max" : 0,
          "mean" : 0.000000,
          "stddev" : 0.000000,
          "N" : 0
        },
        "clat_ns" : {
          "min" : 0,
          "max" : 0,
          "mean" : 0.000000,
          "stddev" : 0.000000,
          "N" : 0
        },
        "lat_ns" : {
          "min" : 0,
          "max" : 0,
          "mean" : 0.000000,
          "stddev" : 0.000000,
          "N" : 0
        },
        "bw_min" : 0,
        "bw_max" : 0,
        "bw_agg" : 0.000000,
        "bw_mean" : 0.000000,
        "bw_dev" : 0.000000,
        "bw_samples" : 0,
        "iops_min" : 0,
        "iops_max" : 0,
        "iops_mean" : 0.000000,
        "iops_stddev" : 0.000000,
        "iops_samples" : 0
      },
      "write" : {
        "io_bytes" : 51539607552,
        "io_kbytes" : 50331648,
        "bw_bytes" : 584541488,
        "bw" : 570841,
        "iops" : 71355.162128,
        "runtime" : 88171,
        "total_ios" : 6291456,
        "short_ios" : 0,
        "drop_ios" : 0,
        "slat_ns" : {
          "min" : 1440,
          "max" : 409947,
          "mean" : 2008.312277,
          "stddev" : 720.787642,
          "N" : 6291456
        },
        "clat_ns" : {
          "min" : 10560,
          "max" : 8052596,
          "mean" : 892355.397694,
          "stddev" : 754780.714451,
          "N" : 6291456,
          "percentile" : {
            "1.000000" : 199680,
            "5.000000" : 473088,
            "10.000000" : 610304,
            "20.000000" : 659456,
            "30.000000" : 675840,
            "40.000000" : 700416,
            "50.000000" : 716800,
            "60.000000" : 741376,
            "70.000000" : 765952,
            "80.000000" : 798720,
            "90.000000" : 897024,
            "95.000000" : 2670592,
            "99.000000" : 4554752,
            "99.500000" : 5210112,
            "99.900000" : 6258688,
            "99.950000" : 6586368,
            "99.990000" : 7176192
          }
        },
        "lat_ns" : {
          "min" : 12280,
          "max" : 8054336,
          "mean" : 894413.719552,
          "stddev" : 754754.832337,
          "N" : 6291456
        },
        "bw_min" : 538048,
        "bw_max" : 683936,
        "bw_agg" : 100.000000,
        "bw_mean" : 571455.410390,
        "bw_dev" : 4498.688587,
        "bw_samples" : 701,
        "iops_min" : 67256,
        "iops_max" : 85492,
        "iops_mean" : 71431.937662,
        "iops_stddev" : 562.341348,
        "iops_samples" : 701
      },
      "trim" : {
        "io_bytes" : 0,
        "io_kbytes" : 0,
        "bw_bytes" : 0,
        "bw" : 0,
        "iops" : 0.000000,
        "runtime" : 0,
        "total_ios" : 0,
        "short_ios" : 0,
        "drop_ios" : 0,
        "slat_ns" : {
          "min" : 0,
          "max" : 0,
          "mean" : 0.000000,
          "stddev" : 0.000000,
          "N" : 0
        },
        "clat_ns" : {
          "min" : 0,
          "max" : 0,
          "mean" : 0.000000,
          "stddev" : 0.000000,
          "N" : 0
        },
        "lat_ns" : {
          "min" : 0,
          "max" : 0,
          "mean" : 0.000000,
          "stddev" : 0.000000,
          "N" : 0
        },
        "bw_min" : 0,
        "bw_max" : 0,
        "bw_agg" : 0.000000,
        "bw_mean" : 0.000000,
        "bw_dev" : 0.000000,
        "bw_samples" : 0,
        "iops_min" : 0,
        "iops_max" : 0,
        "iops_mean" : 0.000000,
        "iops_stddev" : 0.000000,
        "iops_samples" : 0
      },
      "sync" : {
        "total_ios" : 0,
        "lat_ns" : {
          "min" : 0,
          "max" : 0,
          "mean" : 0.000000,
          "stddev" : 0.000000,
          "N" : 0
        }
      },
      "job_runtime" : 351779,
      "usr_cpu" : 1.369894,
      "sys_cpu" : 5.661225,
      "ctx" : 3243457,
      "majf" : 0,
      "minf" : 0,
      "iodepth_level" : {
        "1" : 0.100000,
        "2" : 0.100000,
        "4" : 0.100000,
        "8" : 0.100000,
        "16" : 99.999046,
        "32" : 0.000000,
        ">=64" : 0.000000
      },
      "iodepth_submit" : {
        "0" : 0.000000,
        "4" : 100.000000,
        "8" : 0.000000,
        "16" : 0.000000,
        "32" : 0.000000,
        "64" : 0.000000,
        ">=64" : 0.000000
      },
      "iodepth_complete" : {
        "0" : 0.000000,
        "4" : 99.999936,
        "8" : 0.000000,
        "16" : 0.100000,
        "32" : 0.000000,
        "64" : 0.000000,
        ">=64" : 0.000000
      },
      "latency_ns" : {
        "2" : 0.000000,
        "4" : 0.000000,
        "10" : 0.000000,
        "20" : 0.000000,
        "50" : 0.000000,
        "100" : 0.000000,
        "250" : 0.000000,
        "500" : 0.000000,
        "750" : 0.000000,
        "1000" : 0.000000
      },
      "latency_us" : {
        "2" : 0.000000,
        "4" : 0.000000,
        "10" : 0.000000,
        "20" : 0.010000,
        "50" : 0.015942,
        "100" : 0.101058,
        "250" : 1.794068,
        "500" : 3.617891,
        "750" : 59.031677,
        "1000" : 26.923068
      },
      "latency_ms" : {
        "2" : 1.989269,
        "4" : 4.716603,
        "10" : 1.809756,
        "20" : 0.000000,
        "50" : 0.000000,
        "100" : 0.000000,
        "250" : 0.000000,
        "500" : 0.000000,
        "750" : 0.000000,
        "1000" : 0.000000,
        "2000" : 0.000000,
        ">=2000" : 0.000000
      },
      "latency_depth" : 16,
      "latency_target" : 0,
      "latency_percentile" : 100.000000,
      "latency_window" : 0
    }
  ],
  "disk_util" : [
    {
      "name" : "nvme3n1",
      "read_ios" : 153,
      "write_ios" : 6289747,
      "read_merges" : 0,
      "write_merges" : 0,
      "read_ticks" : 527,
      "write_ticks" : 5577863,
      "in_queue" : 5578390,
      "util" : 99.916121
    }
  ]
}
