{
  "fio version" : "fio-3.28",
  "timestamp" : 1743419701,
  "timestamp_ms" : 1743419701623,
  "time" : "Mon Mar 31 20:15:01 2025",
  "global options" : {
    "bs" : "4k",
    "ioengine" : "io_uring",
    "size" : "12G",
    "numjobs" : "4",
    "iodepth" : "16",
    "group_reporting" : "1",
    "direct" : "1",
    "thread" : "1",
    "filename" : "/dev/nvme3n1"
  },
  "jobs" : [
    {
      "jobname" : "randwrite",
      "groupid" : 0,
      "error" : 0,
      "eta" : 0,
      "elapsed" : 177,
      "job options" : {
        "rw" : "randwrite"
      },
      "read" : {
        "io_bytes" : 0,
        "io_kbytes" : 0,
        "bw_bytes" : 0,
        "bw" : 0,
        "iops" : 0.000000,
        "runtime" : 0,
        "total_ios" : 0,
        "short_ios" : 0,
        "drop_ios" : 0,
        "slat_ns" : {
          "min" : 0,
          "max" : 0,
          "mean" : 0.000000,
          "stddev" : 0.000000,
          "N" : 0
        },
        "clat_ns" : {
          "min" : 0,
          "max" : 0,
          "mean" : 0.000000,
          "stddev" : 0.000000,
          "N" : 0
        },
        "lat_ns" : {
          "min" : 0,
          "max" : 0,
          "mean" : 0.000000,
          "stddev" : 0.000000,
          "N" : 0
        },
        "bw_min" : 0,
        "bw_max" : 0,
        "bw_agg" : 0.000000,
        "bw_mean" : 0.000000,
        "bw_dev" : 0.000000,
        "bw_samples" : 0,
        "iops_min" : 0,
        "iops_max" : 0,
        "iops_mean" : 0.000000,
        "iops_stddev" : 0.000000,
        "iops_samples" : 0
      },
      "write" : {
        "io_bytes" : 51539607552,
        "io_kbytes" : 50331648,
        "bw_bytes" : 292242570,
        "bw" : 285393,
        "iops" : 71348.283898,
        "runtime" : 176359,
        "total_ios" : 12582912,
        "short_ios" : 0,
        "drop_ios" : 0,
        "slat_ns" : {
          "min" : 1180,
          "max" : 163059,
          "mean" : 1639.574378,
          "stddev" : 509.654522,
          "N" : 12582912
        },
        "clat_ns" : {
          "min" : 10850,
          "max" : 8549561,
          "mean" : 894090.391138,
          "stddev" : 721762.281815,
          "N" : 12582912,
          "percentile" : {
            "1.000000" : 216064,
            "5.000000" : 485376,
            "10.000000" : 626688,
            "20.000000" : 667648,
            "30.000000" : 692224,
            "40.000000" : 708608,
            "50.000000" : 724992,
            "60.000000" : 749568,
            "70.000000" : 774144,
            "80.000000" : 806912,
            "90.000000" : 905216,
            "95.000000" : 2506752,
            "99.000000" : 4423680,
            "99.500000" : 5079040,
            "99.900000" : 6193152,
            "99.950000" : 6520832,
            "99.990000" : 7110656
          }
        },
        "lat_ns" : {
          "min" : 12830,
          "max" : 8550871,
          "mean" : 895780.987824,
          "stddev" : 721741.756536,
          "N" : 12582912
        },
        "bw_min" : 266728,
        "bw_max" : 327016,
        "bw_agg" : 100.000000,
        "bw_mean" : 285563.938164,
        "bw_dev" : 1897.659948,
        "bw_samples" : 1407,
        "iops_min" : 66682,
        "iops_max" : 81754,
        "iops_mean" : 71390.990223,
        "iops_stddev" : 474.414403,
        "iops_samples" : 1407
      },
      "trim" : {
        "io_bytes" : 0,
        "io_kbytes" : 0,
        "bw_bytes" : 0,
        "bw" : 0,
        "iops" : 0.000000,
        "runtime" : 0,
        "total_ios" : 0,
        "short_ios" : 0,
        "drop_ios" : 0,
        "slat_ns" : {
          "min" : 0,
          "max" : 0,
          "mean" : 0.000000,
          "stddev" : 0.000000,
          "N" : 0
        },
        "clat_ns" : {
          "min" : 0,
          "max" : 0,
          "mean" : 0.000000,
          "stddev" : 0.000000,
          "N" : 0
        },
        "lat_ns" : {
          "min" : 0,
          "max" : 0,
          "mean" : 0.000000,
          "stddev" : 0.000000,
          "N" : 0
        },
        "bw_min" : 0,
        "bw_max" : 0,
        "bw_agg" : 0.000000,
        "bw_mean" : 0.000000,
        "bw_dev" : 0.000000,
        "bw_samples" : 0,
        "iops_min" : 0,
        "iops_max" : 0,
        "iops_mean" : 0.000000,
        "iops_stddev" : 0.000000,
        "iops_samples" : 0
      },
      "sync" : {
        "total_ios" : 0,
        "lat_ns" : {
          "min" : 0,
          "max" : 0,
          "mean" : 0.000000,
          "stddev" : 0.000000,
          "N" : 0
        }
      },
      "job_runtime" : 704640,
      "usr_cpu" : 1.300380,
      "sys_cpu" : 5.037608,
      "ctx" : 6393541,
      "majf" : 0,
      "minf" : 0,
      "iodepth_level" : {
        "1" : 0.100000,
        "2" : 0.100000,
        "4" : 0.100000,
        "8" : 0.100000,
        "16" : 99.999523,
        "32" : 0.000000,
        ">=64" : 0.000000
      },
      "iodepth_submit" : {
        "0" : 0.000000,
        "4" : 100.000000,
        "8" : 0.000000,
        "16" : 0.000000,
        "32" : 0.000000,
        "64" : 0.000000,
        ">=64" : 0.000000
      },
      "iodepth_complete" : {
        "0" : 0.000000,
        "4" : 99.999968,
        "8" : 0.000000,
        "16" : 0.100000,
        "32" : 0.000000,
        "64" : 0.000000,
        ">=64" : 0.000000
      },
      "latency_ns" : {
        "2" : 0.000000,
        "4" : 0.000000,
        "10" : 0.000000,
        "20" : 0.000000,
        "50" : 0.000000,
        "100" : 0.000000,
        "250" : 0.000000,
        "500" : 0.000000,
        "750" : 0.000000,
        "1000" : 0.000000
      },
      "latency_us" : {
        "2" : 0.000000,
        "4" : 0.000000,
        "10" : 0.000000,
        "20" : 0.010000,
        "50" : 0.016975,
        "100" : 0.099452,
        "250" : 1.729012,
        "500" : 3.464230,
        "750" : 55.513676,
        "1000" : 30.239654
      },
      "latency_ms" : {
        "2" : 2.486539,
        "4" : 4.944404,
        "10" : 1.505327,
        "20" : 0.000000,
        "50" : 0.000000,
        "100" : 0.000000,
        "250" : 0.000000,
        "500" : 0.000000,
        "750" : 0.000000,
        "1000" : 0.000000,
        "2000" : 0.000000,
        ">=2000" : 0.000000
      },
      "latency_depth" : 16,
      "latency_target" : 0,
      "latency_percentile" : 100.000000,
      "latency_window" : 0
    }
  ],
  "disk_util" : [
    {
      "name" : "nvme3n1",
      "read_ios" : 112,
      "write_ios" : 12567600,
      "read_merges" : 0,
      "write_merges" : 0,
      "read_ticks" : 329,
      "write_ticks" : 11173706,
      "in_queue" : 11174036,
      "util" : 99.969920
    }
  ]
}
