{
  "fio version" : "fio-3.28",
  "timestamp" : 1743421205,
  "timestamp_ms" : 1743421205259,
  "time" : "Mon Mar 31 20:40:05 2025",
  "global options" : {
    "bs" : "128k",
    "ioengine" : "io_uring",
    "size" : "12G",
    "numjobs" : "4",
    "iodepth" : "16",
    "group_reporting" : "1",
    "direct" : "1",
    "thread" : "1",
    "filename" : "/dev/nvme3n1"
  },
  "jobs" : [
    {
      "jobname" : "seqwrite",
      "groupid" : 0,
      "error" : 0,
      "eta" : 0,
      "elapsed" : 16,
      "job options" : {
        "rw" : "rw"
      },
      "read" : {
        "io_bytes" : 25770983424,
        "io_kbytes" : 25166976,
        "bw_bytes" : 1715777857,
        "bw" : 1675564,
        "iops" : 13090.346205,
        "runtime" : 15020,
        "total_ios" : 196617,
        "short_ios" : 0,
        "drop_ios" : 0,
        "slat_ns" : {
          "min" : 3430,
          "max" : 42019,
          "mean" : 5796.980164,
          "stddev" : 1517.806193,
          "N" : 196617
        },
        "clat_ns" : {
          "min" : 12230,
          "max" : 34429901,
          "mean" : 3929658.910379,
          "stddev" : 3741986.404484,
          "N" : 196617,
          "percentile" : {
            "1.000000" : 42240,
            "5.000000" : 329728,
            "10.000000" : 485376,
            "20.000000" : 1155072,
            "30.000000" : 2039808,
            "40.000000" : 2670592,
            "50.000000" : 3358720,
            "60.000000" : 4079616,
            "70.000000" : 4882432,
            "80.000000" : 6062080,
            "90.000000" : 7438336,
            "95.000000" : 8355840,
            "99.000000" : 27656192,
            "99.500000" : 30277632,
            "99.900000" : 33423360,
            "99.950000" : 33816576,
            "99.990000" : 34340864
          }
        },
        "lat_ns" : {
          "min" : 17340,
          "max" : 34435660,
          "mean" : 3935523.898361,
          "stddev" : 3742152.638644,
          "N" : 196617
        },
        "bw_min" : 599296,
        "bw_max" : 3645952,
        "bw_agg" : 100.000000,
        "bw_mean" : 1906244.855172,
        "bw_dev" : 246508.180209,
        "bw_samples" : 107,
        "iops_min" : 4682,
        "iops_max" : 28484,
        "iops_mean" : 14892.537931,
        "iops_stddev" : 1925.845158,
        "iops_samples" : 107
      },
      "write" : {
        "io_bytes" : 25768624128,
        "io_kbytes" : 25164672,
        "bw_bytes" : 1715620780,
        "bw" : 1675410,
        "iops" : 13089.147803,
        "runtime" : 15020,
        "total_ios" : 196599,
        "short_ios" : 0,
        "drop_ios" : 0,
        "slat_ns" : {
          "min" : 3620,
          "max" : 156038,
          "mean" : 7432.167066,
          "stddev" : 1599.060879,
          "N" : 196599
        },
        "clat_ns" : {
          "min" : 60029,
          "max" : 3959005,
          "mean" : 469292.577821,
          "stddev" : 293065.898667,
          "N" : 196599,
          "percentile" : {
            "1.000000" : 66048,
            "5.000000" : 92672,
            "10.000000" : 125440,
            "20.000000" : 197632,
            "30.000000" : 272384,
            "40.000000" : 350208,
            "50.000000" : 423936,
            "60.000000" : 501760,
            "70.000000" : 593920,
            "80.000000" : 708608,
            "90.000000" : 880640,
            "95.000000" : 1028096,
            "99.000000" : 1302528,
            "99.500000" : 1400832,
            "99.900000" : 1581056,
            "99.950000" : 1712128,
            "99.990000" : 2146304
          }
        },
        "lat_ns" : {
          "min" : 67699,
          "max" : 3966115,
          "mean" : 476793.659179,
          "stddev" : 293046.459211,
          "N" : 196599
        },
        "bw_min" : 593920,
        "bw_max" : 3659008,
        "bw_agg" : 100.000000,
        "bw_mean" : 1905720.790805,
        "bw_dev" : 244424.391779,
        "bw_samples" : 107,
        "iops_min" : 4640,
        "iops_max" : 28586,
        "iops_mean" : 14888.443678,
        "iops_stddev" : 1909.565561,
        "iops_samples" : 107
      },
      "trim" : {
        "io_bytes" : 0,
        "io_kbytes" : 0,
        "bw_bytes" : 0,
        "bw" : 0,
        "iops" : 0.000000,
        "runtime" : 0,
        "total_ios" : 0,
        "short_ios" : 0,
        "drop_ios" : 0,
        "slat_ns" : {
          "min" : 0,
          "max" : 0,
          "mean" : 0.000000,
          "stddev" : 0.000000,
          "N" : 0
        },
        "clat_ns" : {
          "min" : 0,
          "max" : 0,
          "mean" : 0.000000,
          "stddev" : 0.000000,
          "N" : 0
        },
        "lat_ns" : {
          "min" : 0,
          "max" : 0,
          "mean" : 0.000000,
          "stddev" : 0.000000,
          "N" : 0
        },
        "bw_min" : 0,
        "bw_max" : 0,
        "bw_agg" : 0.000000,
        "bw_mean" : 0.000000,
        "bw_dev" : 0.000000,
        "bw_samples" : 0,
        "iops_min" : 0,
        "iops_max" : 0,
        "iops_mean" : 0.000000,
        "iops_stddev" : 0.000000,
        "iops_samples" : 0
      },
      "sync" : {
        "total_ios" : 0,
        "lat_ns" : {
          "min" : 0,
          "max" : 0,
          "mean" : 0.000000,
          "stddev" : 0.000000,
          "N" : 0
        }
      },
      "job_runtime" : 54229,
      "usr_cpu" : 1.705729,
      "sys_cpu" : 6.406166,
      "ctx" : 344662,
      "majf" : 0,
      "minf" : 2,
      "iodepth_level" : {
        "1" : 0.100000,
        "2" : 0.100000,
        "4" : 0.100000,
        "8" : 0.100000,
        "16" : 99.984741,
        "32" : 0.000000,
        ">=64" : 0.000000
      },
      "iodepth_submit" : {
        "0" : 0.000000,
        "4" : 100.000000,
        "8" : 0.000000,
        "16" : 0.000000,
        "32" : 0.000000,
        "64" : 0.000000,
        ">=64" : 0.000000
      },
      "iodepth_complete" : {
        "0" : 0.000000,
        "4" : 99.998983,
        "8" : 0.000000,
        "16" : 0.100000,
        "32" : 0.000000,
        "64" : 0.000000,
        ">=64" : 0.000000
      },
      "latency_ns" : {
        "2" : 0.000000,
        "4" : 0.000000,
        "10" : 0.000000,
        "20" : 0.000000,
        "50" : 0.000000,
        "100" : 0.000000,
        "250" : 0.000000,
        "500" : 0.000000,
        "750" : 0.000000,
        "1000" : 0.000000
      },
      "latency_us" : {
        "2" : 0.000000,
        "4" : 0.000000,
        "10" : 0.000000,
        "20" : 0.093842,
        "50" : 0.488536,
        "100" : 3.179932,
        "250" : 11.434174,
        "500" : 19.838460,
        "750" : 14.367167,
        "1000" : 7.012685
      },
      "latency_ms" : {
        "2" : 8.297221,
        "4" : 14.825439,
        "10" : 19.706472,
        "20" : 0.166575,
        "50" : 0.589498,
        "100" : 0.000000,
        "250" : 0.000000,
        "500" : 0.000000,
        "750" : 0.000000,
        "1000" : 0.000000,
        "2000" : 0.000000,
        ">=2000" : 0.000000
      },
      "latency_depth" : 16,
      "latency_target" : 0,
      "latency_percentile" : 100.000000,
      "latency_window" : 0
    }
  ],
  "disk_util" : [
    {
      "name" : "nvme3n1",
      "read_ios" : 195182,
      "write_ios" : 195064,
      "read_merges" : 0,
      "write_merges" : 0,
      "read_ticks" : 766756,
      "write_ticks" : 90378,
      "in_queue" : 857134,
      "util" : 99.359616
    }
  ]
}
