{
  "fio version" : "fio-3.28",
  "timestamp" : 1743421035,
  "timestamp_ms" : 1743421035578,
  "time" : "Mon Mar 31 20:37:15 2025",
  "global options" : {
    "bs" : "16k",
    "ioengine" : "io_uring",
    "size" : "12G",
    "numjobs" : "4",
    "iodepth" : "16",
    "group_reporting" : "1",
    "direct" : "1",
    "thread" : "1",
    "filename" : "/dev/nvme3n1"
  },
  "jobs" : [
    {
      "jobname" : "seqwrite",
      "groupid" : 0,
      "error" : 0,
      "eta" : 0,
      "elapsed" : 33,
      "job options" : {
        "rw" : "rw"
      },
      "read" : {
        "io_bytes" : 25767870464,
        "io_kbytes" : 25163936,
        "bw_bytes" : 803638674,
        "bw" : 784803,
        "iops" : 49050.212076,
        "runtime" : 32064,
        "total_ios" : 1572746,
        "short_ios" : 0,
        "drop_ios" : 0,
        "slat_ns" : {
          "min" : 1620,
          "max" : 179837,
          "mean" : 2394.739378,
          "stddev" : 872.673986,
          "N" : 1572746
        },
        "clat_ns" : {
          "min" : 40,
          "max" : 32755951,
          "mean" : 867957.623487,
          "stddev" : 3097458.320105,
          "N" : 1572746,
          "percentile" : {
            "1.000000" : 10176,
            "5.000000" : 71168,
            "10.000000" : 91648,
            "20.000000" : 130560,
            "30.000000" : 189440,
            "40.000000" : 211968,
            "50.000000" : 218112,
            "60.000000" : 220160,
            "70.000000" : 222208,
            "80.000000" : 240640,
            "90.000000" : 313344,
            "95.000000" : 757760,
            "99.000000" : 14614528,
            "99.500000" : 15007744,
            "99.900000" : 27394048,
            "99.950000" : 28442624,
            "99.990000" : 29491200
          }
        },
        "lat_ns" : {
          "min" : 5240,
          "max" : 32759331,
          "mean" : 870404.751247,
          "stddev" : 3097476.466025,
          "N" : 1572746
        },
        "bw_min" : 305952,
        "bw_max" : 1829376,
        "bw_agg" : 100.000000,
        "bw_mean" : 1479262.246032,
        "bw_dev" : 107914.871340,
        "bw_samples" : 204,
        "iops_min" : 19122,
        "iops_max" : 114336,
        "iops_mean" : 92453.875496,
        "iops_stddev" : 6744.680302,
        "iops_samples" : 204
      },
      "write" : {
        "io_bytes" : 25771737088,
        "io_kbytes" : 25167712,
        "bw_bytes" : 803759265,
        "bw" : 784921,
        "iops" : 49057.572355,
        "runtime" : 32064,
        "total_ios" : 1572982,
        "short_ios" : 0,
        "drop_ios" : 0,
        "slat_ns" : {
          "min" : 1570,
          "max" : 197426,
          "mean" : 2570.026470,
          "stddev" : 941.361865,
          "N" : 1572982
        },
        "clat_ns" : {
          "min" : 50,
          "max" : 1359048,
          "mean" : 175266.576365,
          "stddev" : 107660.071874,
          "N" : 1572982,
          "percentile" : {
            "1.000000" : 16192,
            "5.000000" : 38144,
            "10.000000" : 60672,
            "20.000000" : 88576,
            "30.000000" : 114176,
            "40.000000" : 150528,
            "50.000000" : 207872,
            "60.000000" : 216064,
            "70.000000" : 218112,
            "80.000000" : 220160,
            "90.000000" : 224256,
            "95.000000" : 288768,
            "99.000000" : 716800,
            "99.500000" : 847872,
            "99.900000" : 995328,
            "99.950000" : 1056768,
            "99.990000" : 1187840
          }
        },
        "lat_ns" : {
          "min" : 11240,
          "max" : 1361118,
          "mean" : 177889.266538,
          "stddev" : 107644.745398,
          "N" : 1572982
        },
        "bw_min" : 302304,
        "bw_max" : 1818784,
        "bw_agg" : 100.000000,
        "bw_mean" : 1477949.017705,
        "bw_dev" : 107729.309821,
        "bw_samples" : 204,
        "iops_min" : 18894,
        "iops_max" : 113674,
        "iops_mean" : 92371.799718,
        "iops_stddev" : 6733.082640,
        "iops_samples" : 204
      },
      "trim" : {
        "io_bytes" : 0,
        "io_kbytes" : 0,
        "bw_bytes" : 0,
        "bw" : 0,
        "iops" : 0.000000,
        "runtime" : 0,
        "total_ios" : 0,
        "short_ios" : 0,
        "drop_ios" : 0,
        "slat_ns" : {
          "min" : 0,
          "max" : 0,
          "mean" : 0.000000,
          "stddev" : 0.000000,
          "N" : 0
        },
        "clat_ns" : {
          "min" : 0,
          "max" : 0,
          "mean" : 0.000000,
          "stddev" : 0.000000,
          "N" : 0
        },
        "lat_ns" : {
          "min" : 0,
          "max" : 0,
          "mean" : 0.000000,
          "stddev" : 0.000000,
          "N" : 0
        },
        "bw_min" : 0,
        "bw_max" : 0,
        "bw_agg" : 0.000000,
        "bw_mean" : 0.000000,
        "bw_dev" : 0.000000,
        "bw_samples" : 0,
        "iops_min" : 0,
        "iops_max" : 0,
        "iops_mean" : 0.000000,
        "iops_stddev" : 0.000000,
        "iops_samples" : 0
      },
      "sync" : {
        "total_ios" : 0,
        "lat_ns" : {
          "min" : 0,
          "max" : 0,
          "mean" : 0.000000,
          "stddev" : 0.000000,
          "N" : 0
        }
      },
      "job_runtime" : 103088,
      "usr_cpu" : 2.227223,
      "sys_cpu" : 11.705533,
      "ctx" : 1785149,
      "majf" : 0,
      "minf" : 0,
      "iodepth_level" : {
        "1" : 0.100000,
        "2" : 0.100000,
        "4" : 0.100000,
        "8" : 0.100000,
        "16" : 99.998093,
        "32" : 0.000000,
        ">=64" : 0.000000
      },
      "iodepth_submit" : {
        "0" : 0.000000,
        "4" : 100.000000,
        "8" : 0.000000,
        "16" : 0.000000,
        "32" : 0.000000,
        "64" : 0.000000,
        ">=64" : 0.000000
      },
      "iodepth_complete" : {
        "0" : 0.000000,
        "4" : 99.999873,
        "8" : 0.000000,
        "16" : 0.100000,
        "32" : 0.000000,
        "64" : 0.000000,
        ">=64" : 0.000000
      },
      "latency_ns" : {
        "2" : 0.000000,
        "4" : 0.000000,
        "10" : 0.000000,
        "20" : 0.000000,
        "50" : 0.010000,
        "100" : 0.010000,
        "250" : 0.000000,
        "500" : 0.000000,
        "750" : 0.000000,
        "1000" : 0.000000
      },
      "latency_us" : {
        "2" : 0.000000,
        "4" : 0.025177,
        "10" : 0.468731,
        "20" : 1.237647,
        "50" : 2.930546,
        "100" : 13.744164,
        "250" : 69.106197,
        "500" : 8.695380,
        "750" : 0.859706,
        "1000" : 0.548204
      },
      "latency_ms" : {
        "2" : 0.085640,
        "4" : 0.010000,
        "10" : 0.059477,
        "20" : 2.113120,
        "50" : 0.120926,
        "100" : 0.000000,
        "250" : 0.000000,
        "500" : 0.000000,
        "750" : 0.000000,
        "1000" : 0.000000,
        "2000" : 0.000000,
        ">=2000" : 0.000000
      },
      "latency_depth" : 16,
      "latency_target" : 0,
      "latency_percentile" : 100.000000,
      "latency_window" : 0
    }
  ],
  "disk_util" : [
    {
      "name" : "nvme3n1",
      "read_ios" : 1565352,
      "write_ios" : 1565350,
      "read_merges" : 0,
      "write_merges" : 0,
      "read_ticks" : 1352073,
      "write_ticks" : 268264,
      "in_queue" : 1620338,
      "util" : 99.718627
    }
  ]
}
