{
  "fio version" : "fio-3.28",
  "timestamp" : 1743419523,
  "timestamp_ms" : 1743419523638,
  "time" : "Mon Mar 31 20:12:03 2025",
  "global options" : {
    "bs" : "4k",
    "ioengine" : "io_uring",
    "size" : "12G",
    "numjobs" : "4",
    "iodepth" : "16",
    "group_reporting" : "1",
    "direct" : "1",
    "thread" : "1",
    "filename" : "/dev/nvme3n1"
  },
  "jobs" : [
    {
      "jobname" : "seqwrite",
      "groupid" : 0,
      "error" : 0,
      "eta" : 0,
      "elapsed" : 177,
      "job options" : {
        "rw" : "write"
      },
      "read" : {
        "io_bytes" : 0,
        "io_kbytes" : 0,
        "bw_bytes" : 0,
        "bw" : 0,
        "iops" : 0.000000,
        "runtime" : 0,
        "total_ios" : 0,
        "short_ios" : 0,
        "drop_ios" : 0,
        "slat_ns" : {
          "min" : 0,
          "max" : 0,
          "mean" : 0.000000,
          "stddev" : 0.000000,
          "N" : 0
        },
        "clat_ns" : {
          "min" : 0,
          "max" : 0,
          "mean" : 0.000000,
          "stddev" : 0.000000,
          "N" : 0
        },
        "lat_ns" : {
          "min" : 0,
          "max" : 0,
          "mean" : 0.000000,
          "stddev" : 0.000000,
          "N" : 0
        },
        "bw_min" : 0,
        "bw_max" : 0,
        "bw_agg" : 0.000000,
        "bw_mean" : 0.000000,
        "bw_dev" : 0.000000,
        "bw_samples" : 0,
        "iops_min" : 0,
        "iops_max" : 0,
        "iops_mean" : 0.000000,
        "iops_stddev" : 0.000000,
        "iops_samples" : 0
      },
      "write" : {
        "io_bytes" : 51539607552,
        "io_kbytes" : 50331648,
        "bw_bytes" : 292730568,
        "bw" : 285869,
        "iops" : 71467.423963,
        "runtime" : 176065,
        "total_ios" : 12582912,
        "short_ios" : 0,
        "drop_ios" : 0,
        "slat_ns" : {
          "min" : 1200,
          "max" : 223139,
          "mean" : 1756.836471,
          "stddev" : 573.828121,
          "N" : 12582912
        },
        "clat_ns" : {
          "min" : 14300,
          "max" : 21675204,
          "mean" : 892574.185851,
          "stddev" : 259591.438830,
          "N" : 12582912,
          "percentile" : {
            "1.000000" : 436224,
            "5.000000" : 675840,
            "10.000000" : 716800,
            "20.000000" : 774144,
            "30.000000" : 823296,
            "40.000000" : 847872,
            "50.000000" : 864256,
            "60.000000" : 880640,
            "70.000000" : 888832,
            "80.000000" : 913408,
            "90.000000" : 1044480,
            "95.000000" : 1269760,
            "99.000000" : 1957888,
            "99.500000" : 2088960,
            "99.900000" : 3162112,
            "99.950000" : 3817472,
            "99.990000" : 5668864
          }
        },
        "lat_ns" : {
          "min" : 19460,
          "max" : 21676494,
          "mean" : 894389.112684,
          "stddev" : 259578.865820,
          "N" : 12582912
        },
        "bw_min" : 239640,
        "bw_max" : 369744,
        "bw_agg" : 100.000000,
        "bw_mean" : 286071.814167,
        "bw_dev" : 2215.590256,
        "bw_samples" : 1405,
        "iops_min" : 59910,
        "iops_max" : 92436,
        "iops_mean" : 71517.953542,
        "iops_stddev" : 553.897564,
        "iops_samples" : 1405
      },
      "trim" : {
        "io_bytes" : 0,
        "io_kbytes" : 0,
        "bw_bytes" : 0,
        "bw" : 0,
        "iops" : 0.000000,
        "runtime" : 0,
        "total_ios" : 0,
        "short_ios" : 0,
        "drop_ios" : 0,
        "slat_ns" : {
          "min" : 0,
          "max" : 0,
          "mean" : 0.000000,
          "stddev" : 0.000000,
          "N" : 0
        },
        "clat_ns" : {
          "min" : 0,
          "max" : 0,
          "mean" : 0.000000,
          "stddev" : 0.000000,
          "N" : 0
        },
        "lat_ns" : {
          "min" : 0,
          "max" : 0,
          "mean" : 0.000000,
          "stddev" : 0.000000,
          "N" : 0
        },
        "bw_min" : 0,
        "bw_max" : 0,
        "bw_agg" : 0.000000,
        "bw_mean" : 0.000000,
        "bw_dev" : 0.000000,
        "bw_samples" : 0,
        "iops_min" : 0,
        "iops_max" : 0,
        "iops_mean" : 0.000000,
        "iops_stddev" : 0.000000,
        "iops_samples" : 0
      },
      "sync" : {
        "total_ios" : 0,
        "lat_ns" : {
          "min" : 0,
          "max" : 0,
          "mean" : 0.000000,
          "stddev" : 0.000000,
          "N" : 0
        }
      },
      "job_runtime" : 703570,
      "usr_cpu" : 1.448754,
      "sys_cpu" : 5.156132,
      "ctx" : 5861690,
      "majf" : 0,
      "minf" : 0,
      "iodepth_level" : {
        "1" : 0.100000,
        "2" : 0.100000,
        "4" : 0.100000,
        "8" : 0.100000,
        "16" : 99.999523,
        "32" : 0.000000,
        ">=64" : 0.000000
      },
      "iodepth_submit" : {
        "0" : 0.000000,
        "4" : 100.000000,
        "8" : 0.000000,
        "16" : 0.000000,
        "32" : 0.000000,
        "64" : 0.000000,
        ">=64" : 0.000000
      },
      "iodepth_complete" : {
        "0" : 0.000000,
        "4" : 99.999968,
        "8" : 0.000000,
        "16" : 0.100000,
        "32" : 0.000000,
        "64" : 0.000000,
        ">=64" : 0.000000
      },
      "latency_ns" : {
        "2" : 0.000000,
        "4" : 0.000000,
        "10" : 0.000000,
        "20" : 0.000000,
        "50" : 0.000000,
        "100" : 0.000000,
        "250" : 0.000000,
        "500" : 0.000000,
        "750" : 0.000000,
        "1000" : 0.000000
      },
      "latency_us" : {
        "2" : 0.000000,
        "4" : 0.000000,
        "10" : 0.000000,
        "20" : 0.010000,
        "50" : 0.010000,
        "100" : 0.022006,
        "250" : 0.476583,
        "500" : 1.321856,
        "750" : 14.786005,
        "1000" : 71.531343
      },
      "latency_ms" : {
        "2" : 11.027400,
        "4" : 0.785836,
        "10" : 0.044696,
        "20" : 0.010000,
        "50" : 0.010000,
        "100" : 0.000000,
        "250" : 0.000000,
        "500" : 0.000000,
        "750" : 0.000000,
        "1000" : 0.000000,
        "2000" : 0.000000,
        ">=2000" : 0.000000
      },
      "latency_depth" : 16,
      "latency_target" : 0,
      "latency_percentile" : 100.000000,
      "latency_window" : 0
    }
  ],
  "disk_util" : [
    {
      "name" : "nvme3n1",
      "read_ios" : 115,
      "write_ios" : 12570924,
      "read_merges" : 0,
      "write_merges" : 0,
      "read_ticks" : 287,
      "write_ticks" : 11148053,
      "in_queue" : 11148341,
      "util" : 99.969878
    }
  ]
}
