{
  "fio version" : "fio-3.28",
  "timestamp" : 1740406491,
  "timestamp_ms" : 1740406491933,
  "time" : "Mon Feb 24 23:14:51 2025",
  "global options" : {
    "bs" : "16k",
    "ioengine" : "io_uring",
    "size" : "12G",
    "numjobs" : "4",
    "iodepth" : "16",
    "group_reporting" : "1",
    "direct" : "1",
    "thread" : "1",
    "filename" : "/dev/nvme3n1"
  },
  "jobs" : [
    {
      "jobname" : "randwrite",
      "groupid" : 0,
      "error" : 0,
      "eta" : 0,
      "elapsed" : 47,
      "job options" : {
        "rw" : "randwrite"
      },
      "read" : {
        "io_bytes" : 0,
        "io_kbytes" : 0,
        "bw_bytes" : 0,
        "bw" : 0,
        "iops" : 0.000000,
        "runtime" : 0,
        "total_ios" : 0,
        "short_ios" : 0,
        "drop_ios" : 0,
        "slat_ns" : {
          "min" : 0,
          "max" : 0,
          "mean" : 0.000000,
          "stddev" : 0.000000,
          "N" : 0
        },
        "clat_ns" : {
          "min" : 0,
          "max" : 0,
          "mean" : 0.000000,
          "stddev" : 0.000000,
          "N" : 0
        },
        "lat_ns" : {
          "min" : 0,
          "max" : 0,
          "mean" : 0.000000,
          "stddev" : 0.000000,
          "N" : 0
        },
        "bw_min" : 0,
        "bw_max" : 0,
        "bw_agg" : 0.000000,
        "bw_mean" : 0.000000,
        "bw_dev" : 0.000000,
        "bw_samples" : 0,
        "iops_min" : 0,
        "iops_max" : 0,
        "iops_mean" : 0.000000,
        "iops_stddev" : 0.000000,
        "iops_samples" : 0
      },
      "write" : {
        "io_bytes" : 51539607552,
        "io_kbytes" : 50331648,
        "bw_bytes" : 1103371958,
        "bw" : 1077511,
        "iops" : 67344.479887,
        "runtime" : 46711,
        "total_ios" : 3145728,
        "short_ios" : 0,
        "drop_ios" : 0,
        "slat_ns" : {
          "min" : 1930,
          "max" : 51580,
          "mean" : 2977.886250,
          "stddev" : 757.280498,
          "N" : 3145728
        },
        "clat_ns" : {
          "min" : 13560,
          "max" : 3122058,
          "mean" : 935496.481799,
          "stddev" : 278995.833196,
          "N" : 3145728,
          "percentile" : {
            "1.000000" : 370688,
            "5.000000" : 522240,
            "10.000000" : 602112,
            "20.000000" : 700416,
            "30.000000" : 782336,
            "40.000000" : 847872,
            "50.000000" : 905216,
            "60.000000" : 970752,
            "70.000000" : 1056768,
            "80.000000" : 1155072,
            "90.000000" : 1302528,
            "95.000000" : 1433600,
            "99.000000" : 1712128,
            "99.500000" : 1810432,
            "99.900000" : 2039808,
            "99.950000" : 2146304,
            "99.990000" : 2375680
          }
        },
        "lat_ns" : {
          "min" : 19000,
          "max" : 3125018,
          "mean" : 938541.487246,
          "stddev" : 278939.221528,
          "N" : 3145728
        },
        "bw_min" : 961024,
        "bw_max" : 1619846,
        "bw_agg" : 100.000000,
        "bw_mean" : 1085323.726251,
        "bw_dev" : 28734.044308,
        "bw_samples" : 367,
        "iops_min" : 60064,
        "iops_max" : 101239,
        "iops_mean" : 67832.718018,
        "iops_stddev" : 1795.850186,
        "iops_samples" : 367
      },
      "trim" : {
        "io_bytes" : 0,
        "io_kbytes" : 0,
        "bw_bytes" : 0,
        "bw" : 0,
        "iops" : 0.000000,
        "runtime" : 0,
        "total_ios" : 0,
        "short_ios" : 0,
        "drop_ios" : 0,
        "slat_ns" : {
          "min" : 0,
          "max" : 0,
          "mean" : 0.000000,
          "stddev" : 0.000000,
          "N" : 0
        },
        "clat_ns" : {
          "min" : 0,
          "max" : 0,
          "mean" : 0.000000,
          "stddev" : 0.000000,
          "N" : 0
        },
        "lat_ns" : {
          "min" : 0,
          "max" : 0,
          "mean" : 0.000000,
          "stddev" : 0.000000,
          "N" : 0
        },
        "bw_min" : 0,
        "bw_max" : 0,
        "bw_agg" : 0.000000,
        "bw_mean" : 0.000000,
        "bw_dev" : 0.000000,
        "bw_samples" : 0,
        "iops_min" : 0,
        "iops_max" : 0,
        "iops_mean" : 0.000000,
        "iops_stddev" : 0.000000,
        "iops_samples" : 0
      },
      "sync" : {
        "total_ios" : 0,
        "lat_ns" : {
          "min" : 0,
          "max" : 0,
          "mean" : 0.000000,
          "stddev" : 0.000000,
          "N" : 0
        }
      },
      "job_runtime" : 184594,
      "usr_cpu" : 2.465952,
      "sys_cpu" : 7.704476,
      "ctx" : 2326106,
      "majf" : 0,
      "minf" : 0,
      "iodepth_level" : {
        "1" : 0.100000,
        "2" : 0.100000,
        "4" : 0.100000,
        "8" : 0.100000,
        "16" : 99.998093,
        "32" : 0.000000,
        ">=64" : 0.000000
      },
      "iodepth_submit" : {
        "0" : 0.000000,
        "4" : 100.000000,
        "8" : 0.000000,
        "16" : 0.000000,
        "32" : 0.000000,
        "64" : 0.000000,
        ">=64" : 0.000000
      },
      "iodepth_complete" : {
        "0" : 0.000000,
        "4" : 99.999873,
        "8" : 0.000000,
        "16" : 0.100000,
        "32" : 0.000000,
        "64" : 0.000000,
        ">=64" : 0.000000
      },
      "latency_ns" : {
        "2" : 0.000000,
        "4" : 0.000000,
        "10" : 0.000000,
        "20" : 0.000000,
        "50" : 0.000000,
        "100" : 0.000000,
        "250" : 0.000000,
        "500" : 0.000000,
        "750" : 0.000000,
        "1000" : 0.000000
      },
      "latency_us" : {
        "2" : 0.000000,
        "4" : 0.000000,
        "10" : 0.000000,
        "20" : 0.010000,
        "50" : 0.021299,
        "100" : 0.033283,
        "250" : 0.223986,
        "500" : 3.761196,
        "750" : 22.841454,
        "1000" : 35.374800
      },
      "latency_ms" : {
        "2" : 37.601407,
        "4" : 0.141621,
        "10" : 0.000000,
        "20" : 0.000000,
        "50" : 0.000000,
        "100" : 0.000000,
        "250" : 0.000000,
        "500" : 0.000000,
        "750" : 0.000000,
        "1000" : 0.000000,
        "2000" : 0.000000,
        ">=2000" : 0.000000
      },
      "latency_depth" : 16,
      "latency_target" : 0,
      "latency_percentile" : 100.000000,
      "latency_window" : 0
    }
  ],
  "disk_util" : [
    {
      "name" : "nvme3n1",
      "read_ios" : 175,
      "write_ios" : 3141390,
      "read_merges" : 0,
      "write_merges" : 0,
      "read_ticks" : 22,
      "write_ticks" : 2933478,
      "in_queue" : 2933501,
      "util" : 99.811700
    }
  ]
}
