{
  "fio version" : "fio-3.28",
  "timestamp" : 1728157619,
  "timestamp_ms" : 1728157619751,
  "time" : "Sun Oct  6 04:46:59 2024",
  "global options" : {
    "size" : "127G",
    "direct" : "1",
    "runtime" : "60",
    "ioengine" : "libaio",
    "numjobs" : "4",
    "iodepth" : "16"
  },
  "jobs" : [
    {
      "jobname" : "rand-rw-async-16k-0",
      "groupid" : 0,
      "error" : 0,
      "eta" : 0,
      "elapsed" : 61,
      "job options" : {
        "rw" : "randrw",
        "random_distribution" : "random",
        "rwmixread" : "0",
        "bs" : "16k",
        "filename" : "/dev/nvme3n1"
      },
      "read" : {
        "io_bytes" : 0,
        "io_kbytes" : 0,
        "bw_bytes" : 0,
        "bw" : 0,
        "iops" : 0.000000,
        "runtime" : 0,
        "total_ios" : 0,
        "short_ios" : 0,
        "drop_ios" : 0,
        "slat_ns" : {
          "min" : 0,
          "max" : 0,
          "mean" : 0.000000,
          "stddev" : 0.000000,
          "N" : 0
        },
        "clat_ns" : {
          "min" : 0,
          "max" : 0,
          "mean" : 0.000000,
          "stddev" : 0.000000,
          "N" : 0
        },
        "lat_ns" : {
          "min" : 0,
          "max" : 0,
          "mean" : 0.000000,
          "stddev" : 0.000000,
          "N" : 0
        },
        "bw_min" : 0,
        "bw_max" : 0,
        "bw_agg" : 0.000000,
        "bw_mean" : 0.000000,
        "bw_dev" : 0.000000,
        "bw_samples" : 0,
        "iops_min" : 0,
        "iops_max" : 0,
        "iops_mean" : 0.000000,
        "iops_stddev" : 0.000000,
        "iops_samples" : 0
      },
      "write" : {
        "io_bytes" : 7726972928,
        "io_kbytes" : 7545872,
        "bw_bytes" : 128750694,
        "bw" : 125733,
        "iops" : 7858.318754,
        "runtime" : 60015,
        "total_ios" : 471617,
        "short_ios" : 0,
        "drop_ios" : 0,
        "slat_ns" : {
          "min" : 2010,
          "max" : 19300,
          "mean" : 2783.824213,
          "stddev" : 531.816684,
          "N" : 471617
        },
        "clat_ns" : {
          "min" : 80589,
          "max" : 35879802,
          "mean" : 8140625.828942,
          "stddev" : 4272681.754737,
          "N" : 471617,
          "percentile" : {
            "1.000000" : 921600,
            "5.000000" : 2007040,
            "10.000000" : 2932736,
            "20.000000" : 4292608,
            "30.000000" : 5537792,
            "40.000000" : 6586368,
            "50.000000" : 7700480,
            "60.000000" : 8847360,
            "70.000000" : 10027008,
            "80.000000" : 11599872,
            "90.000000" : 13959168,
            "95.000000" : 15925248,
            "99.000000" : 19791872,
            "99.500000" : 21364736,
            "99.900000" : 25034752,
            "99.950000" : 26345472,
            "99.990000" : 30015488
          }
        },
        "lat_ns" : {
          "min" : 83079,
          "max" : 35882242,
          "mean" : 8143459.649750,
          "stddev" : 4272702.466697,
          "N" : 471617
        },
        "bw_min" : 75744,
        "bw_max" : 199968,
        "bw_agg" : 99.992763,
        "bw_mean" : 125724.817927,
        "bw_dev" : 7376.656549,
        "bw_samples" : 478,
        "iops_min" : 4734,
        "iops_max" : 12498,
        "iops_mean" : 7857.801120,
        "iops_stddev" : 461.041034,
        "iops_samples" : 478
      },
      "trim" : {
        "io_bytes" : 0,
        "io_kbytes" : 0,
        "bw_bytes" : 0,
        "bw" : 0,
        "iops" : 0.000000,
        "runtime" : 0,
        "total_ios" : 0,
        "short_ios" : 0,
        "drop_ios" : 0,
        "slat_ns" : {
          "min" : 0,
          "max" : 0,
          "mean" : 0.000000,
          "stddev" : 0.000000,
          "N" : 0
        },
        "clat_ns" : {
          "min" : 0,
          "max" : 0,
          "mean" : 0.000000,
          "stddev" : 0.000000,
          "N" : 0
        },
        "lat_ns" : {
          "min" : 0,
          "max" : 0,
          "mean" : 0.000000,
          "stddev" : 0.000000,
          "N" : 0
        },
        "bw_min" : 0,
        "bw_max" : 0,
        "bw_agg" : 0.000000,
        "bw_mean" : 0.000000,
        "bw_dev" : 0.000000,
        "bw_samples" : 0,
        "iops_min" : 0,
        "iops_max" : 0,
        "iops_mean" : 0.000000,
        "iops_stddev" : 0.000000,
        "iops_samples" : 0
      },
      "sync" : {
        "total_ios" : 0,
        "lat_ns" : {
          "min" : 0,
          "max" : 0,
          "mean" : 0.000000,
          "stddev" : 0.000000,
          "N" : 0
        }
      },
      "job_runtime" : 240048,
      "usr_cpu" : 0.317437,
      "sys_cpu" : 0.981887,
      "ctx" : 464406,
      "majf" : 0,
      "minf" : 51,
      "iodepth_level" : {
        "1" : 0.100000,
        "2" : 0.100000,
        "4" : 0.100000,
        "8" : 0.100000,
        "16" : 99.987278,
        "32" : 0.000000,
        ">=64" : 0.000000
      },
      "iodepth_submit" : {
        "0" : 0.000000,
        "4" : 100.000000,
        "8" : 0.000000,
        "16" : 0.000000,
        "32" : 0.000000,
        "64" : 0.000000,
        ">=64" : 0.000000
      },
      "iodepth_complete" : {
        "0" : 0.000000,
        "4" : 99.999152,
        "8" : 0.000000,
        "16" : 0.100000,
        "32" : 0.000000,
        "64" : 0.000000,
        ">=64" : 0.000000
      },
      "latency_ns" : {
        "2" : 0.000000,
        "4" : 0.000000,
        "10" : 0.000000,
        "20" : 0.000000,
        "50" : 0.000000,
        "100" : 0.000000,
        "250" : 0.000000,
        "500" : 0.000000,
        "750" : 0.000000,
        "1000" : 0.000000
      },
      "latency_us" : {
        "2" : 0.000000,
        "4" : 0.000000,
        "10" : 0.000000,
        "20" : 0.000000,
        "50" : 0.000000,
        "100" : 0.010000,
        "250" : 0.050253,
        "500" : 0.339894,
        "750" : 0.352193,
        "1000" : 0.401385
      },
      "latency_ms" : {
        "2" : 3.828106,
        "4" : 12.453962,
        "10" : 51.893592,
        "20" : 29.775644,
        "50" : 0.904760,
        "100" : 0.000000,
        "250" : 0.000000,
        "500" : 0.000000,
        "750" : 0.000000,
        "1000" : 0.000000,
        "2000" : 0.000000,
        ">=2000" : 0.000000
      },
      "latency_depth" : 16,
      "latency_target" : 0,
      "latency_percentile" : 100.000000,
      "latency_window" : 0
    }
  ],
  "disk_util" : [
    {
      "name" : "nvme3n1",
      "read_ios" : 86,
      "write_ios" : 470746,
      "read_merges" : 0,
      "write_merges" : 0,
      "read_ticks" : 12,
      "write_ticks" : 3830261,
      "in_queue" : 3830272,
      "util" : 99.864964
    }
  ]
}
