{
  "fio version" : "fio-3.28",
  "timestamp" : 1728157498,
  "timestamp_ms" : 1728157498905,
  "time" : "Sun Oct  6 04:44:58 2024",
  "global options" : {
    "size" : "127G",
    "direct" : "1",
    "runtime" : "60",
    "ioengine" : "libaio",
    "numjobs" : "4",
    "iodepth" : "16"
  },
  "jobs" : [
    {
      "jobname" : "rand-rw-async-128k-90",
      "groupid" : 0,
      "error" : 0,
      "eta" : 0,
      "elapsed" : 61,
      "job options" : {
        "rw" : "randrw",
        "random_distribution" : "random",
        "rwmixread" : "90",
        "bs" : "128k",
        "filename" : "/dev/nvme3n1"
      },
      "read" : {
        "io_bytes" : 118968680448,
        "io_kbytes" : 116180352,
        "bw_bytes" : 1982580039,
        "bw" : 1936113,
        "iops" : 15125.885313,
        "runtime" : 60007,
        "total_ios" : 907659,
        "short_ios" : 0,
        "drop_ios" : 0,
        "slat_ns" : {
          "min" : 3410,
          "max" : 19770,
          "mean" : 4031.800256,
          "stddev" : 649.571251,
          "N" : 907659
        },
        "clat_ns" : {
          "min" : 9240,
          "max" : 18883099,
          "mean" : 4128288.628795,
          "stddev" : 1353641.041639,
          "N" : 907659,
          "percentile" : {
            "1.000000" : 1187840,
            "5.000000" : 2088960,
            "10.000000" : 2473984,
            "20.000000" : 2998272,
            "30.000000" : 3424256,
            "40.000000" : 3751936,
            "50.000000" : 4046848,
            "60.000000" : 4423680,
            "70.000000" : 4816896,
            "80.000000" : 5210112,
            "90.000000" : 5799936,
            "95.000000" : 6389760,
            "99.000000" : 7766016,
            "99.500000" : 8454144,
            "99.900000" : 10420224,
            "99.950000" : 11206656,
            "99.990000" : 13172736
          }
        },
        "lat_ns" : {
          "min" : 14250,
          "max" : 18886849,
          "mean" : 4132367.036283,
          "stddev" : 1353669.302120,
          "N" : 907659
        },
        "bw_min" : 1779968,
        "bw_max" : 2064128,
        "bw_agg" : 100.000000,
        "bw_mean" : 1936898.151261,
        "bw_dev" : 14800.364254,
        "bw_samples" : 476,
        "iops_min" : 13906,
        "iops_max" : 16126,
        "iops_mean" : 15132.016807,
        "iops_stddev" : 115.627846,
        "iops_samples" : 476
      },
      "write" : {
        "io_bytes" : 13268287488,
        "io_kbytes" : 12957312,
        "bw_bytes" : 221112328,
        "bw" : 215930,
        "iops" : 1686.953189,
        "runtime" : 60007,
        "total_ios" : 101229,
        "short_ios" : 0,
        "drop_ios" : 0,
        "slat_ns" : {
          "min" : 3820,
          "max" : 19820,
          "mean" : 5826.609924,
          "stddev" : 913.020292,
          "N" : 101229
        },
        "clat_ns" : {
          "min" : 60760,
          "max" : 13950738,
          "mean" : 876018.514349,
          "stddev" : 935048.722452,
          "N" : 101229,
          "percentile" : {
            "1.000000" : 62720,
            "5.000000" : 96768,
            "10.000000" : 105984,
            "20.000000" : 189440,
            "30.000000" : 292864,
            "40.000000" : 423936,
            "50.000000" : 585728,
            "60.000000" : 774144,
            "70.000000" : 1019904,
            "80.000000" : 1384448,
            "90.000000" : 1974272,
            "95.000000" : 2572288,
            "99.000000" : 4620288,
            "99.500000" : 5406720,
            "99.900000" : 7438336,
            "99.950000" : 8159232,
            "99.990000" : 11075584
          }
        },
        "lat_ns" : {
          "min" : 65240,
          "max" : 13958068,
          "mean" : 881892.497940,
          "stddev" : 935091.380738,
          "N" : 101229
        },
        "bw_min" : 178944,
        "bw_max" : 252928,
        "bw_agg" : 100.000000,
        "bw_mean" : 216018.823529,
        "bw_dev" : 3450.878932,
        "bw_samples" : 476,
        "iops_min" : 1398,
        "iops_max" : 1976,
        "iops_mean" : 1687.647059,
        "iops_stddev" : 26.959992,
        "iops_samples" : 476
      },
      "trim" : {
        "io_bytes" : 0,
        "io_kbytes" : 0,
        "bw_bytes" : 0,
        "bw" : 0,
        "iops" : 0.000000,
        "runtime" : 0,
        "total_ios" : 0,
        "short_ios" : 0,
        "drop_ios" : 0,
        "slat_ns" : {
          "min" : 0,
          "max" : 0,
          "mean" : 0.000000,
          "stddev" : 0.000000,
          "N" : 0
        },
        "clat_ns" : {
          "min" : 0,
          "max" : 0,
          "mean" : 0.000000,
          "stddev" : 0.000000,
          "N" : 0
        },
        "lat_ns" : {
          "min" : 0,
          "max" : 0,
          "mean" : 0.000000,
          "stddev" : 0.000000,
          "N" : 0
        },
        "bw_min" : 0,
        "bw_max" : 0,
        "bw_agg" : 0.000000,
        "bw_mean" : 0.000000,
        "bw_dev" : 0.000000,
        "bw_samples" : 0,
        "iops_min" : 0,
        "iops_max" : 0,
        "iops_mean" : 0.000000,
        "iops_stddev" : 0.000000,
        "iops_samples" : 0
      },
      "sync" : {
        "total_ios" : 0,
        "lat_ns" : {
          "min" : 0,
          "max" : 0,
          "mean" : 0.000000,
          "stddev" : 0.000000,
          "N" : 0
        }
      },
      "job_runtime" : 240023,
      "usr_cpu" : 0.597443,
      "sys_cpu" : 2.917637,
      "ctx" : 991079,
      "majf" : 0,
      "minf" : 70,
      "iodepth_level" : {
        "1" : 0.100000,
        "2" : 0.100000,
        "4" : 0.100000,
        "8" : 0.100000,
        "16" : 99.994053,
        "32" : 0.000000,
        ">=64" : 0.000000
      },
      "iodepth_submit" : {
        "0" : 0.000000,
        "4" : 100.000000,
        "8" : 0.000000,
        "16" : 0.000000,
        "32" : 0.000000,
        "64" : 0.000000,
        ">=64" : 0.000000
      },
      "iodepth_complete" : {
        "0" : 0.000000,
        "4" : 99.999604,
        "8" : 0.000000,
        "16" : 0.100000,
        "32" : 0.000000,
        "64" : 0.000000,
        ">=64" : 0.000000
      },
      "latency_ns" : {
        "2" : 0.000000,
        "4" : 0.000000,
        "10" : 0.000000,
        "20" : 0.000000,
        "50" : 0.000000,
        "100" : 0.000000,
        "250" : 0.000000,
        "500" : 0.000000,
        "750" : 0.000000,
        "1000" : 0.000000
      },
      "latency_us" : {
        "2" : 0.000000,
        "4" : 0.000000,
        "10" : 0.010000,
        "20" : 0.088910,
        "50" : 0.010000,
        "100" : 0.862732,
        "250" : 1.744098,
        "500" : 1.990707,
        "750" : 1.537138,
        "1000" : 1.288151
      },
      "latency_ms" : {
        "2" : 5.421811,
        "4" : 40.569716,
        "10" : 46.363521,
        "20" : 0.128161,
        "50" : 0.000000,
        "100" : 0.000000,
        "250" : 0.000000,
        "500" : 0.000000,
        "750" : 0.000000,
        "1000" : 0.000000,
        "2000" : 0.000000,
        ">=2000" : 0.000000
      },
      "latency_depth" : 16,
      "latency_target" : 0,
      "latency_percentile" : 100.000000,
      "latency_window" : 0
    }
  ],
  "disk_util" : [
    {
      "name" : "nvme3n1",
      "read_ios" : 906210,
      "write_ios" : 101045,
      "read_merges" : 0,
      "write_merges" : 0,
      "read_ticks" : 3737357,
      "write_ticks" : 88221,
      "in_queue" : 3825577,
      "util" : 99.864964
    }
  ]
}
