{
  "fio version" : "fio-3.28",
  "timestamp" : 1728157196,
  "timestamp_ms" : 1728157196897,
  "time" : "Sun Oct  6 04:39:56 2024",
  "global options" : {
    "size" : "127G",
    "direct" : "1",
    "runtime" : "60",
    "ioengine" : "libaio",
    "numjobs" : "4",
    "iodepth" : "16"
  },
  "jobs" : [
    {
      "jobname" : "rand-rw-async-128k-100",
      "groupid" : 0,
      "error" : 0,
      "eta" : 0,
      "elapsed" : 61,
      "job options" : {
        "rw" : "randrw",
        "random_distribution" : "random",
        "rwmixread" : "100",
        "bs" : "128k",
        "filename" : "/dev/nvme3n1"
      },
      "read" : {
        "io_bytes" : 212068728832,
        "io_kbytes" : 207098368,
        "bw_bytes" : 3534302098,
        "bw" : 3451466,
        "iops" : 26964.585104,
        "runtime" : 60003,
        "total_ios" : 1617956,
        "short_ios" : 0,
        "drop_ios" : 0,
        "slat_ns" : {
          "min" : 3410,
          "max" : 30180,
          "mean" : 4709.009995,
          "stddev" : 725.432795,
          "N" : 1617956
        },
        "clat_ns" : {
          "min" : 9169,
          "max" : 4463791,
          "mean" : 2368241.744675,
          "stddev" : 150442.265653,
          "N" : 1617956,
          "percentile" : {
            "1.000000" : 2375680,
            "5.000000" : 2375680,
            "10.000000" : 2375680,
            "20.000000" : 2375680,
            "30.000000" : 2375680,
            "40.000000" : 2375680,
            "50.000000" : 2375680,
            "60.000000" : 2375680,
            "70.000000" : 2375680,
            "80.000000" : 2375680,
            "90.000000" : 2375680,
            "95.000000" : 2375680,
            "99.000000" : 2375680,
            "99.500000" : 2375680,
            "99.900000" : 2375680,
            "99.950000" : 2408448,
            "99.990000" : 2506752
          }
        },
        "lat_ns" : {
          "min" : 13020,
          "max" : 4467431,
          "mean" : 2373014.750897,
          "stddev" : 150438.732795,
          "N" : 1617956
        },
        "bw_min" : 3434240,
        "bw_max" : 3516672,
        "bw_agg" : 100.000000,
        "bw_mean" : 3452480.537815,
        "bw_dev" : 3792.787373,
        "bw_samples" : 476,
        "iops_min" : 26830,
        "iops_max" : 27474,
        "iops_mean" : 26972.504202,
        "iops_stddev" : 29.631151,
        "iops_samples" : 476
      },
      "write" : {
        "io_bytes" : 0,
        "io_kbytes" : 0,
        "bw_bytes" : 0,
        "bw" : 0,
        "iops" : 0.000000,
        "runtime" : 0,
        "total_ios" : 0,
        "short_ios" : 0,
        "drop_ios" : 0,
        "slat_ns" : {
          "min" : 0,
          "max" : 0,
          "mean" : 0.000000,
          "stddev" : 0.000000,
          "N" : 0
        },
        "clat_ns" : {
          "min" : 0,
          "max" : 0,
          "mean" : 0.000000,
          "stddev" : 0.000000,
          "N" : 0
        },
        "lat_ns" : {
          "min" : 0,
          "max" : 0,
          "mean" : 0.000000,
          "stddev" : 0.000000,
          "N" : 0
        },
        "bw_min" : 0,
        "bw_max" : 0,
        "bw_agg" : 0.000000,
        "bw_mean" : 0.000000,
        "bw_dev" : 0.000000,
        "bw_samples" : 0,
        "iops_min" : 0,
        "iops_max" : 0,
        "iops_mean" : 0.000000,
        "iops_stddev" : 0.000000,
        "iops_samples" : 0
      },
      "trim" : {
        "io_bytes" : 0,
        "io_kbytes" : 0,
        "bw_bytes" : 0,
        "bw" : 0,
        "iops" : 0.000000,
        "runtime" : 0,
        "total_ios" : 0,
        "short_ios" : 0,
        "drop_ios" : 0,
        "slat_ns" : {
          "min" : 0,
          "max" : 0,
          "mean" : 0.000000,
          "stddev" : 0.000000,
          "N" : 0
        },
        "clat_ns" : {
          "min" : 0,
          "max" : 0,
          "mean" : 0.000000,
          "stddev" : 0.000000,
          "N" : 0
        },
        "lat_ns" : {
          "min" : 0,
          "max" : 0,
          "mean" : 0.000000,
          "stddev" : 0.000000,
          "N" : 0
        },
        "bw_min" : 0,
        "bw_max" : 0,
        "bw_agg" : 0.000000,
        "bw_mean" : 0.000000,
        "bw_dev" : 0.000000,
        "bw_samples" : 0,
        "iops_min" : 0,
        "iops_max" : 0,
        "iops_mean" : 0.000000,
        "iops_stddev" : 0.000000,
        "iops_samples" : 0
      },
      "sync" : {
        "total_ios" : 0,
        "lat_ns" : {
          "min" : 0,
          "max" : 0,
          "mean" : 0.000000,
          "stddev" : 0.000000,
          "N" : 0
        }
      },
      "job_runtime" : 240006,
      "usr_cpu" : 0.812896,
      "sys_cpu" : 5.483613,
      "ctx" : 1617365,
      "majf" : 0,
      "minf" : 47,
      "iodepth_level" : {
        "1" : 0.100000,
        "2" : 0.100000,
        "4" : 0.100000,
        "8" : 0.100000,
        "16" : 99.996292,
        "32" : 0.000000,
        ">=64" : 0.000000
      },
      "iodepth_submit" : {
        "0" : 0.000000,
        "4" : 100.000000,
        "8" : 0.000000,
        "16" : 0.000000,
        "32" : 0.000000,
        "64" : 0.000000,
        ">=64" : 0.000000
      },
      "iodepth_complete" : {
        "0" : 0.000000,
        "4" : 99.999753,
        "8" : 0.000000,
        "16" : 0.100000,
        "32" : 0.000000,
        "64" : 0.000000,
        ">=64" : 0.000000
      },
      "latency_ns" : {
        "2" : 0.000000,
        "4" : 0.000000,
        "10" : 0.000000,
        "20" : 0.000000,
        "50" : 0.000000,
        "100" : 0.000000,
        "250" : 0.000000,
        "500" : 0.000000,
        "750" : 0.000000,
        "1000" : 0.000000
      },
      "latency_us" : {
        "2" : 0.000000,
        "4" : 0.000000,
        "10" : 0.010000,
        "20" : 0.397909,
        "50" : 0.010000,
        "100" : 0.000000,
        "250" : 0.010000,
        "500" : 0.010000,
        "750" : 0.010000,
        "1000" : 0.010000
      },
      "latency_ms" : {
        "2" : 0.010000,
        "4" : 99.591460,
        "10" : 0.010000,
        "20" : 0.000000,
        "50" : 0.000000,
        "100" : 0.000000,
        "250" : 0.000000,
        "500" : 0.000000,
        "750" : 0.000000,
        "1000" : 0.000000,
        "2000" : 0.000000,
        ">=2000" : 0.000000
      },
      "latency_depth" : 16,
      "latency_target" : 0,
      "latency_percentile" : 100.000000,
      "latency_window" : 0
    }
  ],
  "disk_util" : [
    {
      "name" : "nvme3n1",
      "read_ios" : 1615067,
      "write_ios" : 0,
      "read_merges" : 0,
      "write_merges" : 0,
      "read_ticks" : 3819811,
      "write_ticks" : 0,
      "in_queue" : 3819810,
      "util" : 99.863288
    }
  ]
}
