{
  "fio version" : "fio-3.28",
  "timestamp" : 1728574147,
  "timestamp_ms" : 1728574147590,
  "time" : "Fri Oct 11 00:29:07 2024",
  "global options" : {
    "size" : "127G",
    "direct" : "1",
    "runtime" : "60",
    "ioengine" : "libaio",
    "numjobs" : "4",
    "iodepth" : "32"
  },
  "jobs" : [
    {
      "jobname" : "rand-read-async-256k",
      "groupid" : 0,
      "error" : 0,
      "eta" : 0,
      "elapsed" : 61,
      "job options" : {
        "rw" : "randread",
        "random_distribution" : "random",
        "bs" : "256k",
        "filename" : "/dev/nvme3n1"
      },
      "read" : {
        "io_bytes" : 221464756224,
        "io_kbytes" : 216274176,
        "bw_bytes" : 3690525691,
        "bw" : 3604028,
        "iops" : 14078.238264,
        "runtime" : 60009,
        "total_ios" : 844821,
        "short_ios" : 0,
        "drop_ios" : 0,
        "slat_ns" : {
          "min" : 4950,
          "max" : 123639,
          "mean" : 7049.004344,
          "stddev" : 1867.220786,
          "N" : 844821
        },
        "clat_ns" : {
          "min" : 2470034,
          "max" : 17198652,
          "mean" : 9084293.783307,
          "stddev" : 166347.765221,
          "N" : 844821,
          "percentile" : {
            "1.000000" : 8716288,
            "5.000000" : 8847360,
            "10.000000" : 8847360,
            "20.000000" : 8978432,
            "30.000000" : 8978432,
            "40.000000" : 9109504,
            "50.000000" : 9109504,
            "60.000000" : 9109504,
            "70.000000" : 9109504,
            "80.000000" : 9240576,
            "90.000000" : 9240576,
            "95.000000" : 9240576,
            "99.000000" : 9502720,
            "99.500000" : 9633792,
            "99.900000" : 9764864,
            "99.950000" : 9895936,
            "99.990000" : 11730944
          }
        },
        "lat_ns" : {
          "min" : 2551533,
          "max" : 17204602,
          "mean" : 9091390.498852,
          "stddev" : 166043.773664,
          "N" : 844821
        },
        "bw_min" : 3574272,
        "bw_max" : 3665408,
        "bw_agg" : 100.000000,
        "bw_mean" : 3604811.294118,
        "bw_dev" : 4861.371892,
        "bw_samples" : 476,
        "iops_min" : 13962,
        "iops_max" : 14318,
        "iops_mean" : 14081.294118,
        "iops_stddev" : 18.986630,
        "iops_samples" : 476
      },
      "write" : {
        "io_bytes" : 0,
        "io_kbytes" : 0,
        "bw_bytes" : 0,
        "bw" : 0,
        "iops" : 0.000000,
        "runtime" : 0,
        "total_ios" : 0,
        "short_ios" : 0,
        "drop_ios" : 0,
        "slat_ns" : {
          "min" : 0,
          "max" : 0,
          "mean" : 0.000000,
          "stddev" : 0.000000,
          "N" : 0
        },
        "clat_ns" : {
          "min" : 0,
          "max" : 0,
          "mean" : 0.000000,
          "stddev" : 0.000000,
          "N" : 0
        },
        "lat_ns" : {
          "min" : 0,
          "max" : 0,
          "mean" : 0.000000,
          "stddev" : 0.000000,
          "N" : 0
        },
        "bw_min" : 0,
        "bw_max" : 0,
        "bw_agg" : 0.000000,
        "bw_mean" : 0.000000,
        "bw_dev" : 0.000000,
        "bw_samples" : 0,
        "iops_min" : 0,
        "iops_max" : 0,
        "iops_mean" : 0.000000,
        "iops_stddev" : 0.000000,
        "iops_samples" : 0
      },
      "trim" : {
        "io_bytes" : 0,
        "io_kbytes" : 0,
        "bw_bytes" : 0,
        "bw" : 0,
        "iops" : 0.000000,
        "runtime" : 0,
        "total_ios" : 0,
        "short_ios" : 0,
        "drop_ios" : 0,
        "slat_ns" : {
          "min" : 0,
          "max" : 0,
          "mean" : 0.000000,
          "stddev" : 0.000000,
          "N" : 0
        },
        "clat_ns" : {
          "min" : 0,
          "max" : 0,
          "mean" : 0.000000,
          "stddev" : 0.000000,
          "N" : 0
        },
        "lat_ns" : {
          "min" : 0,
          "max" : 0,
          "mean" : 0.000000,
          "stddev" : 0.000000,
          "N" : 0
        },
        "bw_min" : 0,
        "bw_max" : 0,
        "bw_agg" : 0.000000,
        "bw_mean" : 0.000000,
        "bw_dev" : 0.000000,
        "bw_samples" : 0,
        "iops_min" : 0,
        "iops_max" : 0,
        "iops_mean" : 0.000000,
        "iops_stddev" : 0.000000,
        "iops_samples" : 0
      },
      "sync" : {
        "total_ios" : 0,
        "lat_ns" : {
          "min" : 0,
          "max" : 0,
          "mean" : 0.000000,
          "stddev" : 0.000000,
          "N" : 0
        }
      },
      "job_runtime" : 240032,
      "usr_cpu" : 0.416195,
      "sys_cpu" : 3.901980,
      "ctx" : 844536,
      "majf" : 0,
      "minf" : 8238,
      "iodepth_level" : {
        "1" : 0.100000,
        "2" : 0.100000,
        "4" : 0.100000,
        "8" : 0.100000,
        "16" : 0.100000,
        "32" : 99.985322,
        ">=64" : 0.000000
      },
      "iodepth_submit" : {
        "0" : 0.000000,
        "4" : 100.000000,
        "8" : 0.000000,
        "16" : 0.000000,
        "32" : 0.000000,
        "64" : 0.000000,
        ">=64" : 0.000000
      },
      "iodepth_complete" : {
        "0" : 0.000000,
        "4" : 99.999526,
        "8" : 0.000000,
        "16" : 0.000000,
        "32" : 0.100000,
        "64" : 0.000000,
        ">=64" : 0.000000
      },
      "latency_ns" : {
        "2" : 0.000000,
        "4" : 0.000000,
        "10" : 0.000000,
        "20" : 0.000000,
        "50" : 0.000000,
        "100" : 0.000000,
        "250" : 0.000000,
        "500" : 0.000000,
        "750" : 0.000000,
        "1000" : 0.000000
      },
      "latency_us" : {
        "2" : 0.000000,
        "4" : 0.000000,
        "10" : 0.000000,
        "20" : 0.000000,
        "50" : 0.000000,
        "100" : 0.000000,
        "250" : 0.000000,
        "500" : 0.000000,
        "750" : 0.000000,
        "1000" : 0.000000
      },
      "latency_ms" : {
        "2" : 0.000000,
        "4" : 0.010000,
        "10" : 99.958334,
        "20" : 0.033025,
        "50" : 0.000000,
        "100" : 0.000000,
        "250" : 0.000000,
        "500" : 0.000000,
        "750" : 0.000000,
        "1000" : 0.000000,
        "2000" : 0.000000,
        ">=2000" : 0.000000
      },
      "latency_depth" : 32,
      "latency_target" : 0,
      "latency_percentile" : 100.000000,
      "latency_window" : 0
    }
  ],
  "disk_util" : [
    {
      "name" : "nvme3n1",
      "read_ios" : 843191,
      "write_ios" : 0,
      "read_merges" : 0,
      "write_merges" : 0,
      "read_ticks" : 7656922,
      "write_ticks" : 0,
      "in_queue" : 7656922,
      "util" : 99.861616
    }
  ]
}
