{
  "fio version" : "fio-3.28",
  "timestamp" : 1728574026,
  "timestamp_ms" : 1728574026939,
  "time" : "Fri Oct 11 00:27:06 2024",
  "global options" : {
    "size" : "127G",
    "direct" : "1",
    "runtime" : "60",
    "ioengine" : "libaio",
    "numjobs" : "4",
    "iodepth" : "32"
  },
  "jobs" : [
    {
      "jobname" : "rand-read-async-16k",
      "groupid" : 0,
      "error" : 0,
      "eta" : 0,
      "elapsed" : 61,
      "job options" : {
        "rw" : "randread",
        "random_distribution" : "random",
        "bs" : "16k",
        "filename" : "/dev/nvme3n1"
      },
      "read" : {
        "io_bytes" : 211206111232,
        "io_kbytes" : 206255968,
        "bw_bytes" : 3520043186,
        "bw" : 3437542,
        "iops" : 214846.385894,
        "runtime" : 60001,
        "total_ios" : 12890998,
        "short_ios" : 0,
        "drop_ios" : 0,
        "slat_ns" : {
          "min" : 1830,
          "max" : 232396,
          "mean" : 2527.221191,
          "stddev" : 560.381257,
          "N" : 12890998
        },
        "clat_ns" : {
          "min" : 7420,
          "max" : 1353160,
          "mean" : 592927.983247,
          "stddev" : 10078.795820,
          "N" : 12890998,
          "percentile" : {
            "1.000000" : 577536,
            "5.000000" : 585728,
            "10.000000" : 585728,
            "20.000000" : 593920,
            "30.000000" : 593920,
            "40.000000" : 593920,
            "50.000000" : 593920,
            "60.000000" : 593920,
            "70.000000" : 593920,
            "80.000000" : 593920,
            "90.000000" : 593920,
            "95.000000" : 602112,
            "99.000000" : 602112,
            "99.500000" : 610304,
            "99.900000" : 741376,
            "99.950000" : 806912,
            "99.990000" : 954368
          }
        },
        "lat_ns" : {
          "min" : 10130,
          "max" : 1356710,
          "mean" : 595504.624728,
          "stddev" : 10080.166341,
          "N" : 12890998
        },
        "bw_min" : 3434432,
        "bw_max" : 3446944,
        "bw_agg" : 100.000000,
        "bw_mean" : 3438679.394958,
        "bw_dev" : 545.554064,
        "bw_samples" : 476,
        "iops_min" : 214652,
        "iops_max" : 215434,
        "iops_mean" : 214917.462185,
        "iops_stddev" : 34.098117,
        "iops_samples" : 476
      },
      "write" : {
        "io_bytes" : 0,
        "io_kbytes" : 0,
        "bw_bytes" : 0,
        "bw" : 0,
        "iops" : 0.000000,
        "runtime" : 0,
        "total_ios" : 0,
        "short_ios" : 0,
        "drop_ios" : 0,
        "slat_ns" : {
          "min" : 0,
          "max" : 0,
          "mean" : 0.000000,
          "stddev" : 0.000000,
          "N" : 0
        },
        "clat_ns" : {
          "min" : 0,
          "max" : 0,
          "mean" : 0.000000,
          "stddev" : 0.000000,
          "N" : 0
        },
        "lat_ns" : {
          "min" : 0,
          "max" : 0,
          "mean" : 0.000000,
          "stddev" : 0.000000,
          "N" : 0
        },
        "bw_min" : 0,
        "bw_max" : 0,
        "bw_agg" : 0.000000,
        "bw_mean" : 0.000000,
        "bw_dev" : 0.000000,
        "bw_samples" : 0,
        "iops_min" : 0,
        "iops_max" : 0,
        "iops_mean" : 0.000000,
        "iops_stddev" : 0.000000,
        "iops_samples" : 0
      },
      "trim" : {
        "io_bytes" : 0,
        "io_kbytes" : 0,
        "bw_bytes" : 0,
        "bw" : 0,
        "iops" : 0.000000,
        "runtime" : 0,
        "total_ios" : 0,
        "short_ios" : 0,
        "drop_ios" : 0,
        "slat_ns" : {
          "min" : 0,
          "max" : 0,
          "mean" : 0.000000,
          "stddev" : 0.000000,
          "N" : 0
        },
        "clat_ns" : {
          "min" : 0,
          "max" : 0,
          "mean" : 0.000000,
          "stddev" : 0.000000,
          "N" : 0
        },
        "lat_ns" : {
          "min" : 0,
          "max" : 0,
          "mean" : 0.000000,
          "stddev" : 0.000000,
          "N" : 0
        },
        "bw_min" : 0,
        "bw_max" : 0,
        "bw_agg" : 0.000000,
        "bw_mean" : 0.000000,
        "bw_dev" : 0.000000,
        "bw_samples" : 0,
        "iops_min" : 0,
        "iops_max" : 0,
        "iops_mean" : 0.000000,
        "iops_stddev" : 0.000000,
        "iops_samples" : 0
      },
      "sync" : {
        "total_ios" : 0,
        "lat_ns" : {
          "min" : 0,
          "max" : 0,
          "mean" : 0.000000,
          "stddev" : 0.000000,
          "N" : 0
        }
      },
      "job_runtime" : 240000,
      "usr_cpu" : 4.296667,
      "sys_cpu" : 23.073333,
      "ctx" : 9659739,
      "majf" : 0,
      "minf" : 563,
      "iodepth_level" : {
        "1" : 0.100000,
        "2" : 0.100000,
        "4" : 0.100000,
        "8" : 0.100000,
        "16" : 0.100000,
        "32" : 99.999038,
        ">=64" : 0.000000
      },
      "iodepth_submit" : {
        "0" : 0.000000,
        "4" : 100.000000,
        "8" : 0.000000,
        "16" : 0.000000,
        "32" : 0.000000,
        "64" : 0.000000,
        ">=64" : 0.000000
      },
      "iodepth_complete" : {
        "0" : 0.000000,
        "4" : 99.999969,
        "8" : 0.000000,
        "16" : 0.000000,
        "32" : 0.100000,
        "64" : 0.000000,
        ">=64" : 0.000000
      },
      "latency_ns" : {
        "2" : 0.000000,
        "4" : 0.000000,
        "10" : 0.000000,
        "20" : 0.000000,
        "50" : 0.000000,
        "100" : 0.000000,
        "250" : 0.000000,
        "500" : 0.000000,
        "750" : 0.000000,
        "1000" : 0.000000
      },
      "latency_us" : {
        "2" : 0.000000,
        "4" : 0.000000,
        "10" : 0.010000,
        "20" : 0.010000,
        "50" : 0.010000,
        "100" : 0.000000,
        "250" : 0.010000,
        "500" : 0.010000,
        "750" : 99.909293,
        "1000" : 0.083764
      },
      "latency_ms" : {
        "2" : 0.010000,
        "4" : 0.000000,
        "10" : 0.000000,
        "20" : 0.000000,
        "50" : 0.000000,
        "100" : 0.000000,
        "250" : 0.000000,
        "500" : 0.000000,
        "750" : 0.000000,
        "1000" : 0.000000,
        "2000" : 0.000000,
        ">=2000" : 0.000000
      },
      "latency_depth" : 32,
      "latency_target" : 0,
      "latency_percentile" : 100.000000,
      "latency_window" : 0
    }
  ],
  "disk_util" : [
    {
      "name" : "nvme3n1",
      "read_ios" : 12868187,
      "write_ios" : 0,
      "read_merges" : 0,
      "write_merges" : 0,
      "read_ticks" : 7600593,
      "write_ticks" : 0,
      "in_queue" : 7600593,
      "util" : 100.000000
    }
  ]
}
