{
  "fio version" : "fio-3.28",
  "timestamp" : 1728737133,
  "timestamp_ms" : 1728737133574,
  "time" : "Sat Oct 12 21:45:33 2024",
  "global options" : {
    "size" : "127G",
    "direct" : "1",
    "runtime" : "60",
    "ioengine" : "libaio",
    "numjobs" : "4",
    "iodepth" : "32"
  },
  "jobs" : [
    {
      "jobname" : "seq-write-async-1m",
      "groupid" : 0,
      "error" : 0,
      "eta" : 0,
      "elapsed" : 61,
      "job options" : {
        "rw" : "write",
        "bs" : "1m",
        "filename" : "/dev/nvme3n1"
      },
      "read" : {
        "io_bytes" : 0,
        "io_kbytes" : 0,
        "bw_bytes" : 0,
        "bw" : 0,
        "iops" : 0.000000,
        "runtime" : 0,
        "total_ios" : 0,
        "short_ios" : 0,
        "drop_ios" : 0,
        "slat_ns" : {
          "min" : 0,
          "max" : 0,
          "mean" : 0.000000,
          "stddev" : 0.000000,
          "N" : 0
        },
        "clat_ns" : {
          "min" : 0,
          "max" : 0,
          "mean" : 0.000000,
          "stddev" : 0.000000,
          "N" : 0
        },
        "lat_ns" : {
          "min" : 0,
          "max" : 0,
          "mean" : 0.000000,
          "stddev" : 0.000000,
          "N" : 0
        },
        "bw_min" : 0,
        "bw_max" : 0,
        "bw_agg" : 0.000000,
        "bw_mean" : 0.000000,
        "bw_dev" : 0.000000,
        "bw_samples" : 0,
        "iops_min" : 0,
        "iops_max" : 0,
        "iops_mean" : 0.000000,
        "iops_stddev" : 0.000000,
        "iops_samples" : 0
      },
      "write" : {
        "io_bytes" : 26403143680,
        "io_kbytes" : 25784320,
        "bw_bytes" : 437913915,
        "bw" : 427650,
        "iops" : 417.627254,
        "runtime" : 60293,
        "total_ios" : 25180,
        "short_ios" : 0,
        "drop_ios" : 0,
        "slat_ns" : {
          "min" : 19299,
          "max" : 235717,
          "mean" : 43263.775735,
          "stddev" : 7302.394119,
          "N" : 25180
        },
        "clat_ns" : {
          "min" : 2424669,
          "max" : 1097170195,
          "mean" : 306273024.617554,
          "stddev" : 177882269.265028,
          "N" : 25180,
          "percentile" : {
            "1.000000" : 11075584,
            "5.000000" : 38010880,
            "10.000000" : 78118912,
            "20.000000" : 149946368,
            "30.000000" : 200278016,
            "40.000000" : 252706816,
            "50.000000" : 299892736,
            "60.000000" : 333447168,
            "70.000000" : 383778816,
            "80.000000" : 438304768,
            "90.000000" : 526385152,
            "95.000000" : 633339904,
            "99.000000" : 826277888,
            "99.500000" : 868220928,
            "99.900000" : 1019215872,
            "99.950000" : 1044381696,
            "99.990000" : 1082130432
          }
        },
        "lat_ns" : {
          "min" : 2459848,
          "max" : 1097206865,
          "mean" : 306316413.375735,
          "stddev" : 177882965.446588,
          "N" : 25180
        },
        "bw_min" : 108544,
        "bw_max" : 886784,
        "bw_agg" : 99.989405,
        "bw_mean" : 427605.333333,
        "bw_dev" : 39186.682202,
        "bw_samples" : 480,
        "iops_min" : 106,
        "iops_max" : 866,
        "iops_mean" : 417.583333,
        "iops_stddev" : 38.268244,
        "iops_samples" : 480
      },
      "trim" : {
        "io_bytes" : 0,
        "io_kbytes" : 0,
        "bw_bytes" : 0,
        "bw" : 0,
        "iops" : 0.000000,
        "runtime" : 0,
        "total_ios" : 0,
        "short_ios" : 0,
        "drop_ios" : 0,
        "slat_ns" : {
          "min" : 0,
          "max" : 0,
          "mean" : 0.000000,
          "stddev" : 0.000000,
          "N" : 0
        },
        "clat_ns" : {
          "min" : 0,
          "max" : 0,
          "mean" : 0.000000,
          "stddev" : 0.000000,
          "N" : 0
        },
        "lat_ns" : {
          "min" : 0,
          "max" : 0,
          "mean" : 0.000000,
          "stddev" : 0.000000,
          "N" : 0
        },
        "bw_min" : 0,
        "bw_max" : 0,
        "bw_agg" : 0.000000,
        "bw_mean" : 0.000000,
        "bw_dev" : 0.000000,
        "bw_samples" : 0,
        "iops_min" : 0,
        "iops_max" : 0,
        "iops_mean" : 0.000000,
        "iops_stddev" : 0.000000,
        "iops_samples" : 0
      },
      "sync" : {
        "total_ios" : 0,
        "lat_ns" : {
          "min" : 0,
          "max" : 0,
          "mean" : 0.000000,
          "stddev" : 0.000000,
          "N" : 0
        }
      },
      "job_runtime" : 241067,
      "usr_cpu" : 0.330199,
      "sys_cpu" : 0.248479,
      "ctx" : 25079,
      "majf" : 0,
      "minf" : 57,
      "iodepth_level" : {
        "1" : 0.100000,
        "2" : 0.100000,
        "4" : 0.100000,
        "8" : 0.127085,
        "16" : 0.254170,
        "32" : 99.507546,
        ">=64" : 0.000000
      },
      "iodepth_submit" : {
        "0" : 0.000000,
        "4" : 100.000000,
        "8" : 0.000000,
        "16" : 0.000000,
        "32" : 0.000000,
        "64" : 0.000000,
        ">=64" : 0.000000
      },
      "iodepth_complete" : {
        "0" : 0.000000,
        "4" : 99.984038,
        "8" : 0.000000,
        "16" : 0.000000,
        "32" : 0.100000,
        "64" : 0.000000,
        ">=64" : 0.000000
      },
      "latency_ns" : {
        "2" : 0.000000,
        "4" : 0.000000,
        "10" : 0.000000,
        "20" : 0.000000,
        "50" : 0.000000,
        "100" : 0.000000,
        "250" : 0.000000,
        "500" : 0.000000,
        "750" : 0.000000,
        "1000" : 0.000000
      },
      "latency_us" : {
        "2" : 0.000000,
        "4" : 0.000000,
        "10" : 0.000000,
        "20" : 0.000000,
        "50" : 0.000000,
        "100" : 0.000000,
        "250" : 0.000000,
        "500" : 0.000000,
        "750" : 0.000000,
        "1000" : 0.000000
      },
      "latency_ms" : {
        "2" : 0.000000,
        "4" : 0.119142,
        "10" : 0.734710,
        "20" : 1.556791,
        "50" : 4.086577,
        "100" : 6.425735,
        "250" : 26.473392,
        "500" : 48.653693,
        "750" : 9.710087,
        "1000" : 2.096902,
        "2000" : 0.142971,
        ">=2000" : 0.000000
      },
      "latency_depth" : 32,
      "latency_target" : 0,
      "latency_percentile" : 100.000000,
      "latency_window" : 0
    }
  ],
  "disk_util" : [
    {
      "name" : "nvme3n1",
      "read_ios" : 86,
      "write_ios" : 100436,
      "read_merges" : 0,
      "write_merges" : 0,
      "read_ticks" : 8,
      "write_ticks" : 30292213,
      "in_queue" : 30292221,
      "util" : 99.865493
    }
  ]
}
