{
  "fio version" : "fio-3.28",
  "timestamp" : 1743410312,
  "timestamp_ms" : 1743410312427,
  "time" : "Mon Mar 31 17:38:32 2025",
  "global options" : {
    "bs" : "8k",
    "ioengine" : "io_uring",
    "size" : "12G",
    "numjobs" : "4",
    "iodepth" : "16",
    "group_reporting" : "1",
    "direct" : "1",
    "thread" : "1",
    "filename" : "/dev/nvme3n1"
  },
  "jobs" : [
    {
      "jobname" : "randwrite",
      "groupid" : 0,
      "error" : 0,
      "eta" : 0,
      "elapsed" : 89,
      "job options" : {
        "rw" : "randwrite"
      },
      "read" : {
        "io_bytes" : 0,
        "io_kbytes" : 0,
        "bw_bytes" : 0,
        "bw" : 0,
        "iops" : 0.000000,
        "runtime" : 0,
        "total_ios" : 0,
        "short_ios" : 0,
        "drop_ios" : 0,
        "slat_ns" : {
          "min" : 0,
          "max" : 0,
          "mean" : 0.000000,
          "stddev" : 0.000000,
          "N" : 0
        },
        "clat_ns" : {
          "min" : 0,
          "max" : 0,
          "mean" : 0.000000,
          "stddev" : 0.000000,
          "N" : 0
        },
        "lat_ns" : {
          "min" : 0,
          "max" : 0,
          "mean" : 0.000000,
          "stddev" : 0.000000,
          "N" : 0
        },
        "bw_min" : 0,
        "bw_max" : 0,
        "bw_agg" : 0.000000,
        "bw_mean" : 0.000000,
        "bw_dev" : 0.000000,
        "bw_samples" : 0,
        "iops_min" : 0,
        "iops_max" : 0,
        "iops_mean" : 0.000000,
        "iops_stddev" : 0.000000,
        "iops_samples" : 0
      },
      "write" : {
        "io_bytes" : 51539607552,
        "io_kbytes" : 50331648,
        "bw_bytes" : 584939537,
        "bw" : 571230,
        "iops" : 71403.752085,
        "runtime" : 88111,
        "total_ios" : 6291456,
        "short_ios" : 0,
        "drop_ios" : 0,
        "slat_ns" : {
          "min" : 1440,
          "max" : 211678,
          "mean" : 1770.411304,
          "stddev" : 514.276457,
          "N" : 6291456
        },
        "clat_ns" : {
          "min" : 21830,
          "max" : 5711585,
          "mean" : 893902.941091,
          "stddev" : 94510.771863,
          "N" : 6291456,
          "percentile" : {
            "1.000000" : 452608,
            "5.000000" : 798720,
            "10.000000" : 839680,
            "20.000000" : 864256,
            "30.000000" : 880640,
            "40.000000" : 888832,
            "50.000000" : 897024,
            "60.000000" : 905216,
            "70.000000" : 913408,
            "80.000000" : 929792,
            "90.000000" : 970752,
            "95.000000" : 1028096,
            "99.000000" : 1122304,
            "99.500000" : 1155072,
            "99.900000" : 1302528,
            "99.950000" : 1351680,
            "99.990000" : 1761280
          }
        },
        "lat_ns" : {
          "min" : 26380,
          "max" : 5714205,
          "mean" : 895717.344728,
          "stddev" : 94455.592099,
          "N" : 6291456
        },
        "bw_min" : 560032,
        "bw_max" : 602448,
        "bw_agg" : 100.000000,
        "bw_mean" : 571422.314805,
        "bw_dev" : 1077.384298,
        "bw_samples" : 703,
        "iops_min" : 70004,
        "iops_max" : 75306,
        "iops_mean" : 71427.789351,
        "iops_stddev" : 134.673037,
        "iops_samples" : 703
      },
      "trim" : {
        "io_bytes" : 0,
        "io_kbytes" : 0,
        "bw_bytes" : 0,
        "bw" : 0,
        "iops" : 0.000000,
        "runtime" : 0,
        "total_ios" : 0,
        "short_ios" : 0,
        "drop_ios" : 0,
        "slat_ns" : {
          "min" : 0,
          "max" : 0,
          "mean" : 0.000000,
          "stddev" : 0.000000,
          "N" : 0
        },
        "clat_ns" : {
          "min" : 0,
          "max" : 0,
          "mean" : 0.000000,
          "stddev" : 0.000000,
          "N" : 0
        },
        "lat_ns" : {
          "min" : 0,
          "max" : 0,
          "mean" : 0.000000,
          "stddev" : 0.000000,
          "N" : 0
        },
        "bw_min" : 0,
        "bw_max" : 0,
        "bw_agg" : 0.000000,
        "bw_mean" : 0.000000,
        "bw_dev" : 0.000000,
        "bw_samples" : 0,
        "iops_min" : 0,
        "iops_max" : 0,
        "iops_mean" : 0.000000,
        "iops_stddev" : 0.000000,
        "iops_samples" : 0
      },
      "sync" : {
        "total_ios" : 0,
        "lat_ns" : {
          "min" : 0,
          "max" : 0,
          "mean" : 0.000000,
          "stddev" : 0.000000,
          "N" : 0
        }
      },
      "job_runtime" : 352280,
      "usr_cpu" : 1.221472,
      "sys_cpu" : 4.831668,
      "ctx" : 2750598,
      "majf" : 0,
      "minf" : 0,
      "iodepth_level" : {
        "1" : 0.100000,
        "2" : 0.100000,
        "4" : 0.100000,
        "8" : 0.100000,
        "16" : 99.999046,
        "32" : 0.000000,
        ">=64" : 0.000000
      },
      "iodepth_submit" : {
        "0" : 0.000000,
        "4" : 100.000000,
        "8" : 0.000000,
        "16" : 0.000000,
        "32" : 0.000000,
        "64" : 0.000000,
        ">=64" : 0.000000
      },
      "iodepth_complete" : {
        "0" : 0.000000,
        "4" : 99.999936,
        "8" : 0.000000,
        "16" : 0.100000,
        "32" : 0.000000,
        "64" : 0.000000,
        ">=64" : 0.000000
      },
      "latency_ns" : {
        "2" : 0.000000,
        "4" : 0.000000,
        "10" : 0.000000,
        "20" : 0.000000,
        "50" : 0.000000,
        "100" : 0.000000,
        "250" : 0.000000,
        "500" : 0.000000,
        "750" : 0.000000,
        "1000" : 0.000000
      },
      "latency_us" : {
        "2" : 0.000000,
        "4" : 0.000000,
        "10" : 0.000000,
        "20" : 0.000000,
        "50" : 0.010000,
        "100" : 0.018867,
        "250" : 0.347281,
        "500" : 0.864363,
        "750" : 1.804670,
        "1000" : 90.345764
      },
      "latency_ms" : {
        "2" : 6.610791,
        "4" : 0.010000,
        "10" : 0.010000,
        "20" : 0.000000,
        "50" : 0.000000,
        "100" : 0.000000,
        "250" : 0.000000,
        "500" : 0.000000,
        "750" : 0.000000,
        "1000" : 0.000000,
        "2000" : 0.000000,
        ">=2000" : 0.000000
      },
      "latency_depth" : 16,
      "latency_target" : 0,
      "latency_percentile" : 100.000000,
      "latency_window" : 0
    }
  ],
  "disk_util" : [
    {
      "name" : "nvme3n1",
      "read_ios" : 129,
      "write_ios" : 6276001,
      "read_merges" : 0,
      "write_merges" : 0,
      "read_ticks" : 1,
      "write_ticks" : 5576720,
      "in_queue" : 5576722,
      "util" : 99.918151
    }
  ]
}
