{
  "fio version" : "fio-3.28",
  "timestamp" : 1743411390,
  "timestamp_ms" : 1743411390089,
  "time" : "Mon Mar 31 17:56:30 2025",
  "global options" : {
    "bs" : "16k",
    "ioengine" : "io_uring",
    "size" : "12G",
    "numjobs" : "4",
    "iodepth" : "16",
    "group_reporting" : "1",
    "direct" : "1",
    "thread" : "1",
    "filename" : "/dev/nvme3n1"
  },
  "jobs" : [
    {
      "jobname" : "randwrite",
      "groupid" : 0,
      "error" : 0,
      "eta" : 0,
      "elapsed" : 28,
      "job options" : {
        "rw" : "randrw"
      },
      "read" : {
        "io_bytes" : 25767870464,
        "io_kbytes" : 25163936,
        "bw_bytes" : 941980276,
        "bw" : 919902,
        "iops" : 57493.913361,
        "runtime" : 27355,
        "total_ios" : 1572746,
        "short_ios" : 0,
        "drop_ios" : 0,
        "slat_ns" : {
          "min" : 1750,
          "max" : 146549,
          "mean" : 2307.580763,
          "stddev" : 700.769443,
          "N" : 1572746
        },
        "clat_ns" : {
          "min" : 50,
          "max" : 29005254,
          "mean" : 1083152.594674,
          "stddev" : 1375090.396466,
          "N" : 1572746,
          "percentile" : {
            "1.000000" : 7072,
            "5.000000" : 8640,
            "10.000000" : 10176,
            "20.000000" : 17536,
            "30.000000" : 224256,
            "40.000000" : 477184,
            "50.000000" : 741376,
            "60.000000" : 1028096,
            "70.000000" : 1384448,
            "80.000000" : 1826816,
            "90.000000" : 2539520,
            "95.000000" : 3260416,
            "99.000000" : 5406720,
            "99.500000" : 8093696,
            "99.900000" : 15269888,
            "99.950000" : 16908288,
            "99.990000" : 23986176
          }
        },
        "lat_ns" : {
          "min" : 5910,
          "max" : 29007324,
          "mean" : 1085506.442718,
          "stddev" : 1375087.800142,
          "N" : 1572746
        },
        "bw_min" : 862208,
        "bw_max" : 1152064,
        "bw_agg" : 100.000000,
        "bw_mean" : 920865.777778,
        "bw_dev" : 15524.214087,
        "bw_samples" : 216,
        "iops_min" : 53886,
        "iops_max" : 72004,
        "iops_mean" : 57554.074074,
        "iops_stddev" : 970.271834,
        "iops_samples" : 216
      },
      "write" : {
        "io_bytes" : 25771737088,
        "io_kbytes" : 25167712,
        "bw_bytes" : 942121626,
        "bw" : 920040,
        "iops" : 57502.540669,
        "runtime" : 27355,
        "total_ios" : 1572982,
        "short_ios" : 0,
        "drop_ios" : 0,
        "slat_ns" : {
          "min" : 1680,
          "max" : 205949,
          "mean" : 2379.766254,
          "stddev" : 748.754464,
          "N" : 1572982
        },
        "clat_ns" : {
          "min" : 60,
          "max" : 608105,
          "mean" : 24209.191804,
          "stddev" : 21936.830962,
          "N" : 1572982,
          "percentile" : {
            "1.000000" : 14912,
            "5.000000" : 15808,
            "10.000000" : 16320,
            "20.000000" : 17280,
            "30.000000" : 18048,
            "40.000000" : 19328,
            "50.000000" : 20608,
            "60.000000" : 21888,
            "70.000000" : 23680,
            "80.000000" : 26240,
            "90.000000" : 31104,
            "95.000000" : 37120,
            "99.000000" : 76288,
            "99.500000" : 214016,
            "99.900000" : 337920,
            "99.950000" : 354304,
            "99.990000" : 387072
          }
        },
        "lat_ns" : {
          "min" : 14220,
          "max" : 609995,
          "mean" : 26635.700879,
          "stddev" : 21979.517897,
          "N" : 1572982
        },
        "bw_min" : 844224,
        "bw_max" : 1167296,
        "bw_agg" : 100.000000,
        "bw_mean" : 920942.222222,
        "bw_dev" : 16176.872519,
        "bw_samples" : 216,
        "iops_min" : 52764,
        "iops_max" : 72956,
        "iops_mean" : 57558.888889,
        "iops_stddev" : 1011.054532,
        "iops_samples" : 216
      },
      "trim" : {
        "io_bytes" : 0,
        "io_kbytes" : 0,
        "bw_bytes" : 0,
        "bw" : 0,
        "iops" : 0.000000,
        "runtime" : 0,
        "total_ios" : 0,
        "short_ios" : 0,
        "drop_ios" : 0,
        "slat_ns" : {
          "min" : 0,
          "max" : 0,
          "mean" : 0.000000,
          "stddev" : 0.000000,
          "N" : 0
        },
        "clat_ns" : {
          "min" : 0,
          "max" : 0,
          "mean" : 0.000000,
          "stddev" : 0.000000,
          "N" : 0
        },
        "lat_ns" : {
          "min" : 0,
          "max" : 0,
          "mean" : 0.000000,
          "stddev" : 0.000000,
          "N" : 0
        },
        "bw_min" : 0,
        "bw_max" : 0,
        "bw_agg" : 0.000000,
        "bw_mean" : 0.000000,
        "bw_dev" : 0.000000,
        "bw_samples" : 0,
        "iops_min" : 0,
        "iops_max" : 0,
        "iops_mean" : 0.000000,
        "iops_stddev" : 0.000000,
        "iops_samples" : 0
      },
      "sync" : {
        "total_ios" : 0,
        "lat_ns" : {
          "min" : 0,
          "max" : 0,
          "mean" : 0.000000,
          "stddev" : 0.000000,
          "N" : 0
        }
      },
      "job_runtime" : 109366,
      "usr_cpu" : 2.373681,
      "sys_cpu" : 12.336558,
      "ctx" : 2623134,
      "majf" : 0,
      "minf" : 0,
      "iodepth_level" : {
        "1" : 0.100000,
        "2" : 0.100000,
        "4" : 0.100000,
        "8" : 0.100000,
        "16" : 99.998093,
        "32" : 0.000000,
        ">=64" : 0.000000
      },
      "iodepth_submit" : {
        "0" : 0.000000,
        "4" : 100.000000,
        "8" : 0.000000,
        "16" : 0.000000,
        "32" : 0.000000,
        "64" : 0.000000,
        ">=64" : 0.000000
      },
      "iodepth_complete" : {
        "0" : 0.000000,
        "4" : 99.999873,
        "8" : 0.000000,
        "16" : 0.100000,
        "32" : 0.000000,
        "64" : 0.000000,
        ">=64" : 0.000000
      },
      "latency_ns" : {
        "2" : 0.000000,
        "4" : 0.000000,
        "10" : 0.000000,
        "20" : 0.000000,
        "50" : 0.000000,
        "100" : 0.010000,
        "250" : 0.010000,
        "500" : 0.010000,
        "750" : 0.010000,
        "1000" : 0.000000
      },
      "latency_us" : {
        "2" : 0.010000,
        "4" : 0.010000,
        "10" : 4.660638,
        "20" : 28.502782,
        "50" : 27.548059,
        "100" : 1.260567,
        "250" : 3.395335,
        "500" : 5.086708,
        "750" : 4.739285,
        "1000" : 4.313660
      },
      "latency_ms" : {
        "2" : 11.924203,
        "4" : 7.326094,
        "10" : 1.089287,
        "20" : 0.134309,
        "50" : 0.013161,
        "100" : 0.000000,
        "250" : 0.000000,
        "500" : 0.000000,
        "750" : 0.000000,
        "1000" : 0.000000,
        "2000" : 0.000000,
        ">=2000" : 0.000000
      },
      "latency_depth" : 16,
      "latency_target" : 0,
      "latency_percentile" : 100.000000,
      "latency_window" : 0
    }
  ],
  "disk_util" : [
    {
      "name" : "nvme3n1",
      "read_ios" : 1561485,
      "write_ios" : 1561687,
      "read_merges" : 0,
      "write_merges" : 0,
      "read_ticks" : 1687465,
      "write_ticks" : 34099,
      "in_queue" : 1721565,
      "util" : 99.665908
    }
  ]
}
