{
  "fio version" : "fio-3.28",
  "timestamp" : 1743410732,
  "timestamp_ms" : 1743410732178,
  "time" : "Mon Mar 31 17:45:32 2025",
  "global options" : {
    "bs" : "4k",
    "ioengine" : "psync",
    "size" : "12G",
    "numjobs" : "1",
    "iodepth" : "1",
    "group_reporting" : "1",
    "direct" : "1",
    "thread" : "1",
    "filename" : "/dev/nvme3n1"
  },
  "jobs" : [
    {
      "jobname" : "seqwrite",
      "groupid" : 0,
      "error" : 0,
      "eta" : 0,
      "elapsed" : 37,
      "job options" : {
        "rw" : "rw"
      },
      "read" : {
        "io_bytes" : 6446026752,
        "io_kbytes" : 6294948,
        "bw_bytes" : 177263963,
        "bw" : 173109,
        "iops" : 43277.334727,
        "runtime" : 36364,
        "total_ios" : 1573737,
        "short_ios" : 0,
        "drop_ios" : 0,
        "slat_ns" : {
          "min" : 0,
          "max" : 0,
          "mean" : 0.000000,
          "stddev" : 0.000000,
          "N" : 0
        },
        "clat_ns" : {
          "min" : 4100,
          "max" : 430865,
          "mean" : 12002.562371,
          "stddev" : 24486.091699,
          "N" : 1573737,
          "percentile" : {
            "1.000000" : 5024,
            "5.000000" : 5152,
            "10.000000" : 5280,
            "20.000000" : 5408,
            "30.000000" : 5472,
            "40.000000" : 5536,
            "50.000000" : 5664,
            "60.000000" : 5728,
            "70.000000" : 5856,
            "80.000000" : 6112,
            "90.000000" : 7200,
            "95.000000" : 74240,
            "99.000000" : 76288,
            "99.500000" : 205824,
            "99.900000" : 228352,
            "99.950000" : 228352,
            "99.990000" : 407552
          }
        },
        "lat_ns" : {
          "min" : 4120,
          "max" : 430885,
          "mean" : 12022.402262,
          "stddev" : 24486.818031,
          "N" : 1573737
        },
        "bw_min" : 41016,
        "bw_max" : 243160,
        "bw_agg" : 99.653780,
        "bw_mean" : 172510.222222,
        "bw_dev" : 89631.916963,
        "bw_samples" : 72,
        "iops_min" : 10254,
        "iops_max" : 60790,
        "iops_mean" : 43127.555556,
        "iops_stddev" : 22407.979241,
        "iops_samples" : 72
      },
      "write" : {
        "io_bytes" : 6438875136,
        "io_kbytes" : 6287964,
        "bw_bytes" : 177067295,
        "bw" : 172917,
        "iops" : 43229.320207,
        "runtime" : 36364,
        "total_ios" : 1571991,
        "short_ios" : 0,
        "drop_ios" : 0,
        "slat_ns" : {
          "min" : 0,
          "max" : 0,
          "mean" : 0.000000,
          "stddev" : 0.000000,
          "N" : 0
        },
        "clat_ns" : {
          "min" : 9780,
          "max" : 401165,
          "mean" : 10802.776752,
          "stddev" : 933.073059,
          "N" : 1571991,
          "percentile" : {
            "1.000000" : 10176,
            "5.000000" : 10304,
            "10.000000" : 10304,
            "20.000000" : 10432,
            "30.000000" : 10560,
            "40.000000" : 10560,
            "50.000000" : 10688,
            "60.000000" : 10816,
            "70.000000" : 10816,
            "80.000000" : 10944,
            "90.000000" : 11200,
            "95.000000" : 11712,
            "99.000000" : 13120,
            "99.500000" : 14016,
            "99.900000" : 18304,
            "99.950000" : 21376,
            "99.990000" : 30848
          }
        },
        "lat_ns" : {
          "min" : 9800,
          "max" : 401195,
          "mean" : 10832.736338,
          "stddev" : 938.895521,
          "N" : 1571991
        },
        "bw_min" : 40248,
        "bw_max" : 244872,
        "bw_agg" : 99.649381,
        "bw_mean" : 172311.000000,
        "bw_dev" : 89480.954618,
        "bw_samples" : 72,
        "iops_min" : 10062,
        "iops_max" : 61218,
        "iops_mean" : 43077.750000,
        "iops_stddev" : 22370.205006,
        "iops_samples" : 72
      },
      "trim" : {
        "io_bytes" : 0,
        "io_kbytes" : 0,
        "bw_bytes" : 0,
        "bw" : 0,
        "iops" : 0.000000,
        "runtime" : 0,
        "total_ios" : 0,
        "short_ios" : 0,
        "drop_ios" : 0,
        "slat_ns" : {
          "min" : 0,
          "max" : 0,
          "mean" : 0.000000,
          "stddev" : 0.000000,
          "N" : 0
        },
        "clat_ns" : {
          "min" : 0,
          "max" : 0,
          "mean" : 0.000000,
          "stddev" : 0.000000,
          "N" : 0
        },
        "lat_ns" : {
          "min" : 0,
          "max" : 0,
          "mean" : 0.000000,
          "stddev" : 0.000000,
          "N" : 0
        },
        "bw_min" : 0,
        "bw_max" : 0,
        "bw_agg" : 0.000000,
        "bw_mean" : 0.000000,
        "bw_dev" : 0.000000,
        "bw_samples" : 0,
        "iops_min" : 0,
        "iops_max" : 0,
        "iops_mean" : 0.000000,
        "iops_stddev" : 0.000000,
        "iops_samples" : 0
      },
      "sync" : {
        "total_ios" : 0,
        "lat_ns" : {
          "min" : 0,
          "max" : 0,
          "mean" : 0.000000,
          "stddev" : 0.000000,
          "N" : 0
        }
      },
      "job_runtime" : 36363,
      "usr_cpu" : 3.619063,
      "sys_cpu" : 27.060474,
      "ctx" : 3145869,
      "majf" : 0,
      "minf" : 0,
      "iodepth_level" : {
        "1" : 100.000000,
        "2" : 0.000000,
        "4" : 0.000000,
        "8" : 0.000000,
        "16" : 0.000000,
        "32" : 0.000000,
        ">=64" : 0.000000
      },
      "iodepth_submit" : {
        "0" : 0.000000,
        "4" : 100.000000,
        "8" : 0.000000,
        "16" : 0.000000,
        "32" : 0.000000,
        "64" : 0.000000,
        ">=64" : 0.000000
      },
      "iodepth_complete" : {
        "0" : 0.000000,
        "4" : 100.000000,
        "8" : 0.000000,
        "16" : 0.000000,
        "32" : 0.000000,
        "64" : 0.000000,
        ">=64" : 0.000000
      },
      "latency_ns" : {
        "2" : 0.000000,
        "4" : 0.000000,
        "10" : 0.000000,
        "20" : 0.000000,
        "50" : 0.000000,
        "100" : 0.000000,
        "250" : 0.000000,
        "500" : 0.000000,
        "750" : 0.000000,
        "1000" : 0.000000
      },
      "latency_us" : {
        "2" : 0.000000,
        "4" : 0.000000,
        "10" : 46.091048,
        "20" : 49.962362,
        "50" : 0.039768,
        "100" : 3.586483,
        "250" : 0.306765,
        "500" : 0.013574,
        "750" : 0.000000,
        "1000" : 0.000000
      },
      "latency_ms" : {
        "2" : 0.000000,
        "4" : 0.000000,
        "10" : 0.000000,
        "20" : 0.000000,
        "50" : 0.000000,
        "100" : 0.000000,
        "250" : 0.000000,
        "500" : 0.000000,
        "750" : 0.000000,
        "1000" : 0.000000,
        "2000" : 0.000000,
        ">=2000" : 0.000000
      },
      "latency_depth" : 1,
      "latency_target" : 0,
      "latency_percentile" : 100.000000,
      "latency_window" : 0
    }
  ],
  "disk_util" : [
    {
      "name" : "nvme3n1",
      "read_ios" : 1560804,
      "write_ios" : 1558885,
      "read_merges" : 0,
      "write_merges" : 0,
      "read_ticks" : 13975,
      "write_ticks" : 12024,
      "in_queue" : 25999,
      "util" : 72.709460
    }
  ]
}
