{
  "fio version" : "fio-3.28",
  "timestamp" : 1728150760,
  "timestamp_ms" : 1728150760456,
  "time" : "Sun Oct  6 02:52:40 2024",
  "global options" : {
    "size" : "127G",
    "direct" : "1",
    "runtime" : "60",
    "ioengine" : "libaio",
    "numjobs" : "4",
    "iodepth" : "16"
  },
  "jobs" : [
    {
      "jobname" : "rand-rw-async-16k-50",
      "groupid" : 0,
      "error" : 0,
      "eta" : 0,
      "elapsed" : 61,
      "job options" : {
        "rw" : "randrw",
        "random_distribution" : "random",
        "rwmixread" : "50",
        "bs" : "16k",
        "filename" : "/dev/nvme3n1"
      },
      "read" : {
        "io_bytes" : 12403326976,
        "io_kbytes" : 12112624,
        "bw_bytes" : 206694556,
        "bw" : 201850,
        "iops" : 12615.634582,
        "runtime" : 60008,
        "total_ios" : 757039,
        "short_ios" : 0,
        "drop_ios" : 0,
        "slat_ns" : {
          "min" : 1930,
          "max" : 25910,
          "mean" : 2304.865789,
          "stddev" : 402.401877,
          "N" : 757039
        },
        "clat_ns" : {
          "min" : 6740,
          "max" : 14063666,
          "mean" : 4948788.302741,
          "stddev" : 2325122.382884,
          "N" : 757039,
          "percentile" : {
            "1.000000" : 733184,
            "5.000000" : 1449984,
            "10.000000" : 1794048,
            "20.000000" : 2637824,
            "30.000000" : 3063808,
            "40.000000" : 4014080,
            "50.000000" : 4947968,
            "60.000000" : 5931008,
            "70.000000" : 6848512,
            "80.000000" : 7241728,
            "90.000000" : 8028160,
            "95.000000" : 8454144,
            "99.000000" : 9109504,
            "99.500000" : 9371648,
            "99.900000" : 9895936,
            "99.950000" : 10027008,
            "99.990000" : 10682368
          }
        },
        "lat_ns" : {
          "min" : 8830,
          "max" : 14065896,
          "mean" : 4951139.874001,
          "stddev" : 2325123.663566,
          "N" : 757039
        },
        "bw_min" : 188480,
        "bw_max" : 211904,
        "bw_agg" : 100.000000,
        "bw_mean" : 201897.680672,
        "bw_dev" : 1179.120945,
        "bw_samples" : 476,
        "iops_min" : 11780,
        "iops_max" : 13244,
        "iops_mean" : 12618.605042,
        "iops_stddev" : 73.695059,
        "iops_samples" : 476
      },
      "write" : {
        "io_bytes" : 12428623872,
        "io_kbytes" : 12137328,
        "bw_bytes" : 207116115,
        "bw" : 202261,
        "iops" : 12641.364485,
        "runtime" : 60008,
        "total_ios" : 758583,
        "short_ios" : 0,
        "drop_ios" : 0,
        "slat_ns" : {
          "min" : 1950,
          "max" : 751681,
          "mean" : 2497.236621,
          "stddev" : 956.523304,
          "N" : 758583
        },
        "clat_ns" : {
          "min" : 11900,
          "max" : 5191429,
          "mean" : 118359.198075,
          "stddev" : 255069.374374,
          "N" : 758583,
          "percentile" : {
            "1.000000" : 15168,
            "5.000000" : 15552,
            "10.000000" : 15808,
            "20.000000" : 16320,
            "30.000000" : 16768,
            "40.000000" : 17280,
            "50.000000" : 18304,
            "60.000000" : 21376,
            "70.000000" : 68096,
            "80.000000" : 132096,
            "90.000000" : 309248,
            "95.000000" : 634880,
            "99.000000" : 1286144,
            "99.500000" : 1482752,
            "99.900000" : 2342912,
            "99.950000" : 2605056,
            "99.990000" : 3325952
          }
        },
        "lat_ns" : {
          "min" : 14749,
          "max" : 5193819,
          "mean" : 120903.142895,
          "stddev" : 255074.192855,
          "N" : 758583
        },
        "bw_min" : 184576,
        "bw_max" : 220352,
        "bw_agg" : 100.000000,
        "bw_mean" : 202385.478992,
        "bw_dev" : 1726.270756,
        "bw_samples" : 476,
        "iops_min" : 11536,
        "iops_max" : 13772,
        "iops_mean" : 12649.092437,
        "iops_stddev" : 107.891922,
        "iops_samples" : 476
      },
      "trim" : {
        "io_bytes" : 0,
        "io_kbytes" : 0,
        "bw_bytes" : 0,
        "bw" : 0,
        "iops" : 0.000000,
        "runtime" : 0,
        "total_ios" : 0,
        "short_ios" : 0,
        "drop_ios" : 0,
        "slat_ns" : {
          "min" : 0,
          "max" : 0,
          "mean" : 0.000000,
          "stddev" : 0.000000,
          "N" : 0
        },
        "clat_ns" : {
          "min" : 0,
          "max" : 0,
          "mean" : 0.000000,
          "stddev" : 0.000000,
          "N" : 0
        },
        "lat_ns" : {
          "min" : 0,
          "max" : 0,
          "mean" : 0.000000,
          "stddev" : 0.000000,
          "N" : 0
        },
        "bw_min" : 0,
        "bw_max" : 0,
        "bw_agg" : 0.000000,
        "bw_mean" : 0.000000,
        "bw_dev" : 0.000000,
        "bw_samples" : 0,
        "iops_min" : 0,
        "iops_max" : 0,
        "iops_mean" : 0.000000,
        "iops_stddev" : 0.000000,
        "iops_samples" : 0
      },
      "sync" : {
        "total_ios" : 0,
        "lat_ns" : {
          "min" : 0,
          "max" : 0,
          "mean" : 0.000000,
          "stddev" : 0.000000,
          "N" : 0
        }
      },
      "job_runtime" : 240025,
      "usr_cpu" : 0.736173,
      "sys_cpu" : 2.748464,
      "ctx" : 1370374,
      "majf" : 0,
      "minf" : 67,
      "iodepth_level" : {
        "1" : 0.100000,
        "2" : 0.100000,
        "4" : 0.100000,
        "8" : 0.100000,
        "16" : 99.996041,
        "32" : 0.000000,
        ">=64" : 0.000000
      },
      "iodepth_submit" : {
        "0" : 0.000000,
        "4" : 100.000000,
        "8" : 0.000000,
        "16" : 0.000000,
        "32" : 0.000000,
        "64" : 0.000000,
        ">=64" : 0.000000
      },
      "iodepth_complete" : {
        "0" : 0.000000,
        "4" : 99.999736,
        "8" : 0.000000,
        "16" : 0.100000,
        "32" : 0.000000,
        "64" : 0.000000,
        ">=64" : 0.000000
      },
      "latency_ns" : {
        "2" : 0.000000,
        "4" : 0.000000,
        "10" : 0.000000,
        "20" : 0.000000,
        "50" : 0.000000,
        "100" : 0.000000,
        "250" : 0.000000,
        "500" : 0.000000,
        "750" : 0.000000,
        "1000" : 0.000000
      },
      "latency_us" : {
        "2" : 0.000000,
        "4" : 0.000000,
        "10" : 0.010000,
        "20" : 28.748329,
        "50" : 5.193445,
        "100" : 2.931536,
        "250" : 7.482209,
        "500" : 2.804591,
        "750" : 1.419945,
        "1000" : 1.050196
      },
      "latency_ms" : {
        "2" : 6.302165,
        "4" : 13.988910,
        "10" : 30.050303,
        "20" : 0.025336,
        "50" : 0.000000,
        "100" : 0.000000,
        "250" : 0.000000,
        "500" : 0.000000,
        "750" : 0.000000,
        "1000" : 0.000000,
        "2000" : 0.000000,
        ">=2000" : 0.000000
      },
      "latency_depth" : 16,
      "latency_target" : 0,
      "latency_percentile" : 100.000000,
      "latency_window" : 0
    }
  ],
  "disk_util" : [
    {
      "name" : "nvme3n1",
      "read_ios" : 755740,
      "write_ios" : 757293,
      "read_merges" : 0,
      "write_merges" : 0,
      "read_ticks" : 3737606,
      "write_ticks" : 87901,
      "in_queue" : 3825508,
      "util" : 99.859963
    }
  ]
}
