{
  "fio version" : "fio-3.28",
  "timestamp" : 1728152693,
  "timestamp_ms" : 1728152693751,
  "time" : "Sun Oct  6 03:24:53 2024",
  "global options" : {
    "size" : "127G",
    "direct" : "1",
    "runtime" : "60",
    "ioengine" : "libaio",
    "numjobs" : "4",
    "iodepth" : "16"
  },
  "jobs" : [
    {
      "jobname" : "rand-rw-async-64k-50",
      "groupid" : 0,
      "error" : 0,
      "eta" : 0,
      "elapsed" : 61,
      "job options" : {
        "rw" : "randrw",
        "random_distribution" : "random",
        "rwmixread" : "50",
        "bs" : "64k",
        "filename" : "/dev/nvme3n1"
      },
      "read" : {
        "io_bytes" : 14384496640,
        "io_kbytes" : 14047360,
        "bw_bytes" : 239661723,
        "bw" : 234044,
        "iops" : 3656.947684,
        "runtime" : 60020,
        "total_ios" : 219490,
        "short_ios" : 0,
        "drop_ios" : 0,
        "slat_ns" : {
          "min" : 2590,
          "max" : 17360,
          "mean" : 3377.563215,
          "stddev" : 713.774363,
          "N" : 219490
        },
        "clat_ns" : {
          "min" : 94010,
          "max" : 35608010,
          "mean" : 14461886.044690,
          "stddev" : 4316877.713843,
          "N" : 219490,
          "percentile" : {
            "1.000000" : 3588096,
            "5.000000" : 5931008,
            "10.000000" : 8290304,
            "20.000000" : 11206656,
            "30.000000" : 12779520,
            "40.000000" : 13959168,
            "50.000000" : 15007744,
            "60.000000" : 15794176,
            "70.000000" : 16711680,
            "80.000000" : 17694720,
            "90.000000" : 19267584,
            "95.000000" : 20578304,
            "99.000000" : 24248320,
            "99.500000" : 25559040,
            "99.900000" : 28966912,
            "99.950000" : 30277632,
            "99.990000" : 33161216
          }
        },
        "lat_ns" : {
          "min" : 101251,
          "max" : 35610890,
          "mean" : 14465314.360987,
          "stddev" : 4316894.014610,
          "N" : 219490
        },
        "bw_min" : 171392,
        "bw_max" : 309504,
        "bw_agg" : 100.000000,
        "bw_mean" : 234074.000000,
        "bw_dev" : 7065.307633,
        "bw_samples" : 480,
        "iops_min" : 2678,
        "iops_max" : 4836,
        "iops_mean" : 3657.391667,
        "iops_stddev" : 110.401141,
        "iops_samples" : 480
      },
      "write" : {
        "io_bytes" : 14395179008,
        "io_kbytes" : 14057792,
        "bw_bytes" : 239839703,
        "bw" : 234218,
        "iops" : 3659.663446,
        "runtime" : 60020,
        "total_ios" : 219653,
        "short_ios" : 0,
        "drop_ios" : 0,
        "slat_ns" : {
          "min" : 2850,
          "max" : 23551,
          "mean" : 4237.906594,
          "stddev" : 768.484550,
          "N" : 219653
        },
        "clat_ns" : {
          "min" : 34080,
          "max" : 27292836,
          "mean" : 3027319.867172,
          "stddev" : 2911054.547446,
          "N" : 219653,
          "percentile" : {
            "1.000000" : 43776,
            "5.000000" : 111104,
            "10.000000" : 272384,
            "20.000000" : 675840,
            "30.000000" : 1138688,
            "40.000000" : 1531904,
            "50.000000" : 2179072,
            "60.000000" : 2834432,
            "70.000000" : 3784704,
            "80.000000" : 5013504,
            "90.000000" : 6979584,
            "95.000000" : 8978432,
            "99.000000" : 13041664,
            "99.500000" : 14745600,
            "99.900000" : 18219008,
            "99.950000" : 19267584,
            "99.990000" : 22937600
          }
        },
        "lat_ns" : {
          "min" : 37290,
          "max" : 27296816,
          "mean" : 3031608.100468,
          "stddev" : 2911103.805068,
          "N" : 219653
        },
        "bw_min" : 185600,
        "bw_max" : 318464,
        "bw_agg" : 100.000000,
        "bw_mean" : 234286.366667,
        "bw_dev" : 7017.480030,
        "bw_samples" : 480,
        "iops_min" : 2900,
        "iops_max" : 4976,
        "iops_mean" : 3660.708333,
        "iops_stddev" : 109.651008,
        "iops_samples" : 480
      },
      "trim" : {
        "io_bytes" : 0,
        "io_kbytes" : 0,
        "bw_bytes" : 0,
        "bw" : 0,
        "iops" : 0.000000,
        "runtime" : 0,
        "total_ios" : 0,
        "short_ios" : 0,
        "drop_ios" : 0,
        "slat_ns" : {
          "min" : 0,
          "max" : 0,
          "mean" : 0.000000,
          "stddev" : 0.000000,
          "N" : 0
        },
        "clat_ns" : {
          "min" : 0,
          "max" : 0,
          "mean" : 0.000000,
          "stddev" : 0.000000,
          "N" : 0
        },
        "lat_ns" : {
          "min" : 0,
          "max" : 0,
          "mean" : 0.000000,
          "stddev" : 0.000000,
          "N" : 0
        },
        "bw_min" : 0,
        "bw_max" : 0,
        "bw_agg" : 0.000000,
        "bw_mean" : 0.000000,
        "bw_dev" : 0.000000,
        "bw_samples" : 0,
        "iops_min" : 0,
        "iops_max" : 0,
        "iops_mean" : 0.000000,
        "iops_stddev" : 0.000000,
        "iops_samples" : 0
      },
      "sync" : {
        "total_ios" : 0,
        "lat_ns" : {
          "min" : 0,
          "max" : 0,
          "mean" : 0.000000,
          "stddev" : 0.000000,
          "N" : 0
        }
      },
      "job_runtime" : 240069,
      "usr_cpu" : 0.363645,
      "sys_cpu" : 1.094269,
      "ctx" : 430174,
      "majf" : 0,
      "minf" : 69,
      "iodepth_level" : {
        "1" : 0.100000,
        "2" : 0.100000,
        "4" : 0.100000,
        "8" : 0.100000,
        "16" : 99.986337,
        "32" : 0.000000,
        ">=64" : 0.000000
      },
      "iodepth_submit" : {
        "0" : 0.000000,
        "4" : 100.000000,
        "8" : 0.000000,
        "16" : 0.000000,
        "32" : 0.000000,
        "64" : 0.000000,
        ">=64" : 0.000000
      },
      "iodepth_complete" : {
        "0" : 0.000000,
        "4" : 99.999089,
        "8" : 0.000000,
        "16" : 0.100000,
        "32" : 0.000000,
        "64" : 0.000000,
        ">=64" : 0.000000
      },
      "latency_ns" : {
        "2" : 0.000000,
        "4" : 0.000000,
        "10" : 0.000000,
        "20" : 0.000000,
        "50" : 0.000000,
        "100" : 0.000000,
        "250" : 0.000000,
        "500" : 0.000000,
        "750" : 0.000000,
        "1000" : 0.000000
      },
      "latency_us" : {
        "2" : 0.000000,
        "4" : 0.000000,
        "10" : 0.000000,
        "20" : 0.000000,
        "50" : 1.028367,
        "100" : 1.255855,
        "250" : 2.319518,
        "500" : 3.460149,
        "750" : 2.757416,
        "1000" : 2.666102
      },
      "latency_ms" : {
        "2" : 10.442157,
        "4" : 13.052468,
        "10" : 18.777483,
        "20" : 40.615927,
        "50" : 3.624560,
        "100" : 0.000000,
        "250" : 0.000000,
        "500" : 0.000000,
        "750" : 0.000000,
        "1000" : 0.000000,
        "2000" : 0.000000,
        ">=2000" : 0.000000
      },
      "latency_depth" : 16,
      "latency_target" : 0,
      "latency_percentile" : 100.000000,
      "latency_window" : 0
    }
  ],
  "disk_util" : [
    {
      "name" : "nvme3n1",
      "read_ios" : 219149,
      "write_ios" : 219271,
      "read_merges" : 0,
      "write_merges" : 0,
      "read_ticks" : 3166578,
      "write_ticks" : 663129,
      "in_queue" : 3829707,
      "util" : 99.859965
    }
  ]
}
