{
  "fio version" : "fio-3.28",
  "timestamp" : 1728150700,
  "timestamp_ms" : 1728150700072,
  "time" : "Sun Oct  6 02:51:40 2024",
  "global options" : {
    "size" : "127G",
    "direct" : "1",
    "runtime" : "60",
    "ioengine" : "libaio",
    "numjobs" : "4",
    "iodepth" : "16"
  },
  "jobs" : [
    {
      "jobname" : "rand-rw-async-16k-30",
      "groupid" : 0,
      "error" : 0,
      "eta" : 0,
      "elapsed" : 61,
      "job options" : {
        "rw" : "randrw",
        "random_distribution" : "random",
        "rwmixread" : "30",
        "bs" : "16k",
        "filename" : "/dev/nvme3n1"
      },
      "read" : {
        "io_bytes" : 5774540800,
        "io_kbytes" : 5639200,
        "bw_bytes" : 96218292,
        "bw" : 93963,
        "iops" : 5872.698492,
        "runtime" : 60015,
        "total_ios" : 352450,
        "short_ios" : 0,
        "drop_ios" : 0,
        "slat_ns" : {
          "min" : 2000,
          "max" : 13559,
          "mean" : 2488.684304,
          "stddev" : 581.943912,
          "N" : 352450
        },
        "clat_ns" : {
          "min" : 10540,
          "max" : 26858020,
          "mean" : 6962328.636368,
          "stddev" : 4221018.020059,
          "N" : 352450,
          "percentile" : {
            "1.000000" : 1122304,
            "5.000000" : 1433600,
            "10.000000" : 1826816,
            "20.000000" : 2506752,
            "30.000000" : 2998272,
            "40.000000" : 4046848,
            "50.000000" : 7241728,
            "60.000000" : 9502720,
            "70.000000" : 10420224,
            "80.000000" : 11206656,
            "90.000000" : 12124160,
            "95.000000" : 13041664,
            "99.000000" : 14876672,
            "99.500000" : 15663104,
            "99.900000" : 17432576,
            "99.950000" : 18219008,
            "99.990000" : 19791872
          }
        },
        "lat_ns" : {
          "min" : 12750,
          "max" : 26860350,
          "mean" : 6964863.960233,
          "stddev" : 4221017.218428,
          "N" : 352450
        },
        "bw_min" : 66944,
        "bw_max" : 130080,
        "bw_agg" : 100.000000,
        "bw_mean" : 93986.523249,
        "bw_dev" : 3997.938905,
        "bw_samples" : 479,
        "iops_min" : 4184,
        "iops_max" : 8130,
        "iops_mean" : 5874.157703,
        "iops_stddev" : 249.871182,
        "iops_samples" : 479
      },
      "write" : {
        "io_bytes" : 13501267968,
        "io_kbytes" : 13184832,
        "bw_bytes" : 224964891,
        "bw" : 219692,
        "iops" : 13730.767308,
        "runtime" : 60015,
        "total_ios" : 824052,
        "short_ios" : 0,
        "drop_ios" : 0,
        "slat_ns" : {
          "min" : 2009,
          "max" : 119816,
          "mean" : 2656.683969,
          "stddev" : 606.093040,
          "N" : 824052
        },
        "clat_ns" : {
          "min" : 14169,
          "max" : 15370085,
          "mean" : 1678750.198252,
          "stddev" : 1401825.667680,
          "N" : 824052,
          "percentile" : {
            "1.000000" : 42240,
            "5.000000" : 140288,
            "10.000000" : 244736,
            "20.000000" : 501760,
            "30.000000" : 815104,
            "40.000000" : 1105920,
            "50.000000" : 1318912,
            "60.000000" : 1564672,
            "70.000000" : 2088960,
            "80.000000" : 2637824,
            "90.000000" : 3653632,
            "95.000000" : 4423680,
            "99.000000" : 6389760,
            "99.500000" : 7110656,
            "99.900000" : 8978432,
            "99.950000" : 9633792,
            "99.990000" : 11862016
          }
        },
        "lat_ns" : {
          "min" : 17140,
          "max" : 15372724,
          "mean" : 1681453.050322,
          "stddev" : 1401826.089594,
          "N" : 824052
        },
        "bw_min" : 166272,
        "bw_max" : 301824,
        "bw_agg" : 100.000000,
        "bw_mean" : 219758.084034,
        "bw_dev" : 9158.425856,
        "bw_samples" : 479,
        "iops_min" : 10392,
        "iops_max" : 18864,
        "iops_mean" : 13734.880252,
        "iops_stddev" : 572.401616,
        "iops_samples" : 479
      },
      "trim" : {
        "io_bytes" : 0,
        "io_kbytes" : 0,
        "bw_bytes" : 0,
        "bw" : 0,
        "iops" : 0.000000,
        "runtime" : 0,
        "total_ios" : 0,
        "short_ios" : 0,
        "drop_ios" : 0,
        "slat_ns" : {
          "min" : 0,
          "max" : 0,
          "mean" : 0.000000,
          "stddev" : 0.000000,
          "N" : 0
        },
        "clat_ns" : {
          "min" : 0,
          "max" : 0,
          "mean" : 0.000000,
          "stddev" : 0.000000,
          "N" : 0
        },
        "lat_ns" : {
          "min" : 0,
          "max" : 0,
          "mean" : 0.000000,
          "stddev" : 0.000000,
          "N" : 0
        },
        "bw_min" : 0,
        "bw_max" : 0,
        "bw_agg" : 0.000000,
        "bw_mean" : 0.000000,
        "bw_dev" : 0.000000,
        "bw_samples" : 0,
        "iops_min" : 0,
        "iops_max" : 0,
        "iops_mean" : 0.000000,
        "iops_stddev" : 0.000000,
        "iops_samples" : 0
      },
      "sync" : {
        "total_ios" : 0,
        "lat_ns" : {
          "min" : 0,
          "max" : 0,
          "mean" : 0.000000,
          "stddev" : 0.000000,
          "N" : 0
        }
      },
      "job_runtime" : 240048,
      "usr_cpu" : 0.606545,
      "sys_cpu" : 2.033343,
      "ctx" : 774079,
      "majf" : 0,
      "minf" : 70,
      "iodepth_level" : {
        "1" : 0.100000,
        "2" : 0.100000,
        "4" : 0.100000,
        "8" : 0.100000,
        "16" : 99.994900,
        "32" : 0.000000,
        ">=64" : 0.000000
      },
      "iodepth_submit" : {
        "0" : 0.000000,
        "4" : 100.000000,
        "8" : 0.000000,
        "16" : 0.000000,
        "32" : 0.000000,
        "64" : 0.000000,
        ">=64" : 0.000000
      },
      "iodepth_complete" : {
        "0" : 0.000000,
        "4" : 99.999660,
        "8" : 0.000000,
        "16" : 0.100000,
        "32" : 0.000000,
        "64" : 0.000000,
        ">=64" : 0.000000
      },
      "latency_ns" : {
        "2" : 0.000000,
        "4" : 0.000000,
        "10" : 0.000000,
        "20" : 0.000000,
        "50" : 0.000000,
        "100" : 0.000000,
        "250" : 0.000000,
        "500" : 0.000000,
        "750" : 0.000000,
        "1000" : 0.000000
      },
      "latency_us" : {
        "2" : 0.000000,
        "4" : 0.000000,
        "10" : 0.000000,
        "20" : 0.049044,
        "50" : 0.894431,
        "100" : 1.442496,
        "250" : 4.819966,
        "500" : 6.820813,
        "750" : 5.624810,
        "1000" : 5.879718
      },
      "latency_ms" : {
        "2" : 25.999616,
        "4" : 25.422141,
        "10" : 12.398789,
        "20" : 10.645626,
        "50" : 0.010000,
        "100" : 0.000000,
        "250" : 0.000000,
        "500" : 0.000000,
        "750" : 0.000000,
        "1000" : 0.000000,
        "2000" : 0.000000,
        ">=2000" : 0.000000
      },
      "latency_depth" : 16,
      "latency_target" : 0,
      "latency_percentile" : 100.000000,
      "latency_window" : 0
    }
  ],
  "disk_util" : [
    {
      "name" : "nvme3n1",
      "read_ios" : 351898,
      "write_ios" : 822619,
      "read_merges" : 0,
      "write_merges" : 0,
      "read_ticks" : 2447677,
      "write_ticks" : 1378162,
      "in_queue" : 3825840,
      "util" : 99.858298
    }
  ]
}
