{
  "fio version" : "fio-3.28",
  "timestamp" : 1728153116,
  "timestamp_ms" : 1728153116574,
  "time" : "Sun Oct  6 03:31:56 2024",
  "global options" : {
    "size" : "127G",
    "direct" : "1",
    "runtime" : "60",
    "ioengine" : "libaio",
    "numjobs" : "4",
    "iodepth" : "16"
  },
  "jobs" : [
    {
      "jobname" : "rand-rw-async-8k-30",
      "groupid" : 0,
      "error" : 0,
      "eta" : 0,
      "elapsed" : 61,
      "job options" : {
        "rw" : "randrw",
        "random_distribution" : "random",
        "rwmixread" : "30",
        "bs" : "8k",
        "filename" : "/dev/nvme3n1"
      },
      "read" : {
        "io_bytes" : 5728026624,
        "io_kbytes" : 5593776,
        "bw_bytes" : 95444839,
        "bw" : 93207,
        "iops" : 11650.981438,
        "runtime" : 60014,
        "total_ios" : 699222,
        "short_ios" : 0,
        "drop_ios" : 0,
        "slat_ns" : {
          "min" : 1580,
          "max" : 23521,
          "mean" : 2118.484456,
          "stddev" : 455.076267,
          "N" : 699222
        },
        "clat_ns" : {
          "min" : 60151,
          "max" : 24449125,
          "mean" : 5227756.511404,
          "stddev" : 3020495.955817,
          "N" : 699222,
          "percentile" : {
            "1.000000" : 561152,
            "5.000000" : 1269760,
            "10.000000" : 1679360,
            "20.000000" : 2539520,
            "30.000000" : 3260416,
            "40.000000" : 3948544,
            "50.000000" : 4751360,
            "60.000000" : 5472256,
            "70.000000" : 6520832,
            "80.000000" : 7700480,
            "90.000000" : 9502720,
            "95.000000" : 11075584,
            "99.000000" : 13697024,
            "99.500000" : 14483456,
            "99.900000" : 16056320,
            "99.950000" : 16711680,
            "99.990000" : 17694720
          }
        },
        "lat_ns" : {
          "min" : 62131,
          "max" : 24451125,
          "mean" : 5229921.852076,
          "stddev" : 3020497.874600,
          "N" : 699222
        },
        "bw_min" : 86960,
        "bw_max" : 98624,
        "bw_agg" : 100.000000,
        "bw_mean" : 93250.578151,
        "bw_dev" : 555.135809,
        "bw_samples" : 477,
        "iops_min" : 10870,
        "iops_max" : 12328,
        "iops_mean" : 11656.322269,
        "iops_stddev" : 69.391976,
        "iops_samples" : 477
      },
      "write" : {
        "io_bytes" : 13376880640,
        "io_kbytes" : 13063360,
        "bw_bytes" : 222896001,
        "bw" : 217671,
        "iops" : 27208.984570,
        "runtime" : 60014,
        "total_ios" : 1632920,
        "short_ios" : 0,
        "drop_ios" : 0,
        "slat_ns" : {
          "min" : 1560,
          "max" : 12350,
          "mean" : 2172.632564,
          "stddev" : 446.173775,
          "N" : 1632920
        },
        "clat_ns" : {
          "min" : 6450,
          "max" : 4764302,
          "mean" : 109946.520217,
          "stddev" : 202741.555169,
          "N" : 1632920,
          "percentile" : {
            "1.000000" : 11712,
            "5.000000" : 12224,
            "10.000000" : 12608,
            "20.000000" : 13120,
            "30.000000" : 13760,
            "40.000000" : 14784,
            "50.000000" : 20352,
            "60.000000" : 39168,
            "70.000000" : 71168,
            "80.000000" : 156672,
            "90.000000" : 317440,
            "95.000000" : 518144,
            "99.000000" : 995328,
            "99.500000" : 1187840,
            "99.900000" : 1646592,
            "99.950000" : 1990656,
            "99.990000" : 2605056
          }
        },
        "lat_ns" : {
          "min" : 10760,
          "max" : 4766362,
          "mean" : 112165.961078,
          "stddev" : 202759.917933,
          "N" : 1632920
        },
        "bw_min" : 201216,
        "bw_max" : 237376,
        "bw_agg" : 100.000000,
        "bw_mean" : 217807.126050,
        "bw_dev" : 1675.304679,
        "bw_samples" : 477,
        "iops_min" : 25152,
        "iops_max" : 29672,
        "iops_mean" : 27225.890756,
        "iops_stddev" : 209.413085,
        "iops_samples" : 477
      },
      "trim" : {
        "io_bytes" : 0,
        "io_kbytes" : 0,
        "bw_bytes" : 0,
        "bw" : 0,
        "iops" : 0.000000,
        "runtime" : 0,
        "total_ios" : 0,
        "short_ios" : 0,
        "drop_ios" : 0,
        "slat_ns" : {
          "min" : 0,
          "max" : 0,
          "mean" : 0.000000,
          "stddev" : 0.000000,
          "N" : 0
        },
        "clat_ns" : {
          "min" : 0,
          "max" : 0,
          "mean" : 0.000000,
          "stddev" : 0.000000,
          "N" : 0
        },
        "lat_ns" : {
          "min" : 0,
          "max" : 0,
          "mean" : 0.000000,
          "stddev" : 0.000000,
          "N" : 0
        },
        "bw_min" : 0,
        "bw_max" : 0,
        "bw_agg" : 0.000000,
        "bw_mean" : 0.000000,
        "bw_dev" : 0.000000,
        "bw_samples" : 0,
        "iops_min" : 0,
        "iops_max" : 0,
        "iops_mean" : 0.000000,
        "iops_stddev" : 0.000000,
        "iops_samples" : 0
      },
      "sync" : {
        "total_ios" : 0,
        "lat_ns" : {
          "min" : 0,
          "max" : 0,
          "mean" : 0.000000,
          "stddev" : 0.000000,
          "N" : 0
        }
      },
      "job_runtime" : 240045,
      "usr_cpu" : 1.034806,
      "sys_cpu" : 3.896769,
      "ctx" : 1952393,
      "majf" : 0,
      "minf" : 63,
      "iodepth_level" : {
        "1" : 0.100000,
        "2" : 0.100000,
        "4" : 0.100000,
        "8" : 0.100000,
        "16" : 99.997427,
        "32" : 0.000000,
        ">=64" : 0.000000
      },
      "iodepth_submit" : {
        "0" : 0.000000,
        "4" : 100.000000,
        "8" : 0.000000,
        "16" : 0.000000,
        "32" : 0.000000,
        "64" : 0.000000,
        ">=64" : 0.000000
      },
      "iodepth_complete" : {
        "0" : 0.000000,
        "4" : 99.999828,
        "8" : 0.000000,
        "16" : 0.100000,
        "32" : 0.000000,
        "64" : 0.000000,
        ">=64" : 0.000000
      },
      "latency_ns" : {
        "2" : 0.000000,
        "4" : 0.000000,
        "10" : 0.000000,
        "20" : 0.000000,
        "50" : 0.000000,
        "100" : 0.000000,
        "250" : 0.000000,
        "500" : 0.000000,
        "750" : 0.000000,
        "1000" : 0.000000
      },
      "latency_us" : {
        "2" : 0.000000,
        "4" : 0.000000,
        "10" : 0.010119,
        "20" : 34.846892,
        "50" : 11.297940,
        "100" : 5.788970,
        "250" : 8.942809,
        "500" : 5.678942,
        "750" : 2.235370,
        "1000" : 1.223253
      },
      "latency_ms" : {
        "2" : 3.844320,
        "4" : 8.335213,
        "10" : 15.360214,
        "20" : 2.435358,
        "50" : 0.010000,
        "100" : 0.000000,
        "250" : 0.000000,
        "500" : 0.000000,
        "750" : 0.000000,
        "1000" : 0.000000,
        "2000" : 0.000000,
        ">=2000" : 0.000000
      },
      "latency_depth" : 16,
      "latency_target" : 0,
      "latency_percentile" : 100.000000,
      "latency_window" : 0
    }
  ],
  "disk_util" : [
    {
      "name" : "nvme3n1",
      "read_ios" : 698067,
      "write_ios" : 1630174,
      "read_merges" : 0,
      "write_merges" : 0,
      "read_ticks" : 3646063,
      "write_ticks" : 175126,
      "in_queue" : 3821189,
      "util" : 99.863297
    }
  ]
}
