{
  "fio version" : "fio-3.28",
  "timestamp" : 1728150820,
  "timestamp_ms" : 1728150820870,
  "time" : "Sun Oct  6 02:53:40 2024",
  "global options" : {
    "size" : "127G",
    "direct" : "1",
    "runtime" : "60",
    "ioengine" : "libaio",
    "numjobs" : "4",
    "iodepth" : "16"
  },
  "jobs" : [
    {
      "jobname" : "rand-rw-async-16k-70",
      "groupid" : 0,
      "error" : 0,
      "eta" : 0,
      "elapsed" : 61,
      "job options" : {
        "rw" : "randrw",
        "random_distribution" : "random",
        "rwmixread" : "70",
        "bs" : "16k",
        "filename" : "/dev/nvme3n1"
      },
      "read" : {
        "io_bytes" : 24377229312,
        "io_kbytes" : 23805888,
        "bw_bytes" : 406260071,
        "bw" : 396738,
        "iops" : 24796.146924,
        "runtime" : 60004,
        "total_ios" : 1487868,
        "short_ios" : 0,
        "drop_ios" : 0,
        "slat_ns" : {
          "min" : 1910,
          "max" : 18829,
          "mean" : 2289.238490,
          "stddev" : 409.254822,
          "N" : 1487868
        },
        "clat_ns" : {
          "min" : 6289,
          "max" : 6552952,
          "mean" : 2564159.310526,
          "stddev" : 1004531.158416,
          "N" : 1487868,
          "percentile" : {
            "1.000000" : 313344,
            "5.000000" : 929792,
            "10.000000" : 1351680,
            "20.000000" : 1662976,
            "30.000000" : 1908736,
            "40.000000" : 2179072,
            "50.000000" : 2605056,
            "60.000000" : 2932736,
            "70.000000" : 3194880,
            "80.000000" : 3424256,
            "90.000000" : 3817472,
            "95.000000" : 4292608,
            "99.000000" : 4751360,
            "99.500000" : 4882432,
            "99.900000" : 5275648,
            "99.950000" : 5537792,
            "99.990000" : 5865472
          }
        },
        "lat_ns" : {
          "min" : 8429,
          "max" : 6555242,
          "mean" : 2566494.917323,
          "stddev" : 1004533.255673,
          "N" : 1487868
        },
        "bw_min" : 380608,
        "bw_max" : 413920,
        "bw_agg" : 100.000000,
        "bw_mean" : 396931.495798,
        "bw_dev" : 1608.338230,
        "bw_samples" : 476,
        "iops_min" : 23788,
        "iops_max" : 25870,
        "iops_mean" : 24808.218487,
        "iops_stddev" : 100.521139,
        "iops_samples" : 476
      },
      "write" : {
        "io_bytes" : 10488332288,
        "io_kbytes" : 10242512,
        "bw_bytes" : 174793885,
        "bw" : 170697,
        "iops" : 10668.572095,
        "runtime" : 60004,
        "total_ios" : 640157,
        "short_ios" : 0,
        "drop_ios" : 0,
        "slat_ns" : {
          "min" : 1950,
          "max" : 14740,
          "mean" : 2497.982748,
          "stddev" : 422.905359,
          "N" : 640157
        },
        "clat_ns" : {
          "min" : 9210,
          "max" : 376461,
          "mean" : 30166.844096,
          "stddev" : 34084.831724,
          "N" : 640157,
          "percentile" : {
            "1.000000" : 14912,
            "5.000000" : 15296,
            "10.000000" : 15552,
            "20.000000" : 15936,
            "30.000000" : 16192,
            "40.000000" : 16512,
            "50.000000" : 16768,
            "60.000000" : 17280,
            "70.000000" : 18560,
            "80.000000" : 21120,
            "90.000000" : 91648,
            "95.000000" : 128512,
            "99.000000" : 140288,
            "99.500000" : 148480,
            "99.900000" : 191488,
            "99.950000" : 207872,
            "99.990000" : 248832
          }
        },
        "lat_ns" : {
          "min" : 14950,
          "max" : 379891,
          "mean" : 32711.285810,
          "stddev" : 34084.902346,
          "N" : 640157
        },
        "bw_min" : 156544,
        "bw_max" : 184128,
        "bw_agg" : 100.000000,
        "bw_mean" : 170749.848739,
        "bw_dev" : 1349.192018,
        "bw_samples" : 476,
        "iops_min" : 9784,
        "iops_max" : 11508,
        "iops_mean" : 10671.865546,
        "iops_stddev" : 84.324501,
        "iops_samples" : 476
      },
      "trim" : {
        "io_bytes" : 0,
        "io_kbytes" : 0,
        "bw_bytes" : 0,
        "bw" : 0,
        "iops" : 0.000000,
        "runtime" : 0,
        "total_ios" : 0,
        "short_ios" : 0,
        "drop_ios" : 0,
        "slat_ns" : {
          "min" : 0,
          "max" : 0,
          "mean" : 0.000000,
          "stddev" : 0.000000,
          "N" : 0
        },
        "clat_ns" : {
          "min" : 0,
          "max" : 0,
          "mean" : 0.000000,
          "stddev" : 0.000000,
          "N" : 0
        },
        "lat_ns" : {
          "min" : 0,
          "max" : 0,
          "mean" : 0.000000,
          "stddev" : 0.000000,
          "N" : 0
        },
        "bw_min" : 0,
        "bw_max" : 0,
        "bw_agg" : 0.000000,
        "bw_mean" : 0.000000,
        "bw_dev" : 0.000000,
        "bw_samples" : 0,
        "iops_min" : 0,
        "iops_max" : 0,
        "iops_mean" : 0.000000,
        "iops_stddev" : 0.000000,
        "iops_samples" : 0
      },
      "sync" : {
        "total_ios" : 0,
        "lat_ns" : {
          "min" : 0,
          "max" : 0,
          "mean" : 0.000000,
          "stddev" : 0.000000,
          "N" : 0
        }
      },
      "job_runtime" : 240011,
      "usr_cpu" : 0.889959,
      "sys_cpu" : 3.929403,
      "ctx" : 1974901,
      "majf" : 0,
      "minf" : 67,
      "iodepth_level" : {
        "1" : 0.100000,
        "2" : 0.100000,
        "4" : 0.100000,
        "8" : 0.100000,
        "16" : 99.997180,
        "32" : 0.000000,
        ">=64" : 0.000000
      },
      "iodepth_submit" : {
        "0" : 0.000000,
        "4" : 100.000000,
        "8" : 0.000000,
        "16" : 0.000000,
        "32" : 0.000000,
        "64" : 0.000000,
        ">=64" : 0.000000
      },
      "iodepth_complete" : {
        "0" : 0.000000,
        "4" : 99.999812,
        "8" : 0.000000,
        "16" : 0.100000,
        "32" : 0.000000,
        "64" : 0.000000,
        ">=64" : 0.000000
      },
      "latency_ns" : {
        "2" : 0.000000,
        "4" : 0.000000,
        "10" : 0.000000,
        "20" : 0.000000,
        "50" : 0.000000,
        "100" : 0.000000,
        "250" : 0.000000,
        "500" : 0.000000,
        "750" : 0.000000,
        "1000" : 0.000000
      },
      "latency_us" : {
        "2" : 0.000000,
        "4" : 0.000000,
        "10" : 0.010000,
        "20" : 22.607253,
        "50" : 3.603670,
        "100" : 1.208914,
        "250" : 3.137792,
        "500" : 1.003607,
        "750" : 1.177900,
        "1000" : 1.174563
      },
      "latency_ms" : {
        "2" : 19.707146,
        "4" : 40.957320,
        "10" : 5.415444,
        "20" : 0.000000,
        "50" : 0.000000,
        "100" : 0.000000,
        "250" : 0.000000,
        "500" : 0.000000,
        "750" : 0.000000,
        "1000" : 0.000000,
        "2000" : 0.000000,
        ">=2000" : 0.000000
      },
      "latency_depth" : 16,
      "latency_target" : 0,
      "latency_percentile" : 100.000000,
      "latency_window" : 0
    }
  ],
  "disk_util" : [
    {
      "name" : "nvme3n1",
      "read_ios" : 1485335,
      "write_ios" : 639039,
      "read_merges" : 0,
      "write_merges" : 0,
      "read_ticks" : 3804966,
      "write_ticks" : 17958,
      "in_queue" : 3822924,
      "util" : 99.861632
    }
  ]
}
