{
  "fio version" : "fio-3.28",
  "timestamp" : 1743414278,
  "timestamp_ms" : 1743414278539,
  "time" : "Mon Mar 31 18:44:38 2025",
  "global options" : {
    "bs" : "64k",
    "ioengine" : "io_uring",
    "size" : "12G",
    "numjobs" : "4",
    "iodepth" : "16",
    "group_reporting" : "1",
    "direct" : "1",
    "thread" : "1",
    "filename" : "/dev/nvme3n1"
  },
  "jobs" : [
    {
      "jobname" : "seqwrite",
      "groupid" : 0,
      "error" : 0,
      "eta" : 0,
      "elapsed" : 15,
      "job options" : {
        "rw" : "rw"
      },
      "read" : {
        "io_bytes" : 25764560896,
        "io_kbytes" : 25160704,
        "bw_bytes" : 1747460722,
        "bw" : 1706504,
        "iops" : 26664.134563,
        "runtime" : 14744,
        "total_ios" : 393136,
        "short_ios" : 0,
        "drop_ios" : 0,
        "slat_ns" : {
          "min" : 2720,
          "max" : 299638,
          "mean" : 3448.592393,
          "stddev" : 1341.760005,
          "N" : 393136
        },
        "clat_ns" : {
          "min" : 7230,
          "max" : 32029678,
          "mean" : 1817910.820050,
          "stddev" : 2808690.549223,
          "N" : 393136,
          "percentile" : {
            "1.000000" : 24960,
            "5.000000" : 134144,
            "10.000000" : 205824,
            "20.000000" : 301056,
            "30.000000" : 610304,
            "40.000000" : 954368,
            "50.000000" : 1302528,
            "60.000000" : 1662976,
            "70.000000" : 2088960,
            "80.000000" : 2637824,
            "90.000000" : 3588096,
            "95.000000" : 4358144,
            "99.000000" : 10158080,
            "99.500000" : 28180480,
            "99.900000" : 30015488,
            "99.950000" : 30539776,
            "99.990000" : 30801920
          }
        },
        "lat_ns" : {
          "min" : 10330,
          "max" : 32034588,
          "mean" : 1821409.775978,
          "stddev" : 2808840.084748,
          "N" : 393136
        },
        "bw_min" : 503168,
        "bw_max" : 3790976,
        "bw_agg" : 100.000000,
        "bw_mean" : 2301720.643678,
        "bw_dev" : 283729.335481,
        "bw_samples" : 99,
        "iops_min" : 7862,
        "iops_max" : 59234,
        "iops_mean" : 35964.385057,
        "iops_stddev" : 4433.270867,
        "iops_samples" : 99
      },
      "write" : {
        "io_bytes" : 25775046656,
        "io_kbytes" : 25170944,
        "bw_bytes" : 1748171911,
        "bw" : 1707199,
        "iops" : 26674.986435,
        "runtime" : 14744,
        "total_ios" : 393296,
        "short_ios" : 0,
        "drop_ios" : 0,
        "slat_ns" : {
          "min" : 2459,
          "max" : 95109,
          "mean" : 3491.291132,
          "stddev" : 1381.740471,
          "N" : 393296
        },
        "clat_ns" : {
          "min" : 29500,
          "max" : 2314743,
          "mean" : 218111.553430,
          "stddev" : 124201.471032,
          "N" : 393296,
          "percentile" : {
            "1.000000" : 37120,
            "5.000000" : 49920,
            "10.000000" : 69120,
            "20.000000" : 103936,
            "30.000000" : 140288,
            "40.000000" : 173056,
            "50.000000" : 205824,
            "60.000000" : 234496,
            "70.000000" : 268288,
            "80.000000" : 313344,
            "90.000000" : 382976,
            "95.000000" : 444416,
            "99.000000" : 585728,
            "99.500000" : 643072,
            "99.900000" : 757760,
            "99.950000" : 815104,
            "99.990000" : 946176
          }
        },
        "lat_ns" : {
          "min" : 33170,
          "max" : 2317723,
          "mean" : 221653.696636,
          "stddev" : 124187.170636,
          "N" : 393296
        },
        "bw_min" : 495872,
        "bw_max" : 3788544,
        "bw_agg" : 100.000000,
        "bw_mean" : 2301809.287356,
        "bw_dev" : 283938.192160,
        "bw_samples" : 99,
        "iops_min" : 7748,
        "iops_max" : 59196,
        "iops_mean" : 35965.770115,
        "iops_stddev" : 4436.534252,
        "iops_samples" : 99
      },
      "trim" : {
        "io_bytes" : 0,
        "io_kbytes" : 0,
        "bw_bytes" : 0,
        "bw" : 0,
        "iops" : 0.000000,
        "runtime" : 0,
        "total_ios" : 0,
        "short_ios" : 0,
        "drop_ios" : 0,
        "slat_ns" : {
          "min" : 0,
          "max" : 0,
          "mean" : 0.000000,
          "stddev" : 0.000000,
          "N" : 0
        },
        "clat_ns" : {
          "min" : 0,
          "max" : 0,
          "mean" : 0.000000,
          "stddev" : 0.000000,
          "N" : 0
        },
        "lat_ns" : {
          "min" : 0,
          "max" : 0,
          "mean" : 0.000000,
          "stddev" : 0.000000,
          "N" : 0
        },
        "bw_min" : 0,
        "bw_max" : 0,
        "bw_agg" : 0.000000,
        "bw_mean" : 0.000000,
        "bw_dev" : 0.000000,
        "bw_samples" : 0,
        "iops_min" : 0,
        "iops_max" : 0,
        "iops_mean" : 0.000000,
        "iops_stddev" : 0.000000,
        "iops_samples" : 0
      },
      "sync" : {
        "total_ios" : 0,
        "lat_ns" : {
          "min" : 0,
          "max" : 0,
          "mean" : 0.000000,
          "stddev" : 0.000000,
          "N" : 0
        }
      },
      "job_runtime" : 50213,
      "usr_cpu" : 1.830203,
      "sys_cpu" : 8.559536,
      "ctx" : 638897,
      "majf" : 0,
      "minf" : 0,
      "iodepth_level" : {
        "1" : 0.100000,
        "2" : 0.100000,
        "4" : 0.100000,
        "8" : 0.100000,
        "16" : 99.992371,
        "32" : 0.000000,
        ">=64" : 0.000000
      },
      "iodepth_submit" : {
        "0" : 0.000000,
        "4" : 100.000000,
        "8" : 0.000000,
        "16" : 0.000000,
        "32" : 0.000000,
        "64" : 0.000000,
        ">=64" : 0.000000
      },
      "iodepth_complete" : {
        "0" : 0.000000,
        "4" : 99.999491,
        "8" : 0.000000,
        "16" : 0.100000,
        "32" : 0.000000,
        "64" : 0.000000,
        ">=64" : 0.000000
      },
      "latency_ns" : {
        "2" : 0.000000,
        "4" : 0.000000,
        "10" : 0.000000,
        "20" : 0.000000,
        "50" : 0.000000,
        "100" : 0.000000,
        "250" : 0.000000,
        "500" : 0.000000,
        "750" : 0.000000,
        "1000" : 0.000000
      },
      "latency_us" : {
        "2" : 0.000000,
        "4" : 0.000000,
        "10" : 0.018946,
        "20" : 0.337219,
        "50" : 3.228251,
        "100" : 7.664871,
        "250" : 29.355876,
        "500" : 21.433640,
        "750" : 4.966736,
        "1000" : 3.720983
      },
      "latency_ms" : {
        "2" : 13.311513,
        "4" : 12.598419,
        "10" : 2.860387,
        "20" : 0.091426,
        "50" : 0.411733,
        "100" : 0.000000,
        "250" : 0.000000,
        "500" : 0.000000,
        "750" : 0.000000,
        "1000" : 0.000000,
        "2000" : 0.000000,
        ">=2000" : 0.000000
      },
      "latency_depth" : 16,
      "latency_target" : 0,
      "latency_percentile" : 100.000000,
      "latency_window" : 0
    }
  ],
  "disk_util" : [
    {
      "name" : "nvme3n1",
      "read_ios" : 390700,
      "write_ios" : 390846,
      "read_merges" : 0,
      "write_merges" : 0,
      "read_ticks" : 709676,
      "write_ticks" : 83096,
      "in_queue" : 792773,
      "util" : 100.000000
    }
  ]
}
