{
  "fio version" : "fio-3.28",
  "timestamp" : 1743414255,
  "timestamp_ms" : 1743414255724,
  "time" : "Mon Mar 31 18:44:15 2025",
  "global options" : {
    "bs" : "64k",
    "ioengine" : "psync",
    "size" : "12G",
    "numjobs" : "1",
    "iodepth" : "1",
    "group_reporting" : "1",
    "direct" : "1",
    "thread" : "1",
    "filename" : "/dev/nvme3n1"
  },
  "jobs" : [
    {
      "jobname" : "seqwrite",
      "groupid" : 0,
      "error" : 0,
      "eta" : 0,
      "elapsed" : 8,
      "job options" : {
        "rw" : "rw"
      },
      "read" : {
        "io_bytes" : 6447038464,
        "io_kbytes" : 6295936,
        "bw_bytes" : 833489135,
        "bw" : 813954,
        "iops" : 12718.034906,
        "runtime" : 7735,
        "total_ios" : 98374,
        "short_ios" : 0,
        "drop_ios" : 0,
        "slat_ns" : {
          "min" : 0,
          "max" : 0,
          "mean" : 0.000000,
          "stddev" : 0.000000,
          "N" : 0
        },
        "clat_ns" : {
          "min" : 8380,
          "max" : 345958,
          "mean" : 40597.867363,
          "stddev" : 55178.183376,
          "N" : 98374,
          "percentile" : {
            "1.000000" : 9280,
            "5.000000" : 9664,
            "10.000000" : 9792,
            "20.000000" : 10048,
            "30.000000" : 10304,
            "40.000000" : 10432,
            "50.000000" : 10688,
            "60.000000" : 11328,
            "70.000000" : 12480,
            "80.000000" : 116224,
            "90.000000" : 127488,
            "95.000000" : 129536,
            "99.000000" : 232448,
            "99.500000" : 244736,
            "99.900000" : 248832,
            "99.950000" : 248832,
            "99.990000" : 250880
          }
        },
        "lat_ns" : {
          "min" : 8400,
          "max" : 346138,
          "mean" : 40623.998282,
          "stddev" : 55184.790682,
          "N" : 98374
        },
        "bw_min" : 368512,
        "bw_max" : 1370624,
        "bw_agg" : 98.210067,
        "bw_mean" : 799385.600000,
        "bw_dev" : 414258.602454,
        "bw_samples" : 15,
        "iops_min" : 5758,
        "iops_max" : 21416,
        "iops_mean" : 12490.400000,
        "iops_stddev" : 6472.790663,
        "iops_samples" : 15
      },
      "write" : {
        "io_bytes" : 6437863424,
        "io_kbytes" : 6286976,
        "bw_bytes" : 832302963,
        "bw" : 812795,
        "iops" : 12699.935359,
        "runtime" : 7735,
        "total_ios" : 98234,
        "short_ios" : 0,
        "drop_ios" : 0,
        "slat_ns" : {
          "min" : 0,
          "max" : 0,
          "mean" : 0.000000,
          "stddev" : 0.000000,
          "N" : 0
        },
        "clat_ns" : {
          "min" : 35630,
          "max" : 471926,
          "mean" : 37175.815817,
          "stddev" : 3007.749392,
          "N" : 98234,
          "percentile" : {
            "1.000000" : 36096,
            "5.000000" : 36096,
            "10.000000" : 36096,
            "20.000000" : 36608,
            "30.000000" : 36608,
            "40.000000" : 36608,
            "50.000000" : 36608,
            "60.000000" : 37120,
            "70.000000" : 37120,
            "80.000000" : 37632,
            "90.000000" : 38144,
            "95.000000" : 39168,
            "99.000000" : 41216,
            "99.500000" : 44800,
            "99.900000" : 55040,
            "99.950000" : 59136,
            "99.990000" : 148480
          }
        },
        "lat_ns" : {
          "min" : 35860,
          "max" : 472576,
          "mean" : 37658.515412,
          "stddev" : 3166.519538,
          "N" : 98234
        },
        "bw_min" : 363136,
        "bw_max" : 1341312,
        "bw_agg" : 98.001483,
        "bw_mean" : 796552.533333,
        "bw_dev" : 412181.622763,
        "bw_samples" : 15,
        "iops_min" : 5674,
        "iops_max" : 20958,
        "iops_mean" : 12446.133333,
        "iops_stddev" : 6440.337856,
        "iops_samples" : 15
      },
      "trim" : {
        "io_bytes" : 0,
        "io_kbytes" : 0,
        "bw_bytes" : 0,
        "bw" : 0,
        "iops" : 0.000000,
        "runtime" : 0,
        "total_ios" : 0,
        "short_ios" : 0,
        "drop_ios" : 0,
        "slat_ns" : {
          "min" : 0,
          "max" : 0,
          "mean" : 0.000000,
          "stddev" : 0.000000,
          "N" : 0
        },
        "clat_ns" : {
          "min" : 0,
          "max" : 0,
          "mean" : 0.000000,
          "stddev" : 0.000000,
          "N" : 0
        },
        "lat_ns" : {
          "min" : 0,
          "max" : 0,
          "mean" : 0.000000,
          "stddev" : 0.000000,
          "N" : 0
        },
        "bw_min" : 0,
        "bw_max" : 0,
        "bw_agg" : 0.000000,
        "bw_mean" : 0.000000,
        "bw_dev" : 0.000000,
        "bw_samples" : 0,
        "iops_min" : 0,
        "iops_max" : 0,
        "iops_mean" : 0.000000,
        "iops_stddev" : 0.000000,
        "iops_samples" : 0
      },
      "sync" : {
        "total_ios" : 0,
        "lat_ns" : {
          "min" : 0,
          "max" : 0,
          "mean" : 0.000000,
          "stddev" : 0.000000,
          "N" : 0
        }
      },
      "job_runtime" : 7734,
      "usr_cpu" : 2.249806,
      "sys_cpu" : 12.684251,
      "ctx" : 196685,
      "majf" : 0,
      "minf" : 0,
      "iodepth_level" : {
        "1" : 100.000000,
        "2" : 0.000000,
        "4" : 0.000000,
        "8" : 0.000000,
        "16" : 0.000000,
        "32" : 0.000000,
        ">=64" : 0.000000
      },
      "iodepth_submit" : {
        "0" : 0.000000,
        "4" : 100.000000,
        "8" : 0.000000,
        "16" : 0.000000,
        "32" : 0.000000,
        "64" : 0.000000,
        ">=64" : 0.000000
      },
      "iodepth_complete" : {
        "0" : 0.000000,
        "4" : 100.000000,
        "8" : 0.000000,
        "16" : 0.000000,
        "32" : 0.000000,
        "64" : 0.000000,
        ">=64" : 0.000000
      },
      "latency_ns" : {
        "2" : 0.000000,
        "4" : 0.000000,
        "10" : 0.000000,
        "20" : 0.000000,
        "50" : 0.000000,
        "100" : 0.000000,
        "250" : 0.000000,
        "500" : 0.000000,
        "750" : 0.000000,
        "1000" : 0.000000
      },
      "latency_us" : {
        "2" : 0.000000,
        "4" : 0.000000,
        "10" : 8.588664,
        "20" : 29.228210,
        "50" : 49.979146,
        "100" : 0.090535,
        "250" : 12.104797,
        "500" : 0.010000,
        "750" : 0.000000,
        "1000" : 0.000000
      },
      "latency_ms" : {
        "2" : 0.000000,
        "4" : 0.000000,
        "10" : 0.000000,
        "20" : 0.000000,
        "50" : 0.000000,
        "100" : 0.000000,
        "250" : 0.000000,
        "500" : 0.000000,
        "750" : 0.000000,
        "1000" : 0.000000,
        "2000" : 0.000000,
        ">=2000" : 0.000000
      },
      "latency_depth" : 1,
      "latency_target" : 0,
      "latency_percentile" : 100.000000,
      "latency_window" : 0
    }
  ],
  "disk_util" : [
    {
      "name" : "nvme3n1",
      "read_ios" : 96581,
      "write_ios" : 96369,
      "read_merges" : 0,
      "write_merges" : 0,
      "read_ticks" : 3524,
      "write_ticks" : 3160,
      "in_queue" : 6684,
      "util" : 88.234534
    }
  ]
}
