{
  "fio version" : "fio-3.28",
  "timestamp" : 1743412381,
  "timestamp_ms" : 1743412381115,
  "time" : "Mon Mar 31 18:13:01 2025",
  "global options" : {
    "bs" : "16k",
    "ioengine" : "psync",
    "size" : "12G",
    "numjobs" : "1",
    "iodepth" : "1",
    "group_reporting" : "1",
    "direct" : "1",
    "thread" : "1",
    "filename" : "/dev/nvme3n1"
  },
  "jobs" : [
    {
      "jobname" : "randwrite",
      "groupid" : 0,
      "error" : 0,
      "eta" : 0,
      "elapsed" : 10,
      "job options" : {
        "rw" : "randrw"
      },
      "read" : {
        "io_bytes" : 6446448640,
        "io_kbytes" : 6295360,
        "bw_bytes" : 702227520,
        "bw" : 685769,
        "iops" : 42860.566449,
        "runtime" : 9180,
        "total_ios" : 393460,
        "short_ios" : 0,
        "drop_ios" : 0,
        "slat_ns" : {
          "min" : 0,
          "max" : 0,
          "mean" : 0.000000,
          "stddev" : 0.000000,
          "N" : 0
        },
        "clat_ns" : {
          "min" : 5670,
          "max" : 443616,
          "mean" : 6995.460608,
          "stddev" : 1199.607155,
          "N" : 393460,
          "percentile" : {
            "1.000000" : 6240,
            "5.000000" : 6368,
            "10.000000" : 6432,
            "20.000000" : 6560,
            "30.000000" : 6624,
            "40.000000" : 6688,
            "50.000000" : 6752,
            "60.000000" : 6880,
            "70.000000" : 7008,
            "80.000000" : 7200,
            "90.000000" : 7840,
            "95.000000" : 8384,
            "99.000000" : 9792,
            "99.500000" : 10816,
            "99.900000" : 15168,
            "99.950000" : 18816,
            "99.990000" : 28544
          }
        },
        "lat_ns" : {
          "min" : 5690,
          "max" : 443646,
          "mean" : 7020.322073,
          "stddev" : 1202.734761,
          "N" : 393460
        },
        "bw_min" : 648064,
        "bw_max" : 706368,
        "bw_agg" : 100.000000,
        "bw_mean" : 686056.888889,
        "bw_dev" : 18908.372876,
        "bw_samples" : 18,
        "iops_min" : 40504,
        "iops_max" : 44148,
        "iops_mean" : 42878.555556,
        "iops_stddev" : 1181.810935,
        "iops_samples" : 18
      },
      "write" : {
        "io_bytes" : 6438453248,
        "io_kbytes" : 6287552,
        "bw_bytes" : 701356562,
        "bw" : 684918,
        "iops" : 42807.407407,
        "runtime" : 9180,
        "total_ios" : 392972,
        "short_ios" : 0,
        "drop_ios" : 0,
        "slat_ns" : {
          "min" : 0,
          "max" : 0,
          "mean" : 0.000000,
          "stddev" : 0.000000,
          "N" : 0
        },
        "clat_ns" : {
          "min" : 15200,
          "max" : 164629,
          "mean" : 15867.829711,
          "stddev" : 803.348932,
          "N" : 392972,
          "percentile" : {
            "1.000000" : 15296,
            "5.000000" : 15424,
            "10.000000" : 15424,
            "20.000000" : 15552,
            "30.000000" : 15552,
            "40.000000" : 15680,
            "50.000000" : 15680,
            "60.000000" : 15808,
            "70.000000" : 15808,
            "80.000000" : 15936,
            "90.000000" : 16192,
            "95.000000" : 16768,
            "99.000000" : 18304,
            "99.500000" : 19328,
            "99.900000" : 24704,
            "99.950000" : 27264,
            "99.990000" : 34560
          }
        },
        "lat_ns" : {
          "min" : 15270,
          "max" : 164719,
          "mean" : 15997.066394,
          "stddev" : 835.199302,
          "N" : 392972
        },
        "bw_min" : 648960,
        "bw_max" : 698912,
        "bw_agg" : 99.974812,
        "bw_mean" : 684746.666667,
        "bw_dev" : 18358.218342,
        "bw_samples" : 18,
        "iops_min" : 40560,
        "iops_max" : 43682,
        "iops_mean" : 42796.666667,
        "iops_stddev" : 1147.388646,
        "iops_samples" : 18
      },
      "trim" : {
        "io_bytes" : 0,
        "io_kbytes" : 0,
        "bw_bytes" : 0,
        "bw" : 0,
        "iops" : 0.000000,
        "runtime" : 0,
        "total_ios" : 0,
        "short_ios" : 0,
        "drop_ios" : 0,
        "slat_ns" : {
          "min" : 0,
          "max" : 0,
          "mean" : 0.000000,
          "stddev" : 0.000000,
          "N" : 0
        },
        "clat_ns" : {
          "min" : 0,
          "max" : 0,
          "mean" : 0.000000,
          "stddev" : 0.000000,
          "N" : 0
        },
        "lat_ns" : {
          "min" : 0,
          "max" : 0,
          "mean" : 0.000000,
          "stddev" : 0.000000,
          "N" : 0
        },
        "bw_min" : 0,
        "bw_max" : 0,
        "bw_agg" : 0.000000,
        "bw_mean" : 0.000000,
        "bw_dev" : 0.000000,
        "bw_samples" : 0,
        "iops_min" : 0,
        "iops_max" : 0,
        "iops_mean" : 0.000000,
        "iops_stddev" : 0.000000,
        "iops_samples" : 0
      },
      "sync" : {
        "total_ios" : 0,
        "lat_ns" : {
          "min" : 0,
          "max" : 0,
          "mean" : 0.000000,
          "stddev" : 0.000000,
          "N" : 0
        }
      },
      "job_runtime" : 9179,
      "usr_cpu" : 4.107201,
      "sys_cpu" : 31.822639,
      "ctx" : 786494,
      "majf" : 0,
      "minf" : 0,
      "iodepth_level" : {
        "1" : 100.000000,
        "2" : 0.000000,
        "4" : 0.000000,
        "8" : 0.000000,
        "16" : 0.000000,
        "32" : 0.000000,
        ">=64" : 0.000000
      },
      "iodepth_submit" : {
        "0" : 0.000000,
        "4" : 100.000000,
        "8" : 0.000000,
        "16" : 0.000000,
        "32" : 0.000000,
        "64" : 0.000000,
        ">=64" : 0.000000
      },
      "iodepth_complete" : {
        "0" : 0.000000,
        "4" : 100.000000,
        "8" : 0.000000,
        "16" : 0.000000,
        "32" : 0.000000,
        "64" : 0.000000,
        ">=64" : 0.000000
      },
      "latency_ns" : {
        "2" : 0.000000,
        "4" : 0.000000,
        "10" : 0.000000,
        "20" : 0.000000,
        "50" : 0.000000,
        "100" : 0.000000,
        "250" : 0.000000,
        "500" : 0.000000,
        "750" : 0.000000,
        "1000" : 0.000000
      },
      "latency_us" : {
        "2" : 0.000000,
        "4" : 0.000000,
        "10" : 49.588648,
        "20" : 50.216420,
        "50" : 0.193405,
        "100" : 0.010000,
        "250" : 0.010000,
        "500" : 0.010000,
        "750" : 0.000000,
        "1000" : 0.000000
      },
      "latency_ms" : {
        "2" : 0.000000,
        "4" : 0.000000,
        "10" : 0.000000,
        "20" : 0.000000,
        "50" : 0.000000,
        "100" : 0.000000,
        "250" : 0.000000,
        "500" : 0.000000,
        "750" : 0.000000,
        "1000" : 0.000000,
        "2000" : 0.000000,
        ">=2000" : 0.000000
      },
      "latency_depth" : 1,
      "latency_target" : 0,
      "latency_percentile" : 100.000000,
      "latency_window" : 0
    }
  ],
  "disk_util" : [
    {
      "name" : "nvme3n1",
      "read_ios" : 391984,
      "write_ios" : 391506,
      "read_merges" : 0,
      "write_merges" : 0,
      "read_ticks" : 1414,
      "write_ticks" : 4911,
      "in_queue" : 6326,
      "util" : 67.164341
    }
  ]
}
