{
  "fio version" : "fio-3.28",
  "timestamp" : 1743412505,
  "timestamp_ms" : 1743412505436,
  "time" : "Mon Mar 31 18:15:05 2025",
  "global options" : {
    "bs" : "64k",
    "ioengine" : "io_uring",
    "size" : "12G",
    "numjobs" : "4",
    "iodepth" : "16",
    "group_reporting" : "1",
    "direct" : "1",
    "thread" : "1",
    "filename" : "/dev/nvme3n1"
  },
  "jobs" : [
    {
      "jobname" : "seqwrite",
      "groupid" : 0,
      "error" : 0,
      "eta" : 0,
      "elapsed" : 15,
      "job options" : {
        "rw" : "rw"
      },
      "read" : {
        "io_bytes" : 25764560896,
        "io_kbytes" : 25160704,
        "bw_bytes" : 1742025753,
        "bw" : 1701197,
        "iops" : 26581.203516,
        "runtime" : 14790,
        "total_ios" : 393136,
        "short_ios" : 0,
        "drop_ios" : 0,
        "slat_ns" : {
          "min" : 2590,
          "max" : 232278,
          "mean" : 3189.640786,
          "stddev" : 943.509409,
          "N" : 393136
        },
        "clat_ns" : {
          "min" : 7130,
          "max" : 33277045,
          "mean" : 1846212.917718,
          "stddev" : 2737553.240600,
          "N" : 393136,
          "percentile" : {
            "1.000000" : 30336,
            "5.000000" : 154624,
            "10.000000" : 216064,
            "20.000000" : 325632,
            "30.000000" : 626688,
            "40.000000" : 913408,
            "50.000000" : 1220608,
            "60.000000" : 1646592,
            "70.000000" : 2211840,
            "80.000000" : 2932736,
            "90.000000" : 3784704,
            "95.000000" : 4423680,
            "99.000000" : 8847360,
            "99.500000" : 26345472,
            "99.900000" : 30277632,
            "99.950000" : 32112640,
            "99.990000" : 32899072
          }
        },
        "lat_ns" : {
          "min" : 10700,
          "max" : 33279965,
          "mean" : 1849447.317104,
          "stddev" : 2737651.140457,
          "N" : 393136
        },
        "bw_min" : 503168,
        "bw_max" : 3760896,
        "bw_agg" : 100.000000,
        "bw_mean" : 2230130.901857,
        "bw_dev" : 292558.368418,
        "bw_samples" : 100,
        "iops_min" : 7862,
        "iops_max" : 58764,
        "iops_mean" : 34845.787798,
        "iops_stddev" : 4571.224746,
        "iops_samples" : 100
      },
      "write" : {
        "io_bytes" : 25775046656,
        "io_kbytes" : 25170944,
        "bw_bytes" : 1742734729,
        "bw" : 1701889,
        "iops" : 26592.021636,
        "runtime" : 14790,
        "total_ios" : 393296,
        "short_ios" : 0,
        "drop_ios" : 0,
        "slat_ns" : {
          "min" : 2370,
          "max" : 48209,
          "mean" : 3188.519665,
          "stddev" : 970.069070,
          "N" : 393296
        },
        "clat_ns" : {
          "min" : 29330,
          "max" : 1717049,
          "mean" : 214548.982006,
          "stddev" : 119882.476386,
          "N" : 393296,
          "percentile" : {
            "1.000000" : 37120,
            "5.000000" : 48896,
            "10.000000" : 68096,
            "20.000000" : 102912,
            "30.000000" : 138240,
            "40.000000" : 171008,
            "50.000000" : 203776,
            "60.000000" : 232448,
            "70.000000" : 264192,
            "80.000000" : 309248,
            "90.000000" : 374784,
            "95.000000" : 432128,
            "99.000000" : 561152,
            "99.500000" : 610304,
            "99.900000" : 700416,
            "99.950000" : 741376,
            "99.990000" : 847872
          }
        },
        "lat_ns" : {
          "min" : 32140,
          "max" : 1720059,
          "mean" : 217782.766758,
          "stddev" : 119878.510692,
          "N" : 393296
        },
        "bw_min" : 498560,
        "bw_max" : 3794432,
        "bw_agg" : 100.000000,
        "bw_mean" : 2229499.331565,
        "bw_dev" : 292015.879156,
        "bw_samples" : 100,
        "iops_min" : 7790,
        "iops_max" : 59288,
        "iops_mean" : 34835.909814,
        "iops_stddev" : 4562.748509,
        "iops_samples" : 100
      },
      "trim" : {
        "io_bytes" : 0,
        "io_kbytes" : 0,
        "bw_bytes" : 0,
        "bw" : 0,
        "iops" : 0.000000,
        "runtime" : 0,
        "total_ios" : 0,
        "short_ios" : 0,
        "drop_ios" : 0,
        "slat_ns" : {
          "min" : 0,
          "max" : 0,
          "mean" : 0.000000,
          "stddev" : 0.000000,
          "N" : 0
        },
        "clat_ns" : {
          "min" : 0,
          "max" : 0,
          "mean" : 0.000000,
          "stddev" : 0.000000,
          "N" : 0
        },
        "lat_ns" : {
          "min" : 0,
          "max" : 0,
          "mean" : 0.000000,
          "stddev" : 0.000000,
          "N" : 0
        },
        "bw_min" : 0,
        "bw_max" : 0,
        "bw_agg" : 0.000000,
        "bw_mean" : 0.000000,
        "bw_dev" : 0.000000,
        "bw_samples" : 0,
        "iops_min" : 0,
        "iops_max" : 0,
        "iops_mean" : 0.000000,
        "iops_stddev" : 0.000000,
        "iops_samples" : 0
      },
      "sync" : {
        "total_ios" : 0,
        "lat_ns" : {
          "min" : 0,
          "max" : 0,
          "mean" : 0.000000,
          "stddev" : 0.000000,
          "N" : 0
        }
      },
      "job_runtime" : 50807,
      "usr_cpu" : 1.552936,
      "sys_cpu" : 8.022517,
      "ctx" : 643482,
      "majf" : 0,
      "minf" : 0,
      "iodepth_level" : {
        "1" : 0.100000,
        "2" : 0.100000,
        "4" : 0.100000,
        "8" : 0.100000,
        "16" : 99.992371,
        "32" : 0.000000,
        ">=64" : 0.000000
      },
      "iodepth_submit" : {
        "0" : 0.000000,
        "4" : 100.000000,
        "8" : 0.000000,
        "16" : 0.000000,
        "32" : 0.000000,
        "64" : 0.000000,
        ">=64" : 0.000000
      },
      "iodepth_complete" : {
        "0" : 0.000000,
        "4" : 99.999491,
        "8" : 0.000000,
        "16" : 0.100000,
        "32" : 0.000000,
        "64" : 0.000000,
        ">=64" : 0.000000
      },
      "latency_ns" : {
        "2" : 0.000000,
        "4" : 0.000000,
        "10" : 0.000000,
        "20" : 0.000000,
        "50" : 0.000000,
        "100" : 0.000000,
        "250" : 0.000000,
        "500" : 0.000000,
        "750" : 0.000000,
        "1000" : 0.000000
      },
      "latency_us" : {
        "2" : 0.000000,
        "4" : 0.000000,
        "10" : 0.017675,
        "20" : 0.260417,
        "50" : 3.164673,
        "100" : 7.593282,
        "250" : 29.254150,
        "500" : 21.513367,
        "750" : 5.287298,
        "1000" : 4.420853
      },
      "latency_ms" : {
        "2" : 11.717860,
        "4" : 12.657928,
        "10" : 3.625870,
        "20" : 0.062307,
        "50" : 0.424321,
        "100" : 0.000000,
        "250" : 0.000000,
        "500" : 0.000000,
        "750" : 0.000000,
        "1000" : 0.000000,
        "2000" : 0.000000,
        ">=2000" : 0.000000
      },
      "latency_depth" : 16,
      "latency_target" : 0,
      "latency_percentile" : 100.000000,
      "latency_window" : 0
    }
  ],
  "disk_util" : [
    {
      "name" : "nvme3n1",
      "read_ios" : 389497,
      "write_ios" : 389742,
      "read_merges" : 0,
      "write_merges" : 0,
      "read_ticks" : 718950,
      "write_ticks" : 81528,
      "in_queue" : 800478,
      "util" : 99.355539
    }
  ]
}
