{
  "fio version" : "fio-3.28",
  "timestamp" : 1728578316,
  "timestamp_ms" : 1728578316075,
  "time" : "Fri Oct 11 01:38:36 2024",
  "global options" : {
    "size" : "127G",
    "direct" : "1",
    "runtime" : "60",
    "ioengine" : "sync",
    "numjobs" : "4",
    "iodepth" : "32"
  },
  "jobs" : [
    {
      "jobname" : "rand-read-sync-128k",
      "groupid" : 0,
      "error" : 0,
      "eta" : 0,
      "elapsed" : 61,
      "job options" : {
        "rw" : "randread",
        "random_distribution" : "random",
        "bs" : "128k",
        "filename" : "/dev/nvme3n1"
      },
      "read" : {
        "io_bytes" : 186813120512,
        "io_kbytes" : 182434688,
        "bw_bytes" : 3113500116,
        "bw" : 3040527,
        "iops" : 23754.120765,
        "runtime" : 60001,
        "total_ios" : 1425271,
        "short_ios" : 0,
        "drop_ios" : 0,
        "slat_ns" : {
          "min" : 0,
          "max" : 0,
          "mean" : 0.000000,
          "stddev" : 0.000000,
          "N" : 0
        },
        "clat_ns" : {
          "min" : 124300,
          "max" : 789297,
          "mean" : 167817.676571,
          "stddev" : 24421.874059,
          "N" : 1425271,
          "percentile" : {
            "1.000000" : 129536,
            "5.000000" : 140288,
            "10.000000" : 144384,
            "20.000000" : 148480,
            "30.000000" : 152576,
            "40.000000" : 156672,
            "50.000000" : 162816,
            "60.000000" : 168960,
            "70.000000" : 175104,
            "80.000000" : 181248,
            "90.000000" : 197632,
            "95.000000" : 216064,
            "99.000000" : 250880,
            "99.500000" : 272384,
            "99.900000" : 305152,
            "99.950000" : 313344,
            "99.990000" : 325632
          }
        },
        "lat_ns" : {
          "min" : 124330,
          "max" : 789437,
          "mean" : 167857.860412,
          "stddev" : 24421.924669,
          "N" : 1425271
        },
        "bw_min" : 3019776,
        "bw_max" : 3064832,
        "bw_agg" : 100.000000,
        "bw_mean" : 3041725.310924,
        "bw_dev" : 2244.590179,
        "bw_samples" : 476,
        "iops_min" : 23592,
        "iops_max" : 23944,
        "iops_mean" : 23763.478992,
        "iops_stddev" : 17.535861,
        "iops_samples" : 476
      },
      "write" : {
        "io_bytes" : 0,
        "io_kbytes" : 0,
        "bw_bytes" : 0,
        "bw" : 0,
        "iops" : 0.000000,
        "runtime" : 0,
        "total_ios" : 0,
        "short_ios" : 0,
        "drop_ios" : 0,
        "slat_ns" : {
          "min" : 0,
          "max" : 0,
          "mean" : 0.000000,
          "stddev" : 0.000000,
          "N" : 0
        },
        "clat_ns" : {
          "min" : 0,
          "max" : 0,
          "mean" : 0.000000,
          "stddev" : 0.000000,
          "N" : 0
        },
        "lat_ns" : {
          "min" : 0,
          "max" : 0,
          "mean" : 0.000000,
          "stddev" : 0.000000,
          "N" : 0
        },
        "bw_min" : 0,
        "bw_max" : 0,
        "bw_agg" : 0.000000,
        "bw_mean" : 0.000000,
        "bw_dev" : 0.000000,
        "bw_samples" : 0,
        "iops_min" : 0,
        "iops_max" : 0,
        "iops_mean" : 0.000000,
        "iops_stddev" : 0.000000,
        "iops_samples" : 0
      },
      "trim" : {
        "io_bytes" : 0,
        "io_kbytes" : 0,
        "bw_bytes" : 0,
        "bw" : 0,
        "iops" : 0.000000,
        "runtime" : 0,
        "total_ios" : 0,
        "short_ios" : 0,
        "drop_ios" : 0,
        "slat_ns" : {
          "min" : 0,
          "max" : 0,
          "mean" : 0.000000,
          "stddev" : 0.000000,
          "N" : 0
        },
        "clat_ns" : {
          "min" : 0,
          "max" : 0,
          "mean" : 0.000000,
          "stddev" : 0.000000,
          "N" : 0
        },
        "lat_ns" : {
          "min" : 0,
          "max" : 0,
          "mean" : 0.000000,
          "stddev" : 0.000000,
          "N" : 0
        },
        "bw_min" : 0,
        "bw_max" : 0,
        "bw_agg" : 0.000000,
        "bw_mean" : 0.000000,
        "bw_dev" : 0.000000,
        "bw_samples" : 0,
        "iops_min" : 0,
        "iops_max" : 0,
        "iops_mean" : 0.000000,
        "iops_stddev" : 0.000000,
        "iops_samples" : 0
      },
      "sync" : {
        "total_ios" : 0,
        "lat_ns" : {
          "min" : 0,
          "max" : 0,
          "mean" : 0.000000,
          "stddev" : 0.000000,
          "N" : 0
        }
      },
      "job_runtime" : 240000,
      "usr_cpu" : 0.497083,
      "sys_cpu" : 4.630833,
      "ctx" : 1425405,
      "majf" : 0,
      "minf" : 182,
      "iodepth_level" : {
        "1" : 100.000000,
        "2" : 0.000000,
        "4" : 0.000000,
        "8" : 0.000000,
        "16" : 0.000000,
        "32" : 0.000000,
        ">=64" : 0.000000
      },
      "iodepth_submit" : {
        "0" : 0.000000,
        "4" : 100.000000,
        "8" : 0.000000,
        "16" : 0.000000,
        "32" : 0.000000,
        "64" : 0.000000,
        ">=64" : 0.000000
      },
      "iodepth_complete" : {
        "0" : 0.000000,
        "4" : 100.000000,
        "8" : 0.000000,
        "16" : 0.000000,
        "32" : 0.000000,
        "64" : 0.000000,
        ">=64" : 0.000000
      },
      "latency_ns" : {
        "2" : 0.000000,
        "4" : 0.000000,
        "10" : 0.000000,
        "20" : 0.000000,
        "50" : 0.000000,
        "100" : 0.000000,
        "250" : 0.000000,
        "500" : 0.000000,
        "750" : 0.000000,
        "1000" : 0.000000
      },
      "latency_us" : {
        "2" : 0.000000,
        "4" : 0.000000,
        "10" : 0.000000,
        "20" : 0.000000,
        "50" : 0.000000,
        "100" : 0.000000,
        "250" : 98.929467,
        "500" : 1.069551,
        "750" : 0.010000,
        "1000" : 0.010000
      },
      "latency_ms" : {
        "2" : 0.000000,
        "4" : 0.000000,
        "10" : 0.000000,
        "20" : 0.000000,
        "50" : 0.000000,
        "100" : 0.000000,
        "250" : 0.000000,
        "500" : 0.000000,
        "750" : 0.000000,
        "1000" : 0.000000,
        "2000" : 0.000000,
        ">=2000" : 0.000000
      },
      "latency_depth" : 32,
      "latency_target" : 0,
      "latency_percentile" : 100.000000,
      "latency_window" : 0
    }
  ],
  "disk_util" : [
    {
      "name" : "nvme3n1",
      "read_ios" : 1422759,
      "write_ios" : 0,
      "read_merges" : 0,
      "write_merges" : 0,
      "read_ticks" : 229030,
      "write_ticks" : 0,
      "in_queue" : 229029,
      "util" : 99.866607
    }
  ]
}
