{
  "fio version" : "fio-3.28",
  "timestamp" : 1728579221,
  "timestamp_ms" : 1728579221187,
  "time" : "Fri Oct 11 01:53:41 2024",
  "global options" : {
    "size" : "127G",
    "direct" : "1",
    "runtime" : "60",
    "ioengine" : "libaio",
    "numjobs" : "4",
    "iodepth" : "32"
  },
  "jobs" : [
    {
      "jobname" : "rand-write-async-512k",
      "groupid" : 0,
      "error" : 0,
      "eta" : 0,
      "elapsed" : 61,
      "job options" : {
        "rw" : "randwrite",
        "random_distribution" : "random",
        "bs" : "512k",
        "filename" : "/dev/nvme3n1"
      },
      "read" : {
        "io_bytes" : 0,
        "io_kbytes" : 0,
        "bw_bytes" : 0,
        "bw" : 0,
        "iops" : 0.000000,
        "runtime" : 0,
        "total_ios" : 0,
        "short_ios" : 0,
        "drop_ios" : 0,
        "slat_ns" : {
          "min" : 0,
          "max" : 0,
          "mean" : 0.000000,
          "stddev" : 0.000000,
          "N" : 0
        },
        "clat_ns" : {
          "min" : 0,
          "max" : 0,
          "mean" : 0.000000,
          "stddev" : 0.000000,
          "N" : 0
        },
        "lat_ns" : {
          "min" : 0,
          "max" : 0,
          "mean" : 0.000000,
          "stddev" : 0.000000,
          "N" : 0
        },
        "bw_min" : 0,
        "bw_max" : 0,
        "bw_agg" : 0.000000,
        "bw_mean" : 0.000000,
        "bw_dev" : 0.000000,
        "bw_samples" : 0,
        "iops_min" : 0,
        "iops_max" : 0,
        "iops_mean" : 0.000000,
        "iops_stddev" : 0.000000,
        "iops_samples" : 0
      },
      "write" : {
        "io_bytes" : 22936551424,
        "io_kbytes" : 22398976,
        "bw_bytes" : 381265503,
        "bw" : 372329,
        "iops" : 727.206237,
        "runtime" : 60159,
        "total_ios" : 43748,
        "short_ios" : 0,
        "drop_ios" : 0,
        "slat_ns" : {
          "min" : 10490,
          "max" : 237089,
          "mean" : 23779.071386,
          "stddev" : 4990.856134,
          "N" : 43748
        },
        "clat_ns" : {
          "min" : 537917,
          "max" : 797266091,
          "mean" : 175929541.942603,
          "stddev" : 121951650.592281,
          "N" : 43748,
          "percentile" : {
            "1.000000" : 4751360,
            "5.000000" : 20316160,
            "10.000000" : 45350912,
            "20.000000" : 82313216,
            "30.000000" : 103284736,
            "40.000000" : 123207680,
            "50.000000" : 145752064,
            "60.000000" : 179306496,
            "70.000000" : 214958080,
            "80.000000" : 254803968,
            "90.000000" : 337641472,
            "95.000000" : 442499072,
            "99.000000" : 549453824,
            "99.500000" : 608174080,
            "99.900000" : 734003200,
            "99.950000" : 750780416,
            "99.990000" : 775946240
          }
        },
        "lat_ns" : {
          "min" : 561957,
          "max" : 797287321,
          "mean" : 175953418.821523,
          "stddev" : 121952402.007567,
          "N" : 43748
        },
        "bw_min" : 102400,
        "bw_max" : 937984,
        "bw_agg" : 99.980772,
        "bw_mean" : 372258.133333,
        "bw_dev" : 45452.966764,
        "bw_samples" : 480,
        "iops_min" : 200,
        "iops_max" : 1832,
        "iops_mean" : 727.066667,
        "iops_stddev" : 88.775326,
        "iops_samples" : 480
      },
      "trim" : {
        "io_bytes" : 0,
        "io_kbytes" : 0,
        "bw_bytes" : 0,
        "bw" : 0,
        "iops" : 0.000000,
        "runtime" : 0,
        "total_ios" : 0,
        "short_ios" : 0,
        "drop_ios" : 0,
        "slat_ns" : {
          "min" : 0,
          "max" : 0,
          "mean" : 0.000000,
          "stddev" : 0.000000,
          "N" : 0
        },
        "clat_ns" : {
          "min" : 0,
          "max" : 0,
          "mean" : 0.000000,
          "stddev" : 0.000000,
          "N" : 0
        },
        "lat_ns" : {
          "min" : 0,
          "max" : 0,
          "mean" : 0.000000,
          "stddev" : 0.000000,
          "N" : 0
        },
        "bw_min" : 0,
        "bw_max" : 0,
        "bw_agg" : 0.000000,
        "bw_mean" : 0.000000,
        "bw_dev" : 0.000000,
        "bw_samples" : 0,
        "iops_min" : 0,
        "iops_max" : 0,
        "iops_mean" : 0.000000,
        "iops_stddev" : 0.000000,
        "iops_samples" : 0
      },
      "sync" : {
        "total_ios" : 0,
        "lat_ns" : {
          "min" : 0,
          "max" : 0,
          "mean" : 0.000000,
          "stddev" : 0.000000,
          "N" : 0
        }
      },
      "job_runtime" : 240568,
      "usr_cpu" : 0.367464,
      "sys_cpu" : 0.251904,
      "ctx" : 43639,
      "majf" : 0,
      "minf" : 54,
      "iodepth_level" : {
        "1" : 0.100000,
        "2" : 0.100000,
        "4" : 0.100000,
        "8" : 0.100000,
        "16" : 0.146292,
        "32" : 99.716558,
        ">=64" : 0.000000
      },
      "iodepth_submit" : {
        "0" : 0.000000,
        "4" : 100.000000,
        "8" : 0.000000,
        "16" : 0.000000,
        "32" : 0.000000,
        "64" : 0.000000,
        ">=64" : 0.000000
      },
      "iodepth_complete" : {
        "0" : 0.000000,
        "4" : 99.990832,
        "8" : 0.000000,
        "16" : 0.000000,
        "32" : 0.100000,
        "64" : 0.000000,
        ">=64" : 0.000000
      },
      "latency_ns" : {
        "2" : 0.000000,
        "4" : 0.000000,
        "10" : 0.000000,
        "20" : 0.000000,
        "50" : 0.000000,
        "100" : 0.000000,
        "250" : 0.000000,
        "500" : 0.000000,
        "750" : 0.000000,
        "1000" : 0.000000
      },
      "latency_us" : {
        "2" : 0.000000,
        "4" : 0.000000,
        "10" : 0.000000,
        "20" : 0.000000,
        "50" : 0.000000,
        "100" : 0.000000,
        "250" : 0.000000,
        "500" : 0.000000,
        "750" : 0.010000,
        "1000" : 0.010000
      },
      "latency_ms" : {
        "2" : 0.192009,
        "4" : 0.585170,
        "10" : 1.739508,
        "20" : 2.420682,
        "50" : 5.949986,
        "100" : 16.803054,
        "250" : 51.467496,
        "500" : 18.684283,
        "750" : 2.105239,
        "1000" : 0.045716,
        "2000" : 0.000000,
        ">=2000" : 0.000000
      },
      "latency_depth" : 32,
      "latency_target" : 0,
      "latency_percentile" : 100.000000,
      "latency_window" : 0
    }
  ],
  "disk_util" : [
    {
      "name" : "nvme3n1",
      "read_ios" : 146,
      "write_ios" : 87462,
      "read_merges" : 0,
      "write_merges" : 0,
      "read_ticks" : 35,
      "write_ticks" : 15249353,
      "in_queue" : 15249388,
      "util" : 99.875467
    }
  ]
}
