{
  "fio version" : "fio-3.28",
  "timestamp" : 1728581909,
  "timestamp_ms" : 1728581909857,
  "time" : "Fri Oct 11 02:38:29 2024",
  "global options" : {
    "size" : "127G",
    "direct" : "1",
    "runtime" : "60",
    "ioengine" : "sync",
    "numjobs" : "4",
    "iodepth" : "32"
  },
  "jobs" : [
    {
      "jobname" : "seq-write-sync-256k",
      "groupid" : 0,
      "error" : 0,
      "eta" : 0,
      "elapsed" : 61,
      "job options" : {
        "rw" : "write",
        "bs" : "256k",
        "filename" : "/dev/nvme3n1"
      },
      "read" : {
        "io_bytes" : 0,
        "io_kbytes" : 0,
        "bw_bytes" : 0,
        "bw" : 0,
        "iops" : 0.000000,
        "runtime" : 0,
        "total_ios" : 0,
        "short_ios" : 0,
        "drop_ios" : 0,
        "slat_ns" : {
          "min" : 0,
          "max" : 0,
          "mean" : 0.000000,
          "stddev" : 0.000000,
          "N" : 0
        },
        "clat_ns" : {
          "min" : 0,
          "max" : 0,
          "mean" : 0.000000,
          "stddev" : 0.000000,
          "N" : 0
        },
        "lat_ns" : {
          "min" : 0,
          "max" : 0,
          "mean" : 0.000000,
          "stddev" : 0.000000,
          "N" : 0
        },
        "bw_min" : 0,
        "bw_max" : 0,
        "bw_agg" : 0.000000,
        "bw_mean" : 0.000000,
        "bw_dev" : 0.000000,
        "bw_samples" : 0,
        "iops_min" : 0,
        "iops_max" : 0,
        "iops_mean" : 0.000000,
        "iops_stddev" : 0.000000,
        "iops_samples" : 0
      },
      "write" : {
        "io_bytes" : 28388622336,
        "io_kbytes" : 27723264,
        "bw_bytes" : 473127934,
        "bw" : 462038,
        "iops" : 1804.839839,
        "runtime" : 60002,
        "total_ios" : 108294,
        "short_ios" : 0,
        "drop_ios" : 0,
        "slat_ns" : {
          "min" : 0,
          "max" : 0,
          "mean" : 0.000000,
          "stddev" : 0.000000,
          "N" : 0
        },
        "clat_ns" : {
          "min" : 118218,
          "max" : 27719573,
          "mean" : 2211006.367324,
          "stddev" : 2099091.554796,
          "N" : 108294,
          "percentile" : {
            "1.000000" : 272384,
            "5.000000" : 329728,
            "10.000000" : 436224,
            "20.000000" : 667648,
            "30.000000" : 946176,
            "40.000000" : 1187840,
            "50.000000" : 1548288,
            "60.000000" : 2007040,
            "70.000000" : 2473984,
            "80.000000" : 3325952,
            "90.000000" : 4816896,
            "95.000000" : 6389760,
            "99.000000" : 10289152,
            "99.500000" : 11730944,
            "99.900000" : 15532032,
            "99.950000" : 17432576,
            "99.990000" : 22413312
          }
        },
        "lat_ns" : {
          "min" : 119258,
          "max" : 27724413,
          "mean" : 2215463.957726,
          "stddev" : 2099391.779801,
          "N" : 108294
        },
        "bw_min" : 165376,
        "bw_max" : 1236992,
        "bw_agg" : 100.000000,
        "bw_mean" : 462353.210084,
        "bw_dev" : 61623.246161,
        "bw_samples" : 476,
        "iops_min" : 646,
        "iops_max" : 4832,
        "iops_mean" : 1806.067227,
        "iops_stddev" : 240.715805,
        "iops_samples" : 476
      },
      "trim" : {
        "io_bytes" : 0,
        "io_kbytes" : 0,
        "bw_bytes" : 0,
        "bw" : 0,
        "iops" : 0.000000,
        "runtime" : 0,
        "total_ios" : 0,
        "short_ios" : 0,
        "drop_ios" : 0,
        "slat_ns" : {
          "min" : 0,
          "max" : 0,
          "mean" : 0.000000,
          "stddev" : 0.000000,
          "N" : 0
        },
        "clat_ns" : {
          "min" : 0,
          "max" : 0,
          "mean" : 0.000000,
          "stddev" : 0.000000,
          "N" : 0
        },
        "lat_ns" : {
          "min" : 0,
          "max" : 0,
          "mean" : 0.000000,
          "stddev" : 0.000000,
          "N" : 0
        },
        "bw_min" : 0,
        "bw_max" : 0,
        "bw_agg" : 0.000000,
        "bw_mean" : 0.000000,
        "bw_dev" : 0.000000,
        "bw_samples" : 0,
        "iops_min" : 0,
        "iops_max" : 0,
        "iops_mean" : 0.000000,
        "iops_stddev" : 0.000000,
        "iops_samples" : 0
      },
      "sync" : {
        "total_ios" : 0,
        "lat_ns" : {
          "min" : 0,
          "max" : 0,
          "mean" : 0.000000,
          "stddev" : 0.000000,
          "N" : 0
        }
      },
      "job_runtime" : 240002,
      "usr_cpu" : 0.381663,
      "sys_cpu" : 0.514579,
      "ctx" : 108299,
      "majf" : 0,
      "minf" : 52,
      "iodepth_level" : {
        "1" : 100.000000,
        "2" : 0.000000,
        "4" : 0.000000,
        "8" : 0.000000,
        "16" : 0.000000,
        "32" : 0.000000,
        ">=64" : 0.000000
      },
      "iodepth_submit" : {
        "0" : 0.000000,
        "4" : 100.000000,
        "8" : 0.000000,
        "16" : 0.000000,
        "32" : 0.000000,
        "64" : 0.000000,
        ">=64" : 0.000000
      },
      "iodepth_complete" : {
        "0" : 0.000000,
        "4" : 100.000000,
        "8" : 0.000000,
        "16" : 0.000000,
        "32" : 0.000000,
        "64" : 0.000000,
        ">=64" : 0.000000
      },
      "latency_ns" : {
        "2" : 0.000000,
        "4" : 0.000000,
        "10" : 0.000000,
        "20" : 0.000000,
        "50" : 0.000000,
        "100" : 0.000000,
        "250" : 0.000000,
        "500" : 0.000000,
        "750" : 0.000000,
        "1000" : 0.000000
      },
      "latency_us" : {
        "2" : 0.000000,
        "4" : 0.000000,
        "10" : 0.000000,
        "20" : 0.000000,
        "50" : 0.000000,
        "100" : 0.000000,
        "250" : 0.708257,
        "500" : 12.064380,
        "750" : 10.445639,
        "1000" : 8.369808
      },
      "latency_ms" : {
        "2" : 28.315511,
        "4" : 25.835226,
        "10" : 13.134615,
        "20" : 1.108095,
        "50" : 0.018468,
        "100" : 0.000000,
        "250" : 0.000000,
        "500" : 0.000000,
        "750" : 0.000000,
        "1000" : 0.000000,
        "2000" : 0.000000,
        ">=2000" : 0.000000
      },
      "latency_depth" : 32,
      "latency_target" : 0,
      "latency_percentile" : 100.000000,
      "latency_window" : 0
    }
  ],
  "disk_util" : [
    {
      "name" : "nvme3n1",
      "read_ios" : 86,
      "write_ios" : 108111,
      "read_merges" : 0,
      "write_merges" : 0,
      "read_ticks" : 10,
      "write_ticks" : 237576,
      "in_queue" : 237587,
      "util" : 99.858298
    }
  ]
}
