{
  "fio version" : "fio-3.28",
  "timestamp" : 1728154328,
  "timestamp_ms" : 1728154328666,
  "time" : "Sun Oct  6 03:52:08 2024",
  "global options" : {
    "size" : "127G",
    "direct" : "1",
    "runtime" : "60",
    "ioengine" : "libaio",
    "numjobs" : "4",
    "iodepth" : "16"
  },
  "jobs" : [
    {
      "jobname" : "rand-rw-async-16k-50",
      "groupid" : 0,
      "error" : 0,
      "eta" : 0,
      "elapsed" : 61,
      "job options" : {
        "rw" : "randrw",
        "random_distribution" : "random",
        "rwmixread" : "50",
        "bs" : "16k",
        "filename" : "/dev/nvme3n1"
      },
      "read" : {
        "io_bytes" : 15329607680,
        "io_kbytes" : 14970320,
        "bw_bytes" : 255463657,
        "bw" : 249476,
        "iops" : 15592.264236,
        "runtime" : 60007,
        "total_ios" : 935645,
        "short_ios" : 0,
        "drop_ios" : 0,
        "slat_ns" : {
          "min" : 2010,
          "max" : 21140,
          "mean" : 2500.100945,
          "stddev" : 471.580163,
          "N" : 935645
        },
        "clat_ns" : {
          "min" : 5340,
          "max" : 20079196,
          "mean" : 3863746.417607,
          "stddev" : 2811937.018381,
          "N" : 935645,
          "percentile" : {
            "1.000000" : 93696,
            "5.000000" : 387072,
            "10.000000" : 905216,
            "20.000000" : 1384448,
            "30.000000" : 1974272,
            "40.000000" : 2539520,
            "50.000000" : 3227648,
            "60.000000" : 3981312,
            "70.000000" : 4947968,
            "80.000000" : 6127616,
            "90.000000" : 7897088,
            "95.000000" : 9371648,
            "99.000000" : 12255232,
            "99.500000" : 13041664,
            "99.900000" : 14876672,
            "99.950000" : 15400960,
            "99.990000" : 16711680
          }
        },
        "lat_ns" : {
          "min" : 8170,
          "max" : 20081886,
          "mean" : 3866293.241957,
          "stddev" : 2811939.404734,
          "N" : 935645
        },
        "bw_min" : 231616,
        "bw_max" : 266848,
        "bw_agg" : 100.000000,
        "bw_mean" : 249519.327731,
        "bw_dev" : 1848.287588,
        "bw_samples" : 476,
        "iops_min" : 14476,
        "iops_max" : 16678,
        "iops_mean" : 15594.957983,
        "iops_stddev" : 115.517974,
        "iops_samples" : 476
      },
      "write" : {
        "io_bytes" : 15346073600,
        "io_kbytes" : 14986400,
        "bw_bytes" : 255738057,
        "bw" : 249744,
        "iops" : 15609.012282,
        "runtime" : 60007,
        "total_ios" : 936650,
        "short_ios" : 0,
        "drop_ios" : 0,
        "slat_ns" : {
          "min" : 2010,
          "max" : 23759,
          "mean" : 2676.067353,
          "stddev" : 480.241363,
          "N" : 936650
        },
        "clat_ns" : {
          "min" : 10749,
          "max" : 6063513,
          "mean" : 234545.395534,
          "stddev" : 367482.954098,
          "N" : 936650,
          "percentile" : {
            "1.000000" : 15424,
            "5.000000" : 16064,
            "10.000000" : 16768,
            "20.000000" : 18048,
            "30.000000" : 24192,
            "40.000000" : 32384,
            "50.000000" : 70144,
            "60.000000" : 138240,
            "70.000000" : 228352,
            "80.000000" : 366592,
            "90.000000" : 692224,
            "95.000000" : 1011712,
            "99.000000" : 1662976,
            "99.500000" : 2072576,
            "99.900000" : 2834432,
            "99.950000" : 3260416,
            "99.990000" : 4177920
          }
        },
        "lat_ns" : {
          "min" : 15180,
          "max" : 6065953,
          "mean" : 237268.311012,
          "stddev" : 367494.152559,
          "N" : 936650
        },
        "bw_min" : 224064,
        "bw_max" : 272512,
        "bw_agg" : 100.000000,
        "bw_mean" : 249877.781513,
        "bw_dev" : 2286.692808,
        "bw_samples" : 476,
        "iops_min" : 14004,
        "iops_max" : 17032,
        "iops_mean" : 15617.361345,
        "iops_stddev" : 142.918301,
        "iops_samples" : 476
      },
      "trim" : {
        "io_bytes" : 0,
        "io_kbytes" : 0,
        "bw_bytes" : 0,
        "bw" : 0,
        "iops" : 0.000000,
        "runtime" : 0,
        "total_ios" : 0,
        "short_ios" : 0,
        "drop_ios" : 0,
        "slat_ns" : {
          "min" : 0,
          "max" : 0,
          "mean" : 0.000000,
          "stddev" : 0.000000,
          "N" : 0
        },
        "clat_ns" : {
          "min" : 0,
          "max" : 0,
          "mean" : 0.000000,
          "stddev" : 0.000000,
          "N" : 0
        },
        "lat_ns" : {
          "min" : 0,
          "max" : 0,
          "mean" : 0.000000,
          "stddev" : 0.000000,
          "N" : 0
        },
        "bw_min" : 0,
        "bw_max" : 0,
        "bw_agg" : 0.000000,
        "bw_mean" : 0.000000,
        "bw_dev" : 0.000000,
        "bw_samples" : 0,
        "iops_min" : 0,
        "iops_max" : 0,
        "iops_mean" : 0.000000,
        "iops_stddev" : 0.000000,
        "iops_samples" : 0
      },
      "sync" : {
        "total_ios" : 0,
        "lat_ns" : {
          "min" : 0,
          "max" : 0,
          "mean" : 0.000000,
          "stddev" : 0.000000,
          "N" : 0
        }
      },
      "job_runtime" : 240021,
      "usr_cpu" : 0.972415,
      "sys_cpu" : 3.585936,
      "ctx" : 1661199,
      "majf" : 0,
      "minf" : 74,
      "iodepth_level" : {
        "1" : 0.100000,
        "2" : 0.100000,
        "4" : 0.100000,
        "8" : 0.100000,
        "16" : 99.996795,
        "32" : 0.000000,
        ">=64" : 0.000000
      },
      "iodepth_submit" : {
        "0" : 0.000000,
        "4" : 100.000000,
        "8" : 0.000000,
        "16" : 0.000000,
        "32" : 0.000000,
        "64" : 0.000000,
        ">=64" : 0.000000
      },
      "iodepth_complete" : {
        "0" : 0.000000,
        "4" : 99.999786,
        "8" : 0.000000,
        "16" : 0.100000,
        "32" : 0.000000,
        "64" : 0.000000,
        ">=64" : 0.000000
      },
      "latency_ns" : {
        "2" : 0.000000,
        "4" : 0.000000,
        "10" : 0.000000,
        "20" : 0.000000,
        "50" : 0.000000,
        "100" : 0.000000,
        "250" : 0.000000,
        "500" : 0.000000,
        "750" : 0.000000,
        "1000" : 0.000000
      },
      "latency_us" : {
        "2" : 0.000000,
        "4" : 0.000000,
        "10" : 0.010000,
        "20" : 12.412948,
        "50" : 10.627973,
        "100" : 5.192558,
        "250" : 9.764914,
        "500" : 7.602061,
        "750" : 4.111425,
        "1000" : 3.428306
      },
      "latency_ms" : {
        "2" : 11.826395,
        "4" : 15.244019,
        "10" : 17.883667,
        "20" : 1.903439,
        "50" : 0.010000,
        "100" : 0.000000,
        "250" : 0.000000,
        "500" : 0.000000,
        "750" : 0.000000,
        "1000" : 0.000000,
        "2000" : 0.000000,
        ">=2000" : 0.000000
      },
      "latency_depth" : 16,
      "latency_target" : 0,
      "latency_percentile" : 100.000000,
      "latency_window" : 0
    }
  ],
  "disk_util" : [
    {
      "name" : "nvme3n1",
      "read_ios" : 934029,
      "write_ios" : 935054,
      "read_merges" : 0,
      "write_merges" : 0,
      "read_ticks" : 3605914,
      "write_ticks" : 217182,
      "in_queue" : 3823097,
      "util" : 99.861630
    }
  ]
}
