{
  "fio version" : "fio-3.28",
  "timestamp" : 1728156684,
  "timestamp_ms" : 1728156684614,
  "time" : "Sun Oct  6 04:31:24 2024",
  "global options" : {
    "size" : "127G",
    "direct" : "1",
    "runtime" : "60",
    "ioengine" : "libaio",
    "numjobs" : "4",
    "iodepth" : "16"
  },
  "jobs" : [
    {
      "jobname" : "rand-rw-async-8k-30",
      "groupid" : 0,
      "error" : 0,
      "eta" : 0,
      "elapsed" : 61,
      "job options" : {
        "rw" : "randrw",
        "random_distribution" : "random",
        "rwmixread" : "30",
        "bs" : "8k",
        "filename" : "/dev/nvme3n1"
      },
      "read" : {
        "io_bytes" : 2809069568,
        "io_kbytes" : 2743232,
        "bw_bytes" : 46812364,
        "bw" : 45715,
        "iops" : 5714.399987,
        "runtime" : 60007,
        "total_ios" : 342904,
        "short_ios" : 0,
        "drop_ios" : 0,
        "slat_ns" : {
          "min" : 1590,
          "max" : 12280,
          "mean" : 2046.406254,
          "stddev" : 377.711561,
          "N" : 342904
        },
        "clat_ns" : {
          "min" : 78739,
          "max" : 15279628,
          "mean" : 3350139.418630,
          "stddev" : 2649515.799181,
          "N" : 342904,
          "percentile" : {
            "1.000000" : 81408,
            "5.000000" : 102912,
            "10.000000" : 415744,
            "20.000000" : 1073152,
            "30.000000" : 1482752,
            "40.000000" : 2023424,
            "50.000000" : 2736128,
            "60.000000" : 3424256,
            "70.000000" : 4358144,
            "80.000000" : 5603328,
            "90.000000" : 7241728,
            "95.000000" : 8585216,
            "99.000000" : 10944512,
            "99.500000" : 11599872,
            "99.900000" : 12910592,
            "99.950000" : 13303808,
            "99.990000" : 14221312
          }
        },
        "lat_ns" : {
          "min" : 80559,
          "max" : 15281918,
          "mean" : 3352231.590830,
          "stddev" : 2649516.913206,
          "N" : 342904
        },
        "bw_min" : 40896,
        "bw_max" : 50624,
        "bw_agg" : 100.000000,
        "bw_mean" : 45730.016807,
        "bw_dev" : 473.001072,
        "bw_samples" : 476,
        "iops_min" : 5112,
        "iops_max" : 6328,
        "iops_mean" : 5716.252101,
        "iops_stddev" : 59.125134,
        "iops_samples" : 476
      },
      "write" : {
        "io_bytes" : 6564536320,
        "io_kbytes" : 6410680,
        "bw_bytes" : 109396175,
        "bw" : 106832,
        "iops" : 13354.025364,
        "runtime" : 60007,
        "total_ios" : 801335,
        "short_ios" : 0,
        "drop_ios" : 0,
        "slat_ns" : {
          "min" : 1570,
          "max" : 15949,
          "mean" : 2099.500865,
          "stddev" : 369.781051,
          "N" : 801335
        },
        "clat_ns" : {
          "min" : 80889,
          "max" : 15251278,
          "mean" : 3355285.502238,
          "stddev" : 2649574.564510,
          "N" : 801335,
          "percentile" : {
            "1.000000" : 84480,
            "5.000000" : 108032,
            "10.000000" : 419840,
            "20.000000" : 1089536,
            "30.000000" : 1482752,
            "40.000000" : 2023424,
            "50.000000" : 2736128,
            "60.000000" : 3424256,
            "70.000000" : 4358144,
            "80.000000" : 5603328,
            "90.000000" : 7241728,
            "95.000000" : 8585216,
            "99.000000" : 10944512,
            "99.500000" : 11730944,
            "99.900000" : 12910592,
            "99.950000" : 13303808,
            "99.990000" : 14090240
          }
        },
        "lat_ns" : {
          "min" : 82899,
          "max" : 15253188,
          "mean" : 3357430.975446,
          "stddev" : 2649573.543419,
          "N" : 801335
        },
        "bw_min" : 98832,
        "bw_max" : 114192,
        "bw_agg" : 100.000000,
        "bw_mean" : 106873.008403,
        "bw_dev" : 685.083518,
        "bw_samples" : 476,
        "iops_min" : 12354,
        "iops_max" : 14274,
        "iops_mean" : 13359.126050,
        "iops_stddev" : 85.635440,
        "iops_samples" : 476
      },
      "trim" : {
        "io_bytes" : 0,
        "io_kbytes" : 0,
        "bw_bytes" : 0,
        "bw" : 0,
        "iops" : 0.000000,
        "runtime" : 0,
        "total_ios" : 0,
        "short_ios" : 0,
        "drop_ios" : 0,
        "slat_ns" : {
          "min" : 0,
          "max" : 0,
          "mean" : 0.000000,
          "stddev" : 0.000000,
          "N" : 0
        },
        "clat_ns" : {
          "min" : 0,
          "max" : 0,
          "mean" : 0.000000,
          "stddev" : 0.000000,
          "N" : 0
        },
        "lat_ns" : {
          "min" : 0,
          "max" : 0,
          "mean" : 0.000000,
          "stddev" : 0.000000,
          "N" : 0
        },
        "bw_min" : 0,
        "bw_max" : 0,
        "bw_agg" : 0.000000,
        "bw_mean" : 0.000000,
        "bw_dev" : 0.000000,
        "bw_samples" : 0,
        "iops_min" : 0,
        "iops_max" : 0,
        "iops_mean" : 0.000000,
        "iops_stddev" : 0.000000,
        "iops_samples" : 0
      },
      "sync" : {
        "total_ios" : 0,
        "lat_ns" : {
          "min" : 0,
          "max" : 0,
          "mean" : 0.000000,
          "stddev" : 0.000000,
          "N" : 0
        }
      },
      "job_runtime" : 240020,
      "usr_cpu" : 0.611199,
      "sys_cpu" : 2.039413,
      "ctx" : 1108238,
      "majf" : 0,
      "minf" : 63,
      "iodepth_level" : {
        "1" : 0.100000,
        "2" : 0.100000,
        "4" : 0.100000,
        "8" : 0.100000,
        "16" : 99.994756,
        "32" : 0.000000,
        ">=64" : 0.000000
      },
      "iodepth_submit" : {
        "0" : 0.000000,
        "4" : 100.000000,
        "8" : 0.000000,
        "16" : 0.000000,
        "32" : 0.000000,
        "64" : 0.000000,
        ">=64" : 0.000000
      },
      "iodepth_complete" : {
        "0" : 0.000000,
        "4" : 99.999650,
        "8" : 0.000000,
        "16" : 0.100000,
        "32" : 0.000000,
        "64" : 0.000000,
        ">=64" : 0.000000
      },
      "latency_ns" : {
        "2" : 0.000000,
        "4" : 0.000000,
        "10" : 0.000000,
        "20" : 0.000000,
        "50" : 0.000000,
        "100" : 0.000000,
        "250" : 0.000000,
        "500" : 0.000000,
        "750" : 0.000000,
        "1000" : 0.000000
      },
      "latency_us" : {
        "2" : 0.000000,
        "4" : 0.000000,
        "10" : 0.000000,
        "20" : 0.000000,
        "50" : 0.000000,
        "100" : 4.639765,
        "250" : 2.777916,
        "500" : 3.644431,
        "750" : 3.172589,
        "1000" : 3.916839
      },
      "latency_ms" : {
        "2" : 21.520242,
        "4" : 26.117970,
        "10" : 32.066465,
        "20" : 2.143783,
        "50" : 0.000000,
        "100" : 0.000000,
        "250" : 0.000000,
        "500" : 0.000000,
        "750" : 0.000000,
        "1000" : 0.000000,
        "2000" : 0.000000,
        ">=2000" : 0.000000
      },
      "latency_depth" : 16,
      "latency_target" : 0,
      "latency_percentile" : 100.000000,
      "latency_window" : 0
    }
  ],
  "disk_util" : [
    {
      "name" : "nvme3n1",
      "read_ios" : 342356,
      "write_ios" : 799897,
      "read_merges" : 0,
      "write_merges" : 0,
      "read_ticks" : 1145709,
      "write_ticks" : 2681676,
      "in_queue" : 3827386,
      "util" : 99.863297
    }
  ]
}
