{
  "fio version" : "fio-3.28",
  "timestamp" : 1728154207,
  "timestamp_ms" : 1728154207892,
  "time" : "Sun Oct  6 03:50:07 2024",
  "global options" : {
    "size" : "127G",
    "direct" : "1",
    "runtime" : "60",
    "ioengine" : "libaio",
    "numjobs" : "4",
    "iodepth" : "16"
  },
  "jobs" : [
    {
      "jobname" : "rand-rw-async-16k-10",
      "groupid" : 0,
      "error" : 0,
      "eta" : 0,
      "elapsed" : 61,
      "job options" : {
        "rw" : "randrw",
        "random_distribution" : "random",
        "rwmixread" : "10",
        "bs" : "16k",
        "filename" : "/dev/nvme3n1"
      },
      "read" : {
        "io_bytes" : 1802076160,
        "io_kbytes" : 1759840,
        "bw_bytes" : 30029597,
        "bw" : 29325,
        "iops" : 1832.861190,
        "runtime" : 60010,
        "total_ios" : 109990,
        "short_ios" : 0,
        "drop_ios" : 0,
        "slat_ns" : {
          "min" : 1960,
          "max" : 11509,
          "mean" : 2716.111437,
          "stddev" : 692.716453,
          "N" : 109990
        },
        "clat_ns" : {
          "min" : 86728,
          "max" : 29663352,
          "mean" : 6598774.797800,
          "stddev" : 3264678.796776,
          "N" : 109990,
          "percentile" : {
            "1.000000" : 1433600,
            "5.000000" : 2342912,
            "10.000000" : 2834432,
            "20.000000" : 3751936,
            "30.000000" : 4554752,
            "40.000000" : 5210112,
            "50.000000" : 6062080,
            "60.000000" : 6914048,
            "70.000000" : 7897088,
            "80.000000" : 9109504,
            "90.000000" : 11075584,
            "95.000000" : 12779520,
            "99.000000" : 16056320,
            "99.500000" : 17170432,
            "99.900000" : 20054016,
            "99.950000" : 21102592,
            "99.990000" : 23986176
          }
        },
        "lat_ns" : {
          "min" : 95008,
          "max" : 29665922,
          "mean" : 6601554.295145,
          "stddev" : 3264677.117309,
          "N" : 109990
        },
        "bw_min" : 18048,
        "bw_max" : 48512,
        "bw_agg" : 99.993936,
        "bw_mean" : 29324.638655,
        "bw_dev" : 1955.164322,
        "bw_samples" : 476,
        "iops_min" : 1128,
        "iops_max" : 3032,
        "iops_mean" : 1832.789916,
        "iops_stddev" : 122.197770,
        "iops_samples" : 476
      },
      "write" : {
        "io_bytes" : 16269950976,
        "io_kbytes" : 15888624,
        "bw_bytes" : 271120662,
        "bw" : 264766,
        "iops" : 16547.892018,
        "runtime" : 60010,
        "total_ios" : 993039,
        "short_ios" : 0,
        "drop_ios" : 0,
        "slat_ns" : {
          "min" : 1930,
          "max" : 24979,
          "mean" : 2845.319326,
          "stddev" : 684.347261,
          "N" : 993039
        },
        "clat_ns" : {
          "min" : 15860,
          "max" : 16529292,
          "mean" : 3132798.590492,
          "stddev" : 1697455.207079,
          "N" : 993039,
          "percentile" : {
            "1.000000" : 544768,
            "5.000000" : 1073152,
            "10.000000" : 1286144,
            "20.000000" : 1646592,
            "30.000000" : 2072576,
            "40.000000" : 2408448,
            "50.000000" : 2736128,
            "60.000000" : 3260416,
            "70.000000" : 3751936,
            "80.000000" : 4489216,
            "90.000000" : 5406720,
            "95.000000" : 6324224,
            "99.000000" : 8290304,
            "99.500000" : 8978432,
            "99.900000" : 10813440,
            "99.950000" : 11468800,
            "99.990000" : 13434880
          }
        },
        "lat_ns" : {
          "min" : 19770,
          "max" : 16531642,
          "mean" : 3135706.966006,
          "stddev" : 1697443.850913,
          "N" : 993039
        },
        "bw_min" : 176672,
        "bw_max" : 409696,
        "bw_agg" : 100.000000,
        "bw_mean" : 264927.731092,
        "bw_dev" : 17015.067927,
        "bw_samples" : 476,
        "iops_min" : 11042,
        "iops_max" : 25606,
        "iops_mean" : 16557.983193,
        "iops_stddev" : 1063.441745,
        "iops_samples" : 476
      },
      "trim" : {
        "io_bytes" : 0,
        "io_kbytes" : 0,
        "bw_bytes" : 0,
        "bw" : 0,
        "iops" : 0.000000,
        "runtime" : 0,
        "total_ios" : 0,
        "short_ios" : 0,
        "drop_ios" : 0,
        "slat_ns" : {
          "min" : 0,
          "max" : 0,
          "mean" : 0.000000,
          "stddev" : 0.000000,
          "N" : 0
        },
        "clat_ns" : {
          "min" : 0,
          "max" : 0,
          "mean" : 0.000000,
          "stddev" : 0.000000,
          "N" : 0
        },
        "lat_ns" : {
          "min" : 0,
          "max" : 0,
          "mean" : 0.000000,
          "stddev" : 0.000000,
          "N" : 0
        },
        "bw_min" : 0,
        "bw_max" : 0,
        "bw_agg" : 0.000000,
        "bw_mean" : 0.000000,
        "bw_dev" : 0.000000,
        "bw_samples" : 0,
        "iops_min" : 0,
        "iops_max" : 0,
        "iops_mean" : 0.000000,
        "iops_stddev" : 0.000000,
        "iops_samples" : 0
      },
      "sync" : {
        "total_ios" : 0,
        "lat_ns" : {
          "min" : 0,
          "max" : 0,
          "mean" : 0.000000,
          "stddev" : 0.000000,
          "N" : 0
        }
      },
      "job_runtime" : 240023,
      "usr_cpu" : 0.540365,
      "sys_cpu" : 2.096049,
      "ctx" : 709723,
      "majf" : 0,
      "minf" : 68,
      "iodepth_level" : {
        "1" : 0.100000,
        "2" : 0.100000,
        "4" : 0.100000,
        "8" : 0.100000,
        "16" : 99.994560,
        "32" : 0.000000,
        ">=64" : 0.000000
      },
      "iodepth_submit" : {
        "0" : 0.000000,
        "4" : 100.000000,
        "8" : 0.000000,
        "16" : 0.000000,
        "32" : 0.000000,
        "64" : 0.000000,
        ">=64" : 0.000000
      },
      "iodepth_complete" : {
        "0" : 0.000000,
        "4" : 99.999637,
        "8" : 0.000000,
        "16" : 0.100000,
        "32" : 0.000000,
        "64" : 0.000000,
        ">=64" : 0.000000
      },
      "latency_ns" : {
        "2" : 0.000000,
        "4" : 0.000000,
        "10" : 0.000000,
        "20" : 0.000000,
        "50" : 0.000000,
        "100" : 0.000000,
        "250" : 0.000000,
        "500" : 0.000000,
        "750" : 0.000000,
        "1000" : 0.000000
      },
      "latency_us" : {
        "2" : 0.000000,
        "4" : 0.000000,
        "10" : 0.000000,
        "20" : 0.010000,
        "50" : 0.010000,
        "100" : 0.025838,
        "250" : 0.146868,
        "500" : 0.572605,
        "750" : 1.025540,
        "1000" : 1.817541
      },
      "latency_ms" : {
        "2" : 22.291617,
        "4" : 43.398768,
        "10" : 29.016191,
        "20" : 1.686175,
        "50" : 0.010000,
        "100" : 0.000000,
        "250" : 0.000000,
        "500" : 0.000000,
        "750" : 0.000000,
        "1000" : 0.000000,
        "2000" : 0.000000,
        ">=2000" : 0.000000
      },
      "latency_depth" : 16,
      "latency_target" : 0,
      "latency_percentile" : 100.000000,
      "latency_window" : 0
    }
  ],
  "disk_util" : [
    {
      "name" : "nvme3n1",
      "read_ios" : 109863,
      "write_ios" : 991284,
      "read_merges" : 0,
      "write_merges" : 0,
      "read_ticks" : 724052,
      "write_ticks" : 3102087,
      "in_queue" : 3826140,
      "util" : 99.858296
    }
  ]
}
