{
  "fio version" : "fio-3.28",
  "timestamp" : 1728155657,
  "timestamp_ms" : 1728155657911,
  "time" : "Sun Oct  6 04:14:17 2024",
  "global options" : {
    "size" : "127G",
    "direct" : "1",
    "runtime" : "60",
    "ioengine" : "libaio",
    "numjobs" : "4",
    "iodepth" : "16"
  },
  "jobs" : [
    {
      "jobname" : "rand-rw-async-4k-10",
      "groupid" : 0,
      "error" : 0,
      "eta" : 0,
      "elapsed" : 61,
      "job options" : {
        "rw" : "randrw",
        "random_distribution" : "random",
        "rwmixread" : "10",
        "bs" : "4k",
        "filename" : "/dev/nvme3n1"
      },
      "read" : {
        "io_bytes" : 373518336,
        "io_kbytes" : 364764,
        "bw_bytes" : 6224475,
        "bw" : 6078,
        "iops" : 1519.647380,
        "runtime" : 60008,
        "total_ios" : 91191,
        "short_ios" : 0,
        "drop_ios" : 0,
        "slat_ns" : {
          "min" : 1520,
          "max" : 8970,
          "mean" : 1912.749986,
          "stddev" : 340.478737,
          "N" : 91191
        },
        "clat_ns" : {
          "min" : 79700,
          "max" : 18325450,
          "mean" : 4175165.320086,
          "stddev" : 3213480.280986,
          "N" : 91191,
          "percentile" : {
            "1.000000" : 82432,
            "5.000000" : 238592,
            "10.000000" : 684032,
            "20.000000" : 1318912,
            "30.000000" : 1859584,
            "40.000000" : 2637824,
            "50.000000" : 3391488,
            "60.000000" : 4358144,
            "70.000000" : 5472256,
            "80.000000" : 6848512,
            "90.000000" : 8847360,
            "95.000000" : 10551296,
            "99.000000" : 13172736,
            "99.500000" : 13959168,
            "99.900000" : 15663104,
            "99.950000" : 16449536,
            "99.990000" : 17432576
          }
        },
        "lat_ns" : {
          "min" : 81620,
          "max" : 18327910,
          "mean" : 4177129.389578,
          "stddev" : 3213479.601985,
          "N" : 91191
        },
        "bw_min" : 5056,
        "bw_max" : 7248,
        "bw_agg" : 100.000000,
        "bw_mean" : 6081.815126,
        "bw_dev" : 111.090442,
        "bw_samples" : 476,
        "iops_min" : 1264,
        "iops_max" : 1812,
        "iops_mean" : 1520.453782,
        "iops_stddev" : 27.772611,
        "iops_samples" : 476
      },
      "write" : {
        "io_bytes" : 3376283648,
        "io_kbytes" : 3297152,
        "bw_bytes" : 56263892,
        "bw" : 54945,
        "iops" : 13736.301826,
        "runtime" : 60008,
        "total_ios" : 824288,
        "short_ios" : 0,
        "drop_ios" : 0,
        "slat_ns" : {
          "min" : 1470,
          "max" : 20859,
          "mean" : 1871.370408,
          "stddev" : 317.561030,
          "N" : 824288
        },
        "clat_ns" : {
          "min" : 79250,
          "max" : 18634870,
          "mean" : 4194629.678871,
          "stddev" : 3206430.598563,
          "N" : 824288,
          "percentile" : {
            "1.000000" : 85504,
            "5.000000" : 280576,
            "10.000000" : 724992,
            "20.000000" : 1335296,
            "30.000000" : 1892352,
            "40.000000" : 2670592,
            "50.000000" : 3424256,
            "60.000000" : 4358144,
            "70.000000" : 5472256,
            "80.000000" : 6848512,
            "90.000000" : 8847360,
            "95.000000" : 10551296,
            "99.000000" : 13172736,
            "99.500000" : 13959168,
            "99.900000" : 15663104,
            "99.950000" : 16318464,
            "99.990000" : 17170432
          }
        },
        "lat_ns" : {
          "min" : 80940,
          "max" : 18636990,
          "mean" : 4196552.223210,
          "stddev" : 3206429.398130,
          "N" : 824288
        },
        "bw_min" : 51304,
        "bw_max" : 58456,
        "bw_agg" : 100.000000,
        "bw_mean" : 54958.521008,
        "bw_dev" : 329.960825,
        "bw_samples" : 476,
        "iops_min" : 12826,
        "iops_max" : 14614,
        "iops_mean" : 13739.630252,
        "iops_stddev" : 82.490206,
        "iops_samples" : 476
      },
      "trim" : {
        "io_bytes" : 0,
        "io_kbytes" : 0,
        "bw_bytes" : 0,
        "bw" : 0,
        "iops" : 0.000000,
        "runtime" : 0,
        "total_ios" : 0,
        "short_ios" : 0,
        "drop_ios" : 0,
        "slat_ns" : {
          "min" : 0,
          "max" : 0,
          "mean" : 0.000000,
          "stddev" : 0.000000,
          "N" : 0
        },
        "clat_ns" : {
          "min" : 0,
          "max" : 0,
          "mean" : 0.000000,
          "stddev" : 0.000000,
          "N" : 0
        },
        "lat_ns" : {
          "min" : 0,
          "max" : 0,
          "mean" : 0.000000,
          "stddev" : 0.000000,
          "N" : 0
        },
        "bw_min" : 0,
        "bw_max" : 0,
        "bw_agg" : 0.000000,
        "bw_mean" : 0.000000,
        "bw_dev" : 0.000000,
        "bw_samples" : 0,
        "iops_min" : 0,
        "iops_max" : 0,
        "iops_mean" : 0.000000,
        "iops_stddev" : 0.000000,
        "iops_samples" : 0
      },
      "sync" : {
        "total_ios" : 0,
        "lat_ns" : {
          "min" : 0,
          "max" : 0,
          "mean" : 0.000000,
          "stddev" : 0.000000,
          "N" : 0
        }
      },
      "job_runtime" : 240026,
      "usr_cpu" : 0.450368,
      "sys_cpu" : 1.624407,
      "ctx" : 892603,
      "majf" : 0,
      "minf" : 63,
      "iodepth_level" : {
        "1" : 0.100000,
        "2" : 0.100000,
        "4" : 0.100000,
        "8" : 0.100000,
        "16" : 99.993446,
        "32" : 0.000000,
        ">=64" : 0.000000
      },
      "iodepth_submit" : {
        "0" : 0.000000,
        "4" : 100.000000,
        "8" : 0.000000,
        "16" : 0.000000,
        "32" : 0.000000,
        "64" : 0.000000,
        ">=64" : 0.000000
      },
      "iodepth_complete" : {
        "0" : 0.000000,
        "4" : 99.999563,
        "8" : 0.000000,
        "16" : 0.100000,
        "32" : 0.000000,
        "64" : 0.000000,
        ">=64" : 0.000000
      },
      "latency_ns" : {
        "2" : 0.000000,
        "4" : 0.000000,
        "10" : 0.000000,
        "20" : 0.000000,
        "50" : 0.000000,
        "100" : 0.000000,
        "250" : 0.000000,
        "500" : 0.000000,
        "750" : 0.000000,
        "1000" : 0.000000
      },
      "latency_us" : {
        "2" : 0.000000,
        "4" : 0.000000,
        "10" : 0.000000,
        "20" : 0.000000,
        "50" : 0.000000,
        "100" : 2.374822,
        "250" : 2.240576,
        "500" : 3.148297,
        "750" : 2.527202,
        "1000" : 3.097832
      },
      "latency_ms" : {
        "2" : 18.106915,
        "4" : 24.308586,
        "10" : 37.750729,
        "20" : 6.445041,
        "50" : 0.000000,
        "100" : 0.000000,
        "250" : 0.000000,
        "500" : 0.000000,
        "750" : 0.000000,
        "1000" : 0.000000,
        "2000" : 0.000000,
        ">=2000" : 0.000000
      },
      "latency_depth" : 16,
      "latency_target" : 0,
      "latency_percentile" : 100.000000,
      "latency_window" : 0
    }
  ],
  "disk_util" : [
    {
      "name" : "nvme3n1",
      "read_ios" : 91131,
      "write_ios" : 822798,
      "read_merges" : 0,
      "write_merges" : 0,
      "read_ticks" : 379859,
      "write_ticks" : 3448750,
      "in_queue" : 3828610,
      "util" : 99.861630
    }
  ]
}
