{
  "fio version" : "fio-3.28",
  "timestamp" : 1728155899,
  "timestamp_ms" : 1728155899422,
  "time" : "Sun Oct  6 04:18:19 2024",
  "global options" : {
    "size" : "127G",
    "direct" : "1",
    "runtime" : "60",
    "ioengine" : "libaio",
    "numjobs" : "4",
    "iodepth" : "16"
  },
  "jobs" : [
    {
      "jobname" : "rand-rw-async-4k-90",
      "groupid" : 0,
      "error" : 0,
      "eta" : 0,
      "elapsed" : 61,
      "job options" : {
        "rw" : "randrw",
        "random_distribution" : "random",
        "rwmixread" : "90",
        "bs" : "4k",
        "filename" : "/dev/nvme3n1"
      },
      "read" : {
        "io_bytes" : 18532274176,
        "io_kbytes" : 18097924,
        "bw_bytes" : 308860940,
        "bw" : 301622,
        "iops" : 75405.503150,
        "runtime" : 60002,
        "total_ios" : 4524481,
        "short_ios" : 0,
        "drop_ios" : 0,
        "slat_ns" : {
          "min" : 1450,
          "max" : 374478,
          "mean" : 1837.616153,
          "stddev" : 383.257111,
          "N" : 4524481
        },
        "clat_ns" : {
          "min" : 4250,
          "max" : 5610194,
          "mean" : 761521.378679,
          "stddev" : 640328.575691,
          "N" : 4524481,
          "percentile" : {
            "1.000000" : 80384,
            "5.000000" : 88576,
            "10.000000" : 96768,
            "20.000000" : 127488,
            "30.000000" : 228352,
            "40.000000" : 403456,
            "50.000000" : 610304,
            "60.000000" : 856064,
            "70.000000" : 1089536,
            "80.000000" : 1318912,
            "90.000000" : 1646592,
            "95.000000" : 1941504,
            "99.000000" : 2605056,
            "99.500000" : 2899968,
            "99.900000" : 3391488,
            "99.950000" : 3588096,
            "99.990000" : 3981312
          }
        },
        "lat_ns" : {
          "min" : 5950,
          "max" : 5611874,
          "mean" : 763404.487710,
          "stddev" : 640328.138389,
          "N" : 4524481
        },
        "bw_min" : 285584,
        "bw_max" : 317456,
        "bw_agg" : 100.000000,
        "bw_mean" : 301734.521008,
        "bw_dev" : 1723.372222,
        "bw_samples" : 476,
        "iops_min" : 71396,
        "iops_max" : 79364,
        "iops_mean" : 75433.630252,
        "iops_stddev" : 430.843055,
        "iops_samples" : 476
      },
      "write" : {
        "io_bytes" : 2068393984,
        "io_kbytes" : 2019916,
        "bw_bytes" : 34472083,
        "bw" : 33664,
        "iops" : 8416.036132,
        "runtime" : 60002,
        "total_ios" : 504979,
        "short_ios" : 0,
        "drop_ios" : 0,
        "slat_ns" : {
          "min" : 1480,
          "max" : 10440,
          "mean" : 1898.072825,
          "stddev" : 347.513323,
          "N" : 504979
        },
        "clat_ns" : {
          "min" : 78447,
          "max" : 5370292,
          "mean" : 759791.770937,
          "stddev" : 641028.985620,
          "N" : 504979,
          "percentile" : {
            "1.000000" : 81408,
            "5.000000" : 86528,
            "10.000000" : 94720,
            "20.000000" : 125440,
            "30.000000" : 226304,
            "40.000000" : 399360,
            "50.000000" : 610304,
            "60.000000" : 847872,
            "70.000000" : 1089536,
            "80.000000" : 1318912,
            "90.000000" : 1646592,
            "95.000000" : 1941504,
            "99.000000" : 2605056,
            "99.500000" : 2899968,
            "99.900000" : 3391488,
            "99.950000" : 3588096,
            "99.990000" : 4079616
          }
        },
        "lat_ns" : {
          "min" : 80547,
          "max" : 5372222,
          "mean" : 761735.447797,
          "stddev" : 641027.536768,
          "N" : 504979
        },
        "bw_min" : 30968,
        "bw_max" : 36528,
        "bw_agg" : 100.000000,
        "bw_mean" : 33674.151261,
        "bw_dev" : 285.010743,
        "bw_samples" : 476,
        "iops_min" : 7742,
        "iops_max" : 9132,
        "iops_mean" : 8418.537815,
        "iops_stddev" : 71.252686,
        "iops_samples" : 476
      },
      "trim" : {
        "io_bytes" : 0,
        "io_kbytes" : 0,
        "bw_bytes" : 0,
        "bw" : 0,
        "iops" : 0.000000,
        "runtime" : 0,
        "total_ios" : 0,
        "short_ios" : 0,
        "drop_ios" : 0,
        "slat_ns" : {
          "min" : 0,
          "max" : 0,
          "mean" : 0.000000,
          "stddev" : 0.000000,
          "N" : 0
        },
        "clat_ns" : {
          "min" : 0,
          "max" : 0,
          "mean" : 0.000000,
          "stddev" : 0.000000,
          "N" : 0
        },
        "lat_ns" : {
          "min" : 0,
          "max" : 0,
          "mean" : 0.000000,
          "stddev" : 0.000000,
          "N" : 0
        },
        "bw_min" : 0,
        "bw_max" : 0,
        "bw_agg" : 0.000000,
        "bw_mean" : 0.000000,
        "bw_dev" : 0.000000,
        "bw_samples" : 0,
        "iops_min" : 0,
        "iops_max" : 0,
        "iops_mean" : 0.000000,
        "iops_stddev" : 0.000000,
        "iops_samples" : 0
      },
      "sync" : {
        "total_ios" : 0,
        "lat_ns" : {
          "min" : 0,
          "max" : 0,
          "mean" : 0.000000,
          "stddev" : 0.000000,
          "N" : 0
        }
      },
      "job_runtime" : 240004,
      "usr_cpu" : 1.856636,
      "sys_cpu" : 8.065282,
      "ctx" : 4438490,
      "majf" : 0,
      "minf" : 62,
      "iodepth_level" : {
        "1" : 0.100000,
        "2" : 0.100000,
        "4" : 0.100000,
        "8" : 0.100000,
        "16" : 99.998807,
        "32" : 0.000000,
        ">=64" : 0.000000
      },
      "iodepth_submit" : {
        "0" : 0.000000,
        "4" : 100.000000,
        "8" : 0.000000,
        "16" : 0.000000,
        "32" : 0.000000,
        "64" : 0.000000,
        ">=64" : 0.000000
      },
      "iodepth_complete" : {
        "0" : 0.000000,
        "4" : 99.999920,
        "8" : 0.000000,
        "16" : 0.100000,
        "32" : 0.000000,
        "64" : 0.000000,
        ">=64" : 0.000000
      },
      "latency_ns" : {
        "2" : 0.000000,
        "4" : 0.000000,
        "10" : 0.000000,
        "20" : 0.000000,
        "50" : 0.000000,
        "100" : 0.000000,
        "250" : 0.000000,
        "500" : 0.000000,
        "750" : 0.000000,
        "1000" : 0.000000
      },
      "latency_us" : {
        "2" : 0.000000,
        "4" : 0.000000,
        "10" : 0.010000,
        "20" : 0.000000,
        "50" : 0.000000,
        "100" : 12.178146,
        "250" : 19.135772,
        "500" : 13.643711,
        "750" : 10.888246,
        "1000" : 10.157512
      },
      "latency_ms" : {
        "2" : 29.719711,
        "4" : 4.266542,
        "10" : 0.010279,
        "20" : 0.000000,
        "50" : 0.000000,
        "100" : 0.000000,
        "250" : 0.000000,
        "500" : 0.000000,
        "750" : 0.000000,
        "1000" : 0.000000,
        "2000" : 0.000000,
        ">=2000" : 0.000000
      },
      "latency_depth" : 16,
      "latency_target" : 0,
      "latency_percentile" : 100.000000,
      "latency_window" : 0
    }
  ],
  "disk_util" : [
    {
      "name" : "nvme3n1",
      "read_ios" : 4516819,
      "write_ios" : 504105,
      "read_merges" : 0,
      "write_merges" : 0,
      "read_ticks" : 3428641,
      "write_ticks" : 381778,
      "in_queue" : 3810419,
      "util" : 99.861627
    }
  ]
}
