{
  "fio version" : "fio-3.28",
  "timestamp" : 1728155174,
  "timestamp_ms" : 1728155174597,
  "time" : "Sun Oct  6 04:06:14 2024",
  "global options" : {
    "size" : "127G",
    "direct" : "1",
    "runtime" : "60",
    "ioengine" : "libaio",
    "numjobs" : "4",
    "iodepth" : "16"
  },
  "jobs" : [
    {
      "jobname" : "rand-rw-async-32k-10",
      "groupid" : 0,
      "error" : 0,
      "eta" : 0,
      "elapsed" : 61,
      "job options" : {
        "rw" : "randrw",
        "random_distribution" : "random",
        "rwmixread" : "10",
        "bs" : "32k",
        "filename" : "/dev/nvme3n1"
      },
      "read" : {
        "io_bytes" : 1809121280,
        "io_kbytes" : 1766720,
        "bw_bytes" : 30142476,
        "bw" : 29436,
        "iops" : 919.875373,
        "runtime" : 60019,
        "total_ios" : 55210,
        "short_ios" : 0,
        "drop_ios" : 0,
        "slat_ns" : {
          "min" : 2390,
          "max" : 16310,
          "mean" : 3047.204021,
          "stddev" : 618.875390,
          "N" : 55210
        },
        "clat_ns" : {
          "min" : 260769,
          "max" : 35141054,
          "mean" : 10748072.975204,
          "stddev" : 3942934.402653,
          "N" : 55210,
          "percentile" : {
            "1.000000" : 3686400,
            "5.000000" : 5079040,
            "10.000000" : 5996544,
            "20.000000" : 7307264,
            "30.000000" : 8454144,
            "40.000000" : 9371648,
            "50.000000" : 10289152,
            "60.000000" : 11337728,
            "70.000000" : 12517376,
            "80.000000" : 13959168,
            "90.000000" : 16056320,
            "95.000000" : 17956864,
            "99.000000" : 21626880,
            "99.500000" : 23199744,
            "99.900000" : 26607616,
            "99.950000" : 27918336,
            "99.990000" : 30801920
          }
        },
        "lat_ns" : {
          "min" : 267849,
          "max" : 35144324,
          "mean" : 10751168.481398,
          "stddev" : 3942954.230124,
          "N" : 55210
        },
        "bw_min" : 16256,
        "bw_max" : 51008,
        "bw_agg" : 99.945605,
        "bw_mean" : 29420.921008,
        "bw_dev" : 2212.949871,
        "bw_samples" : 477,
        "iops_min" : 508,
        "iops_max" : 1594,
        "iops_mean" : 919.403782,
        "iops_stddev" : 69.154683,
        "iops_samples" : 477
      },
      "write" : {
        "io_bytes" : 16332423168,
        "io_kbytes" : 15949632,
        "bw_bytes" : 272120881,
        "bw" : 265743,
        "iops" : 8304.470251,
        "runtime" : 60019,
        "total_ios" : 498426,
        "short_ios" : 0,
        "drop_ios" : 0,
        "slat_ns" : {
          "min" : 2480,
          "max" : 18260,
          "mean" : 3438.126213,
          "stddev" : 604.434968,
          "N" : 498426
        },
        "clat_ns" : {
          "min" : 22870,
          "max" : 28125494,
          "mean" : 6510556.955123,
          "stddev" : 2953702.265310,
          "N" : 498426,
          "percentile" : {
            "1.000000" : 1695744,
            "5.000000" : 2637824,
            "10.000000" : 3194880,
            "20.000000" : 3883008,
            "30.000000" : 4620288,
            "40.000000" : 5210112,
            "50.000000" : 6062080,
            "60.000000" : 6848512,
            "70.000000" : 7766016,
            "80.000000" : 8847360,
            "90.000000" : 10420224,
            "95.000000" : 11993088,
            "99.000000" : 15007744,
            "99.500000" : 16318464,
            "99.900000" : 19791872,
            "99.950000" : 21626880,
            "99.990000" : 24248320
          }
        },
        "lat_ns" : {
          "min" : 25530,
          "max" : 28129734,
          "mean" : 6514043.450085,
          "stddev" : 2953721.340404,
          "N" : 498426
        },
        "bw_min" : 168384,
        "bw_max" : 454144,
        "bw_agg" : 99.970254,
        "bw_mean" : 265664.519888,
        "bw_dev" : 19287.250209,
        "bw_samples" : 477,
        "iops_min" : 5262,
        "iops_max" : 14192,
        "iops_mean" : 8302.016246,
        "iops_stddev" : 602.726569,
        "iops_samples" : 477
      },
      "trim" : {
        "io_bytes" : 0,
        "io_kbytes" : 0,
        "bw_bytes" : 0,
        "bw" : 0,
        "iops" : 0.000000,
        "runtime" : 0,
        "total_ios" : 0,
        "short_ios" : 0,
        "drop_ios" : 0,
        "slat_ns" : {
          "min" : 0,
          "max" : 0,
          "mean" : 0.000000,
          "stddev" : 0.000000,
          "N" : 0
        },
        "clat_ns" : {
          "min" : 0,
          "max" : 0,
          "mean" : 0.000000,
          "stddev" : 0.000000,
          "N" : 0
        },
        "lat_ns" : {
          "min" : 0,
          "max" : 0,
          "mean" : 0.000000,
          "stddev" : 0.000000,
          "N" : 0
        },
        "bw_min" : 0,
        "bw_max" : 0,
        "bw_agg" : 0.000000,
        "bw_mean" : 0.000000,
        "bw_dev" : 0.000000,
        "bw_samples" : 0,
        "iops_min" : 0,
        "iops_max" : 0,
        "iops_mean" : 0.000000,
        "iops_stddev" : 0.000000,
        "iops_samples" : 0
      },
      "sync" : {
        "total_ios" : 0,
        "lat_ns" : {
          "min" : 0,
          "max" : 0,
          "mean" : 0.000000,
          "stddev" : 0.000000,
          "N" : 0
        }
      },
      "job_runtime" : 240034,
      "usr_cpu" : 0.497846,
      "sys_cpu" : 1.180666,
      "ctx" : 540856,
      "majf" : 0,
      "minf" : 63,
      "iodepth_level" : {
        "1" : 0.100000,
        "2" : 0.100000,
        "4" : 0.100000,
        "8" : 0.100000,
        "16" : 99.989163,
        "32" : 0.000000,
        ">=64" : 0.000000
      },
      "iodepth_submit" : {
        "0" : 0.000000,
        "4" : 100.000000,
        "8" : 0.000000,
        "16" : 0.000000,
        "32" : 0.000000,
        "64" : 0.000000,
        ">=64" : 0.000000
      },
      "iodepth_complete" : {
        "0" : 0.000000,
        "4" : 99.999277,
        "8" : 0.000000,
        "16" : 0.100000,
        "32" : 0.000000,
        "64" : 0.000000,
        ">=64" : 0.000000
      },
      "latency_ns" : {
        "2" : 0.000000,
        "4" : 0.000000,
        "10" : 0.000000,
        "20" : 0.000000,
        "50" : 0.000000,
        "100" : 0.000000,
        "250" : 0.000000,
        "500" : 0.000000,
        "750" : 0.000000,
        "1000" : 0.000000
      },
      "latency_us" : {
        "2" : 0.000000,
        "4" : 0.000000,
        "10" : 0.000000,
        "20" : 0.000000,
        "50" : 0.010000,
        "100" : 0.016076,
        "250" : 0.050394,
        "500" : 0.074056,
        "750" : 0.071166,
        "1000" : 0.085435
      },
      "latency_ms" : {
        "2" : 1.094763,
        "4" : 18.354478,
        "10" : 63.691306,
        "20" : 16.264477,
        "50" : 0.288457,
        "100" : 0.000000,
        "250" : 0.000000,
        "500" : 0.000000,
        "750" : 0.000000,
        "1000" : 0.000000,
        "2000" : 0.000000,
        ">=2000" : 0.000000
      },
      "latency_depth" : 16,
      "latency_target" : 0,
      "latency_percentile" : 100.000000,
      "latency_window" : 0
    }
  ],
  "disk_util" : [
    {
      "name" : "nvme3n1",
      "read_ios" : 55204,
      "write_ios" : 497490,
      "read_merges" : 0,
      "write_merges" : 0,
      "read_ticks" : 592209,
      "write_ticks" : 3237258,
      "in_queue" : 3829467,
      "util" : 99.861630
    }
  ]
}
