{
  "fio version" : "fio-3.28",
  "timestamp" : 1736016585,
  "timestamp_ms" : 1736016585266,
  "time" : "Sun Jan  5 03:49:45 2025",
  "global options" : {
    "bs" : "8k",
    "ioengine" : "io_uring",
    "filesize" : "4G",
    "numjobs" : "4",
    "iodepth" : "32",
    "group_reporting" : "1",
    "runtime" : "60",
    "direct" : "1",
    "thread" : "1",
    "time_based" : "1",
    "filename" : "/dev/nvme3n1"
  },
  "jobs" : [
    {
      "jobname" : "seqread",
      "groupid" : 0,
      "error" : 0,
      "eta" : 0,
      "elapsed" : 61,
      "job options" : {
        "rw" : "read"
      },
      "read" : {
        "io_bytes" : 168330690560,
        "io_kbytes" : 164385440,
        "bw_bytes" : 2805464751,
        "bw" : 2739711,
        "iops" : 342463.958934,
        "runtime" : 60001,
        "total_ios" : 20548180,
        "short_ios" : 0,
        "drop_ios" : 0,
        "slat_ns" : {
          "min" : 1540,
          "max" : 66460,
          "mean" : 2191.291752,
          "stddev" : 655.493620,
          "N" : 20548180
        },
        "clat_ns" : {
          "min" : 63880,
          "max" : 1660753,
          "mean" : 371331.357412,
          "stddev" : 233006.953261,
          "N" : 20548180,
          "percentile" : {
            "1.000000" : 100864,
            "5.000000" : 136192,
            "10.000000" : 160768,
            "20.000000" : 191488,
            "30.000000" : 220160,
            "40.000000" : 246784,
            "50.000000" : 280576,
            "60.000000" : 329728,
            "70.000000" : 428032,
            "80.000000" : 561152,
            "90.000000" : 724992,
            "95.000000" : 872448,
            "99.000000" : 1073152,
            "99.500000" : 1138688,
            "99.900000" : 1286144,
            "99.950000" : 1351680,
            "99.990000" : 1515520
          }
        },
        "lat_ns" : {
          "min" : 67420,
          "max" : 1662693,
          "mean" : 373569.610883,
          "stddev" : 233013.526860,
          "N" : 20548180
        },
        "bw_min" : 2732768,
        "bw_max" : 2746368,
        "bw_agg" : 100.000000,
        "bw_mean" : 2740604.773109,
        "bw_dev" : 643.748801,
        "bw_samples" : 476,
        "iops_min" : 341596,
        "iops_max" : 343296,
        "iops_mean" : 342575.579832,
        "iops_stddev" : 80.466575,
        "iops_samples" : 476
      },
      "write" : {
        "io_bytes" : 0,
        "io_kbytes" : 0,
        "bw_bytes" : 0,
        "bw" : 0,
        "iops" : 0.000000,
        "runtime" : 0,
        "total_ios" : 0,
        "short_ios" : 0,
        "drop_ios" : 0,
        "slat_ns" : {
          "min" : 0,
          "max" : 0,
          "mean" : 0.000000,
          "stddev" : 0.000000,
          "N" : 0
        },
        "clat_ns" : {
          "min" : 0,
          "max" : 0,
          "mean" : 0.000000,
          "stddev" : 0.000000,
          "N" : 0
        },
        "lat_ns" : {
          "min" : 0,
          "max" : 0,
          "mean" : 0.000000,
          "stddev" : 0.000000,
          "N" : 0
        },
        "bw_min" : 0,
        "bw_max" : 0,
        "bw_agg" : 0.000000,
        "bw_mean" : 0.000000,
        "bw_dev" : 0.000000,
        "bw_samples" : 0,
        "iops_min" : 0,
        "iops_max" : 0,
        "iops_mean" : 0.000000,
        "iops_stddev" : 0.000000,
        "iops_samples" : 0
      },
      "trim" : {
        "io_bytes" : 0,
        "io_kbytes" : 0,
        "bw_bytes" : 0,
        "bw" : 0,
        "iops" : 0.000000,
        "runtime" : 0,
        "total_ios" : 0,
        "short_ios" : 0,
        "drop_ios" : 0,
        "slat_ns" : {
          "min" : 0,
          "max" : 0,
          "mean" : 0.000000,
          "stddev" : 0.000000,
          "N" : 0
        },
        "clat_ns" : {
          "min" : 0,
          "max" : 0,
          "mean" : 0.000000,
          "stddev" : 0.000000,
          "N" : 0
        },
        "lat_ns" : {
          "min" : 0,
          "max" : 0,
          "mean" : 0.000000,
          "stddev" : 0.000000,
          "N" : 0
        },
        "bw_min" : 0,
        "bw_max" : 0,
        "bw_agg" : 0.000000,
        "bw_mean" : 0.000000,
        "bw_dev" : 0.000000,
        "bw_samples" : 0,
        "iops_min" : 0,
        "iops_max" : 0,
        "iops_mean" : 0.000000,
        "iops_stddev" : 0.000000,
        "iops_samples" : 0
      },
      "sync" : {
        "total_ios" : 0,
        "lat_ns" : {
          "min" : 0,
          "max" : 0,
          "mean" : 0.000000,
          "stddev" : 0.000000,
          "N" : 0
        }
      },
      "job_runtime" : 240000,
      "usr_cpu" : 4.399583,
      "sys_cpu" : 33.147500,
      "ctx" : 13537147,
      "majf" : 0,
      "minf" : 256,
      "iodepth_level" : {
        "1" : 0.100000,
        "2" : 0.100000,
        "4" : 0.100000,
        "8" : 0.100000,
        "16" : 0.100000,
        "32" : 99.999397,
        ">=64" : 0.000000
      },
      "iodepth_submit" : {
        "0" : 0.000000,
        "4" : 100.000000,
        "8" : 0.000000,
        "16" : 0.000000,
        "32" : 0.000000,
        "64" : 0.000000,
        ">=64" : 0.000000
      },
      "iodepth_complete" : {
        "0" : 0.000000,
        "4" : 99.999981,
        "8" : 0.000000,
        "16" : 0.000000,
        "32" : 0.100000,
        "64" : 0.000000,
        ">=64" : 0.000000
      },
      "latency_ns" : {
        "2" : 0.000000,
        "4" : 0.000000,
        "10" : 0.000000,
        "20" : 0.000000,
        "50" : 0.000000,
        "100" : 0.000000,
        "250" : 0.000000,
        "500" : 0.000000,
        "750" : 0.000000,
        "1000" : 0.000000
      },
      "latency_us" : {
        "2" : 0.000000,
        "4" : 0.000000,
        "10" : 0.000000,
        "20" : 0.000000,
        "50" : 0.000000,
        "100" : 0.923157,
        "250" : 40.222404,
        "500" : 34.718583,
        "750" : 15.200193,
        "1000" : 6.975640
      },
      "latency_ms" : {
        "2" : 1.960023,
        "4" : 0.000000,
        "10" : 0.000000,
        "20" : 0.000000,
        "50" : 0.000000,
        "100" : 0.000000,
        "250" : 0.000000,
        "500" : 0.000000,
        "750" : 0.000000,
        "1000" : 0.000000,
        "2000" : 0.000000,
        ">=2000" : 0.000000
      },
      "latency_depth" : 32,
      "latency_target" : 0,
      "latency_percentile" : 100.000000,
      "latency_window" : 0
    }
  ],
  "disk_util" : [
    {
      "name" : "nvme3n1",
      "read_ios" : 20512218,
      "write_ios" : 0,
      "read_merges" : 0,
      "write_merges" : 0,
      "read_ticks" : 7567255,
      "write_ticks" : 0,
      "in_queue" : 7567255,
      "util" : 99.864948
    }
  ]
}
