{
  "fio version" : "fio-3.28",
  "timestamp" : 1744007973,
  "timestamp_ms" : 1744007973825,
  "time" : "Mon Apr  7 15:39:33 2025",
  "global options" : {
    "bs" : "128k",
    "ioengine" : "psync",
    "size" : "12G",
    "numjobs" : "1",
    "iodepth" : "1",
    "group_reporting" : "1",
    "direct" : "1",
    "thread" : "1",
    "filename" : "/dev/nvme3n1"
  },
  "jobs" : [
    {
      "jobname" : "randwrite",
      "groupid" : 0,
      "error" : 0,
      "eta" : 0,
      "elapsed" : 5,
      "job options" : {
        "rw" : "randrw"
      },
      "read" : {
        "io_bytes" : 6462373888,
        "io_kbytes" : 6310912,
        "bw_bytes" : 1541229164,
        "bw" : 1505106,
        "iops" : 11758.645361,
        "runtime" : 4193,
        "total_ios" : 49304,
        "short_ios" : 0,
        "drop_ios" : 0,
        "slat_ns" : {
          "min" : 0,
          "max" : 0,
          "mean" : 0.000000,
          "stddev" : 0.000000,
          "N" : 0
        },
        "clat_ns" : {
          "min" : 12560,
          "max" : 54330,
          "mean" : 17519.005618,
          "stddev" : 2078.181696,
          "N" : 49304,
          "percentile" : {
            "1.000000" : 14272,
            "5.000000" : 14784,
            "10.000000" : 15168,
            "20.000000" : 15552,
            "30.000000" : 16064,
            "40.000000" : 16768,
            "50.000000" : 17536,
            "60.000000" : 18048,
            "70.000000" : 18560,
            "80.000000" : 19072,
            "90.000000" : 20096,
            "95.000000" : 20864,
            "99.000000" : 22912,
            "99.500000" : 24448,
            "99.900000" : 31616,
            "99.950000" : 35584,
            "99.990000" : 45824
          }
        },
        "lat_ns" : {
          "min" : 12580,
          "max" : 54359,
          "mean" : 17545.031133,
          "stddev" : 2082.632776,
          "N" : 49304
        },
        "bw_min" : 1462784,
        "bw_max" : 1539840,
        "bw_agg" : 100.000000,
        "bw_mean" : 1506208.000000,
        "bw_dev" : 27158.050340,
        "bw_samples" : 8,
        "iops_min" : 11428,
        "iops_max" : 12030,
        "iops_mean" : 11767.250000,
        "iops_stddev" : 212.172268,
        "iops_samples" : 8
      },
      "write" : {
        "io_bytes" : 6422528000,
        "io_kbytes" : 6272000,
        "bw_bytes" : 1531726210,
        "bw" : 1495826,
        "iops" : 11686.143573,
        "runtime" : 4193,
        "total_ios" : 49000,
        "short_ios" : 0,
        "drop_ios" : 0,
        "slat_ns" : {
          "min" : 0,
          "max" : 0,
          "mean" : 0.000000,
          "stddev" : 0.000000,
          "N" : 0
        },
        "clat_ns" : {
          "min" : 63109,
          "max" : 96568,
          "mean" : 64877.596327,
          "stddev" : 1242.920556,
          "N" : 49000,
          "percentile" : {
            "1.000000" : 63744,
            "5.000000" : 63744,
            "10.000000" : 63744,
            "20.000000" : 64256,
            "30.000000" : 64256,
            "40.000000" : 64256,
            "50.000000" : 64256,
            "60.000000" : 64768,
            "70.000000" : 64768,
            "80.000000" : 65280,
            "90.000000" : 66048,
            "95.000000" : 67072,
            "99.000000" : 69120,
            "99.500000" : 70144,
            "99.900000" : 77312,
            "99.950000" : 81408,
            "99.990000" : 86528
          }
        },
        "lat_ns" : {
          "min" : 64419,
          "max" : 102798,
          "mean" : 67325.069776,
          "stddev" : 1386.160134,
          "N" : 49000
        },
        "bw_min" : 1485824,
        "bw_max" : 1520384,
        "bw_agg" : 100.000000,
        "bw_mean" : 1496064.000000,
        "bw_dev" : 10879.247033,
        "bw_samples" : 8,
        "iops_min" : 11608,
        "iops_max" : 11878,
        "iops_mean" : 11688.000000,
        "iops_stddev" : 84.994117,
        "iops_samples" : 8
      },
      "trim" : {
        "io_bytes" : 0,
        "io_kbytes" : 0,
        "bw_bytes" : 0,
        "bw" : 0,
        "iops" : 0.000000,
        "runtime" : 0,
        "total_ios" : 0,
        "short_ios" : 0,
        "drop_ios" : 0,
        "slat_ns" : {
          "min" : 0,
          "max" : 0,
          "mean" : 0.000000,
          "stddev" : 0.000000,
          "N" : 0
        },
        "clat_ns" : {
          "min" : 0,
          "max" : 0,
          "mean" : 0.000000,
          "stddev" : 0.000000,
          "N" : 0
        },
        "lat_ns" : {
          "min" : 0,
          "max" : 0,
          "mean" : 0.000000,
          "stddev" : 0.000000,
          "N" : 0
        },
        "bw_min" : 0,
        "bw_max" : 0,
        "bw_agg" : 0.000000,
        "bw_mean" : 0.000000,
        "bw_dev" : 0.000000,
        "bw_samples" : 0,
        "iops_min" : 0,
        "iops_max" : 0,
        "iops_mean" : 0.000000,
        "iops_stddev" : 0.000000,
        "iops_samples" : 0
      },
      "sync" : {
        "total_ios" : 0,
        "lat_ns" : {
          "min" : 0,
          "max" : 0,
          "mean" : 0.000000,
          "stddev" : 0.000000,
          "N" : 0
        }
      },
      "job_runtime" : 4192,
      "usr_cpu" : 5.391221,
      "sys_cpu" : 15.028626,
      "ctx" : 98344,
      "majf" : 0,
      "minf" : 0,
      "iodepth_level" : {
        "1" : 100.000000,
        "2" : 0.000000,
        "4" : 0.000000,
        "8" : 0.000000,
        "16" : 0.000000,
        "32" : 0.000000,
        ">=64" : 0.000000
      },
      "iodepth_submit" : {
        "0" : 0.000000,
        "4" : 100.000000,
        "8" : 0.000000,
        "16" : 0.000000,
        "32" : 0.000000,
        "64" : 0.000000,
        ">=64" : 0.000000
      },
      "iodepth_complete" : {
        "0" : 0.000000,
        "4" : 100.000000,
        "8" : 0.000000,
        "16" : 0.000000,
        "32" : 0.000000,
        "64" : 0.000000,
        ">=64" : 0.000000
      },
      "latency_ns" : {
        "2" : 0.000000,
        "4" : 0.000000,
        "10" : 0.000000,
        "20" : 0.000000,
        "50" : 0.000000,
        "100" : 0.000000,
        "250" : 0.000000,
        "500" : 0.000000,
        "750" : 0.000000,
        "1000" : 0.000000
      },
      "latency_us" : {
        "2" : 0.000000,
        "4" : 0.000000,
        "10" : 0.000000,
        "20" : 45.189412,
        "50" : 4.964193,
        "100" : 49.846395,
        "250" : 0.000000,
        "500" : 0.000000,
        "750" : 0.000000,
        "1000" : 0.000000
      },
      "latency_ms" : {
        "2" : 0.000000,
        "4" : 0.000000,
        "10" : 0.000000,
        "20" : 0.000000,
        "50" : 0.000000,
        "100" : 0.000000,
        "250" : 0.000000,
        "500" : 0.000000,
        "750" : 0.000000,
        "1000" : 0.000000,
        "2000" : 0.000000,
        ">=2000" : 0.000000
      },
      "latency_depth" : 1,
      "latency_target" : 0,
      "latency_percentile" : 100.000000,
      "latency_window" : 0
    }
  ],
  "disk_util" : [
    {
      "name" : "nvme3n1",
      "read_ios" : 48793,
      "write_ios" : 48439,
      "read_merges" : 0,
      "write_merges" : 0,
      "read_ticks" : 551,
      "write_ticks" : 2866,
      "in_queue" : 3417,
      "util" : 83.085984
    }
  ]
}
