{
  "fio version" : "fio-3.28",
  "timestamp" : 1744007811,
  "timestamp_ms" : 1744007811609,
  "time" : "Mon Apr  7 15:36:51 2025",
  "global options" : {
    "bs" : "4k",
    "ioengine" : "io_uring",
    "size" : "12G",
    "numjobs" : "4",
    "iodepth" : "16",
    "group_reporting" : "1",
    "direct" : "1",
    "thread" : "1",
    "filename" : "/dev/nvme3n1"
  },
  "jobs" : [
    {
      "jobname" : "randwrite",
      "groupid" : 0,
      "error" : 0,
      "eta" : 0,
      "elapsed" : 105,
      "job options" : {
        "rw" : "randrw"
      },
      "read" : {
        "io_bytes" : 25780232192,
        "io_kbytes" : 25176008,
        "bw_bytes" : 247596398,
        "bw" : 241793,
        "iops" : 60448.339448,
        "runtime" : 104122,
        "total_ios" : 6294002,
        "short_ios" : 0,
        "drop_ios" : 0,
        "slat_ns" : {
          "min" : 1230,
          "max" : 43419,
          "mean" : 1577.309697,
          "stddev" : 358.682213,
          "N" : 6294002
        },
        "clat_ns" : {
          "min" : 50,
          "max" : 11718943,
          "mean" : 1040102.152431,
          "stddev" : 945756.981238,
          "N" : 6294002,
          "percentile" : {
            "1.000000" : 5664,
            "5.000000" : 8256,
            "10.000000" : 19328,
            "20.000000" : 152576,
            "30.000000" : 370688,
            "40.000000" : 593920,
            "50.000000" : 831488,
            "60.000000" : 1089536,
            "70.000000" : 1400832,
            "80.000000" : 1794048,
            "90.000000" : 2342912,
            "95.000000" : 2834432,
            "99.000000" : 3784704,
            "99.500000" : 4145152,
            "99.900000" : 5537792,
            "99.950000" : 8028160,
            "99.990000" : 9895936
          }
        },
        "lat_ns" : {
          "min" : 4170,
          "max" : 11720793,
          "mean" : 1041724.147045,
          "stddev" : 945749.820170,
          "N" : 6294002
        },
        "bw_min" : 208680,
        "bw_max" : 571640,
        "bw_agg" : 100.000000,
        "bw_mean" : 241897.038462,
        "bw_dev" : 14590.189112,
        "bw_samples" : 832,
        "iops_min" : 52170,
        "iops_max" : 142910,
        "iops_mean" : 60474.259615,
        "iops_stddev" : 3647.547278,
        "iops_samples" : 832
      },
      "write" : {
        "io_bytes" : 25759375360,
        "io_kbytes" : 25155640,
        "bw_bytes" : 247396086,
        "bw" : 241597,
        "iops" : 60399.435278,
        "runtime" : 104122,
        "total_ios" : 6288910,
        "short_ios" : 0,
        "drop_ios" : 0,
        "slat_ns" : {
          "min" : 1220,
          "max" : 190645,
          "mean" : 1564.945346,
          "stddev" : 388.152450,
          "N" : 6288910
        },
        "clat_ns" : {
          "min" : 50,
          "max" : 2290594,
          "mean" : 14762.739759,
          "stddev" : 13656.264095,
          "N" : 6288910,
          "percentile" : {
            "1.000000" : 9536,
            "5.000000" : 10048,
            "10.000000" : 10432,
            "20.000000" : 10944,
            "30.000000" : 11456,
            "40.000000" : 11968,
            "50.000000" : 12352,
            "60.000000" : 12992,
            "70.000000" : 13888,
            "80.000000" : 15168,
            "90.000000" : 18048,
            "95.000000" : 21888,
            "99.000000" : 63744,
            "99.500000" : 124416,
            "99.900000" : 201728,
            "99.950000" : 222208,
            "99.990000" : 257024
          }
        },
        "lat_ns" : {
          "min" : 8820,
          "max" : 2293094,
          "mean" : 16372.334559,
          "stddev" : 13709.019976,
          "N" : 6288910
        },
        "bw_min" : 206456,
        "bw_max" : 575776,
        "bw_agg" : 100.000000,
        "bw_mean" : 241704.269231,
        "bw_dev" : 14668.683076,
        "bw_samples" : 832,
        "iops_min" : 51614,
        "iops_max" : 143944,
        "iops_mean" : 60426.067308,
        "iops_stddev" : 3667.170769,
        "iops_samples" : 832
      },
      "trim" : {
        "io_bytes" : 0,
        "io_kbytes" : 0,
        "bw_bytes" : 0,
        "bw" : 0,
        "iops" : 0.000000,
        "runtime" : 0,
        "total_ios" : 0,
        "short_ios" : 0,
        "drop_ios" : 0,
        "slat_ns" : {
          "min" : 0,
          "max" : 0,
          "mean" : 0.000000,
          "stddev" : 0.000000,
          "N" : 0
        },
        "clat_ns" : {
          "min" : 0,
          "max" : 0,
          "mean" : 0.000000,
          "stddev" : 0.000000,
          "N" : 0
        },
        "lat_ns" : {
          "min" : 0,
          "max" : 0,
          "mean" : 0.000000,
          "stddev" : 0.000000,
          "N" : 0
        },
        "bw_min" : 0,
        "bw_max" : 0,
        "bw_agg" : 0.000000,
        "bw_mean" : 0.000000,
        "bw_dev" : 0.000000,
        "bw_samples" : 0,
        "iops_min" : 0,
        "iops_max" : 0,
        "iops_mean" : 0.000000,
        "iops_stddev" : 0.000000,
        "iops_samples" : 0
      },
      "sync" : {
        "total_ios" : 0,
        "lat_ns" : {
          "min" : 0,
          "max" : 0,
          "mean" : 0.000000,
          "stddev" : 0.000000,
          "N" : 0
        }
      },
      "job_runtime" : 416395,
      "usr_cpu" : 2.093445,
      "sys_cpu" : 10.497965,
      "ctx" : 10792077,
      "majf" : 0,
      "minf" : 0,
      "iodepth_level" : {
        "1" : 0.100000,
        "2" : 0.100000,
        "4" : 0.100000,
        "8" : 0.100000,
        "16" : 99.999523,
        "32" : 0.000000,
        ">=64" : 0.000000
      },
      "iodepth_submit" : {
        "0" : 0.000000,
        "4" : 100.000000,
        "8" : 0.000000,
        "16" : 0.000000,
        "32" : 0.000000,
        "64" : 0.000000,
        ">=64" : 0.000000
      },
      "iodepth_complete" : {
        "0" : 0.000000,
        "4" : 99.999968,
        "8" : 0.000000,
        "16" : 0.100000,
        "32" : 0.000000,
        "64" : 0.000000,
        ">=64" : 0.000000
      },
      "latency_ns" : {
        "2" : 0.000000,
        "4" : 0.000000,
        "10" : 0.000000,
        "20" : 0.000000,
        "50" : 0.000000,
        "100" : 0.010000,
        "250" : 0.010000,
        "500" : 0.010000,
        "750" : 0.010000,
        "1000" : 0.010000
      },
      "latency_us" : {
        "2" : 0.010000,
        "4" : 0.024176,
        "10" : 5.309963,
        "20" : 46.303193,
        "50" : 3.460081,
        "100" : 3.363228,
        "250" : 3.570612,
        "500" : 5.931393,
        "750" : 5.432113,
        "1000" : 4.919211
      },
      "latency_ms" : {
        "2" : 13.857079,
        "4" : 7.506259,
        "10" : 0.317669,
        "20" : 0.010000,
        "50" : 0.000000,
        "100" : 0.000000,
        "250" : 0.000000,
        "500" : 0.000000,
        "750" : 0.000000,
        "1000" : 0.000000,
        "2000" : 0.000000,
        ">=2000" : 0.000000
      },
      "latency_depth" : 16,
      "latency_target" : 0,
      "latency_percentile" : 100.000000,
      "latency_window" : 0
    }
  ],
  "disk_util" : [
    {
      "name" : "nvme3n1",
      "read_ios" : 6282127,
      "write_ios" : 6277032,
      "read_merges" : 0,
      "write_merges" : 0,
      "read_ticks" : 6518165,
      "write_ticks" : 78925,
      "in_queue" : 6597091,
      "util" : 99.934592
    }
  ]
}
