{
  "fio version" : "fio-3.28",
  "timestamp" : 1743449845,
  "timestamp_ms" : 1743449845633,
  "time" : "Tue Apr  1 04:37:25 2025",
  "global options" : {
    "bs" : "256k",
    "ioengine" : "psync",
    "size" : "12G",
    "numjobs" : "1",
    "iodepth" : "1",
    "group_reporting" : "1",
    "direct" : "1",
    "thread" : "1",
    "filename" : "/dev/nvme3n1"
  },
  "jobs" : [
    {
      "jobname" : "seqwrite",
      "groupid" : 0,
      "error" : 0,
      "eta" : 0,
      "elapsed" : 7,
      "job options" : {
        "rw" : "rw"
      },
      "read" : {
        "io_bytes" : 6451363840,
        "io_kbytes" : 6300160,
        "bw_bytes" : 978665631,
        "bw" : 955728,
        "iops" : 3733.313107,
        "runtime" : 6592,
        "total_ios" : 24610,
        "short_ios" : 0,
        "drop_ios" : 0,
        "slat_ns" : {
          "min" : 0,
          "max" : 0,
          "mean" : 0.000000,
          "stddev" : 0.000000,
          "N" : 0
        },
        "clat_ns" : {
          "min" : 21269,
          "max" : 279957,
          "mean" : 140420.330069,
          "stddev" : 96746.899547,
          "N" : 24610,
          "percentile" : {
            "1.000000" : 24704,
            "5.000000" : 26240,
            "10.000000" : 27264,
            "20.000000" : 29312,
            "30.000000" : 33024,
            "40.000000" : 35584,
            "50.000000" : 203776,
            "60.000000" : 207872,
            "70.000000" : 224256,
            "80.000000" : 228352,
            "90.000000" : 236544,
            "95.000000" : 257024,
            "99.000000" : 261120,
            "99.500000" : 261120,
            "99.900000" : 264192,
            "99.950000" : 264192,
            "99.990000" : 264192
          }
        },
        "lat_ns" : {
          "min" : 21299,
          "max" : 279997,
          "mean" : 140453.195612,
          "stddev" : 96748.180098,
          "N" : 24610
        },
        "bw_min" : 720384,
        "bw_max" : 1613312,
        "bw_agg" : 99.165332,
        "bw_mean" : 947751.384615,
        "bw_dev" : 309896.888253,
        "bw_samples" : 13,
        "iops_min" : 2814,
        "iops_max" : 6302,
        "iops_mean" : 3702.153846,
        "iops_stddev" : 1210.534720,
        "iops_samples" : 13
      },
      "write" : {
        "io_bytes" : 6433538048,
        "io_kbytes" : 6282752,
        "bw_bytes" : 975961475,
        "bw" : 953087,
        "iops" : 3722.997573,
        "runtime" : 6592,
        "total_ios" : 24542,
        "short_ios" : 0,
        "drop_ios" : 0,
        "slat_ns" : {
          "min" : 0,
          "max" : 0,
          "mean" : 0.000000,
          "stddev" : 0.000000,
          "N" : 0
        },
        "clat_ns" : {
          "min" : 118599,
          "max" : 166578,
          "mean" : 121983.748146,
          "stddev" : 1526.789412,
          "N" : 24542,
          "percentile" : {
            "1.000000" : 119296,
            "5.000000" : 120320,
            "10.000000" : 120320,
            "20.000000" : 121344,
            "30.000000" : 121344,
            "40.000000" : 121344,
            "50.000000" : 122368,
            "60.000000" : 122368,
            "70.000000" : 122368,
            "80.000000" : 122368,
            "90.000000" : 123392,
            "95.000000" : 124416,
            "99.000000" : 126464,
            "99.500000" : 127488,
            "99.900000" : 144384,
            "99.950000" : 144384,
            "99.990000" : 164864
          }
        },
        "lat_ns" : {
          "min" : 121269,
          "max" : 175009,
          "mean" : 127146.919322,
          "stddev" : 1905.352880,
          "N" : 24542
        },
        "bw_min" : 702976,
        "bw_max" : 1561600,
        "bw_agg" : 99.031004,
        "bw_mean" : 943852.307692,
        "bw_dev" : 297805.627466,
        "bw_samples" : 13,
        "iops_min" : 2746,
        "iops_max" : 6100,
        "iops_mean" : 3686.923077,
        "iops_stddev" : 1163.303232,
        "iops_samples" : 13
      },
      "trim" : {
        "io_bytes" : 0,
        "io_kbytes" : 0,
        "bw_bytes" : 0,
        "bw" : 0,
        "iops" : 0.000000,
        "runtime" : 0,
        "total_ios" : 0,
        "short_ios" : 0,
        "drop_ios" : 0,
        "slat_ns" : {
          "min" : 0,
          "max" : 0,
          "mean" : 0.000000,
          "stddev" : 0.000000,
          "N" : 0
        },
        "clat_ns" : {
          "min" : 0,
          "max" : 0,
          "mean" : 0.000000,
          "stddev" : 0.000000,
          "N" : 0
        },
        "lat_ns" : {
          "min" : 0,
          "max" : 0,
          "mean" : 0.000000,
          "stddev" : 0.000000,
          "N" : 0
        },
        "bw_min" : 0,
        "bw_max" : 0,
        "bw_agg" : 0.000000,
        "bw_mean" : 0.000000,
        "bw_dev" : 0.000000,
        "bw_samples" : 0,
        "iops_min" : 0,
        "iops_max" : 0,
        "iops_mean" : 0.000000,
        "iops_stddev" : 0.000000,
        "iops_samples" : 0
      },
      "sync" : {
        "total_ios" : 0,
        "lat_ns" : {
          "min" : 0,
          "max" : 0,
          "mean" : 0.000000,
          "stddev" : 0.000000,
          "N" : 0
        }
      },
      "job_runtime" : 6591,
      "usr_cpu" : 2.230314,
      "sys_cpu" : 9.224700,
      "ctx" : 49170,
      "majf" : 0,
      "minf" : 0,
      "iodepth_level" : {
        "1" : 100.000000,
        "2" : 0.000000,
        "4" : 0.000000,
        "8" : 0.000000,
        "16" : 0.000000,
        "32" : 0.000000,
        ">=64" : 0.000000
      },
      "iodepth_submit" : {
        "0" : 0.000000,
        "4" : 100.000000,
        "8" : 0.000000,
        "16" : 0.000000,
        "32" : 0.000000,
        "64" : 0.000000,
        ">=64" : 0.000000
      },
      "iodepth_complete" : {
        "0" : 0.000000,
        "4" : 100.000000,
        "8" : 0.000000,
        "16" : 0.000000,
        "32" : 0.000000,
        "64" : 0.000000,
        ">=64" : 0.000000
      },
      "latency_ns" : {
        "2" : 0.000000,
        "4" : 0.000000,
        "10" : 0.000000,
        "20" : 0.000000,
        "50" : 0.000000,
        "100" : 0.000000,
        "250" : 0.000000,
        "500" : 0.000000,
        "750" : 0.000000,
        "1000" : 0.000000
      },
      "latency_us" : {
        "2" : 0.000000,
        "4" : 0.000000,
        "10" : 0.000000,
        "20" : 0.000000,
        "50" : 21.602376,
        "100" : 0.018311,
        "250" : 74.759928,
        "500" : 3.619385,
        "750" : 0.000000,
        "1000" : 0.000000
      },
      "latency_ms" : {
        "2" : 0.000000,
        "4" : 0.000000,
        "10" : 0.000000,
        "20" : 0.000000,
        "50" : 0.000000,
        "100" : 0.000000,
        "250" : 0.000000,
        "500" : 0.000000,
        "750" : 0.000000,
        "1000" : 0.000000,
        "2000" : 0.000000,
        ">=2000" : 0.000000
      },
      "latency_depth" : 1,
      "latency_target" : 0,
      "latency_percentile" : 100.000000,
      "latency_window" : 0
    }
  ],
  "disk_util" : [
    {
      "name" : "nvme3n1",
      "read_ios" : 23496,
      "write_ios" : 23279,
      "read_merges" : 0,
      "write_merges" : 0,
      "read_ticks" : 3181,
      "write_ticks" : 2629,
      "in_queue" : 5811,
      "util" : 92.394149
    }
  ]
}
