{
  "fio version" : "fio-3.28",
  "timestamp" : 1744008976,
  "timestamp_ms" : 1744008976229,
  "time" : "Mon Apr  7 15:56:16 2025",
  "global options" : {
    "bs" : "64k",
    "ioengine" : "psync",
    "size" : "12G",
    "numjobs" : "1",
    "iodepth" : "1",
    "group_reporting" : "1",
    "direct" : "1",
    "thread" : "1",
    "filename" : "/dev/nvme3n1"
  },
  "jobs" : [
    {
      "jobname" : "randwrite",
      "groupid" : 0,
      "error" : 0,
      "eta" : 0,
      "elapsed" : 6,
      "job options" : {
        "rw" : "randrw"
      },
      "read" : {
        "io_bytes" : 6447038464,
        "io_kbytes" : 6295936,
        "bw_bytes" : 1264621118,
        "bw" : 1234981,
        "iops" : 19296.586897,
        "runtime" : 5098,
        "total_ios" : 98374,
        "short_ios" : 0,
        "drop_ios" : 0,
        "slat_ns" : {
          "min" : 0,
          "max" : 0,
          "mean" : 0.000000,
          "stddev" : 0.000000,
          "N" : 0
        },
        "clat_ns" : {
          "min" : 9370,
          "max" : 43119,
          "mean" : 12341.737400,
          "stddev" : 1114.178282,
          "N" : 98374,
          "percentile" : {
            "1.000000" : 10304,
            "5.000000" : 10816,
            "10.000000" : 11072,
            "20.000000" : 11456,
            "30.000000" : 11712,
            "40.000000" : 11968,
            "50.000000" : 12224,
            "60.000000" : 12608,
            "70.000000" : 12864,
            "80.000000" : 13120,
            "90.000000" : 13760,
            "95.000000" : 14144,
            "99.000000" : 15552,
            "99.500000" : 15936,
            "99.900000" : 17280,
            "99.950000" : 18304,
            "99.990000" : 29312
          }
        },
        "lat_ns" : {
          "min" : 9390,
          "max" : 43149,
          "mean" : 12368.282981,
          "stddev" : 1116.958547,
          "N" : 98374
        },
        "bw_min" : 1220224,
        "bw_max" : 1269248,
        "bw_agg" : 100.000000,
        "bw_mean" : 1235724.800000,
        "bw_dev" : 14563.084020,
        "bw_samples" : 10,
        "iops_min" : 19066,
        "iops_max" : 19832,
        "iops_mean" : 19308.200000,
        "iops_stddev" : 227.548188,
        "iops_samples" : 10
      },
      "write" : {
        "io_bytes" : 6437863424,
        "io_kbytes" : 6286976,
        "bw_bytes" : 1262821385,
        "bw" : 1233224,
        "iops" : 19269.125147,
        "runtime" : 5098,
        "total_ios" : 98234,
        "short_ios" : 0,
        "drop_ios" : 0,
        "slat_ns" : {
          "min" : 0,
          "max" : 0,
          "mean" : 0.000000,
          "stddev" : 0.000000,
          "N" : 0
        },
        "clat_ns" : {
          "min" : 36129,
          "max" : 62969,
          "mean" : 37679.610583,
          "stddev" : 724.388510,
          "N" : 98234,
          "percentile" : {
            "1.000000" : 36608,
            "5.000000" : 36608,
            "10.000000" : 37120,
            "20.000000" : 37120,
            "30.000000" : 37120,
            "40.000000" : 37632,
            "50.000000" : 37632,
            "60.000000" : 37632,
            "70.000000" : 37632,
            "80.000000" : 38144,
            "90.000000" : 38656,
            "95.000000" : 38656,
            "99.000000" : 40192,
            "99.500000" : 40192,
            "99.900000" : 42240,
            "99.950000" : 42752,
            "99.990000" : 51968
          }
        },
        "lat_ns" : {
          "min" : 36760,
          "max" : 71139,
          "mean" : 38881.535965,
          "stddev" : 782.469015,
          "N" : 98234
        },
        "bw_min" : 1224832,
        "bw_max" : 1241472,
        "bw_agg" : 100.000000,
        "bw_mean" : 1233574.400000,
        "bw_dev" : 5209.895269,
        "bw_samples" : 10,
        "iops_min" : 19138,
        "iops_max" : 19398,
        "iops_mean" : 19274.600000,
        "iops_stddev" : 81.404614,
        "iops_samples" : 10
      },
      "trim" : {
        "io_bytes" : 0,
        "io_kbytes" : 0,
        "bw_bytes" : 0,
        "bw" : 0,
        "iops" : 0.000000,
        "runtime" : 0,
        "total_ios" : 0,
        "short_ios" : 0,
        "drop_ios" : 0,
        "slat_ns" : {
          "min" : 0,
          "max" : 0,
          "mean" : 0.000000,
          "stddev" : 0.000000,
          "N" : 0
        },
        "clat_ns" : {
          "min" : 0,
          "max" : 0,
          "mean" : 0.000000,
          "stddev" : 0.000000,
          "N" : 0
        },
        "lat_ns" : {
          "min" : 0,
          "max" : 0,
          "mean" : 0.000000,
          "stddev" : 0.000000,
          "N" : 0
        },
        "bw_min" : 0,
        "bw_max" : 0,
        "bw_agg" : 0.000000,
        "bw_mean" : 0.000000,
        "bw_dev" : 0.000000,
        "bw_samples" : 0,
        "iops_min" : 0,
        "iops_max" : 0,
        "iops_mean" : 0.000000,
        "iops_stddev" : 0.000000,
        "iops_samples" : 0
      },
      "sync" : {
        "total_ios" : 0,
        "lat_ns" : {
          "min" : 0,
          "max" : 0,
          "mean" : 0.000000,
          "stddev" : 0.000000,
          "N" : 0
        }
      },
      "job_runtime" : 5097,
      "usr_cpu" : 5.297234,
      "sys_cpu" : 20.678831,
      "ctx" : 196619,
      "majf" : 0,
      "minf" : 0,
      "iodepth_level" : {
        "1" : 100.000000,
        "2" : 0.000000,
        "4" : 0.000000,
        "8" : 0.000000,
        "16" : 0.000000,
        "32" : 0.000000,
        ">=64" : 0.000000
      },
      "iodepth_submit" : {
        "0" : 0.000000,
        "4" : 100.000000,
        "8" : 0.000000,
        "16" : 0.000000,
        "32" : 0.000000,
        "64" : 0.000000,
        ">=64" : 0.000000
      },
      "iodepth_complete" : {
        "0" : 0.000000,
        "4" : 100.000000,
        "8" : 0.000000,
        "16" : 0.000000,
        "32" : 0.000000,
        "64" : 0.000000,
        ">=64" : 0.000000
      },
      "latency_ns" : {
        "2" : 0.000000,
        "4" : 0.000000,
        "10" : 0.000000,
        "20" : 0.000000,
        "50" : 0.000000,
        "100" : 0.000000,
        "250" : 0.000000,
        "500" : 0.000000,
        "750" : 0.000000,
        "1000" : 0.000000
      },
      "latency_us" : {
        "2" : 0.000000,
        "4" : 0.000000,
        "10" : 0.078837,
        "20" : 49.943542,
        "50" : 49.971008,
        "100" : 0.010000,
        "250" : 0.000000,
        "500" : 0.000000,
        "750" : 0.000000,
        "1000" : 0.000000
      },
      "latency_ms" : {
        "2" : 0.000000,
        "4" : 0.000000,
        "10" : 0.000000,
        "20" : 0.000000,
        "50" : 0.000000,
        "100" : 0.000000,
        "250" : 0.000000,
        "500" : 0.000000,
        "750" : 0.000000,
        "1000" : 0.000000,
        "2000" : 0.000000,
        ">=2000" : 0.000000
      },
      "latency_depth" : 1,
      "latency_target" : 0,
      "latency_percentile" : 100.000000,
      "latency_window" : 0
    }
  ],
  "disk_util" : [
    {
      "name" : "nvme3n1",
      "read_ios" : 94606,
      "write_ios" : 94276,
      "read_merges" : 0,
      "write_merges" : 0,
      "read_ticks" : 706,
      "write_ticks" : 3117,
      "in_queue" : 3823,
      "util" : 78.169437
    }
  ]
}
