{
  "fio version" : "fio-3.28",
  "timestamp" : 1744008991,
  "timestamp_ms" : 1744008991614,
  "time" : "Mon Apr  7 15:56:31 2025",
  "global options" : {
    "bs" : "64k",
    "ioengine" : "io_uring",
    "size" : "12G",
    "numjobs" : "4",
    "iodepth" : "16",
    "group_reporting" : "1",
    "direct" : "1",
    "thread" : "1",
    "filename" : "/dev/nvme3n1"
  },
  "jobs" : [
    {
      "jobname" : "randwrite",
      "groupid" : 0,
      "error" : 0,
      "eta" : 0,
      "elapsed" : 14,
      "job options" : {
        "rw" : "randrw"
      },
      "read" : {
        "io_bytes" : 25764560896,
        "io_kbytes" : 25160704,
        "bw_bytes" : 1873786246,
        "bw" : 1829869,
        "iops" : 28591.709091,
        "runtime" : 13750,
        "total_ios" : 393136,
        "short_ios" : 0,
        "drop_ios" : 0,
        "slat_ns" : {
          "min" : 2810,
          "max" : 113518,
          "mean" : 3974.138507,
          "stddev" : 802.793275,
          "N" : 393136
        },
        "clat_ns" : {
          "min" : 70,
          "max" : 33057043,
          "mean" : 2074833.928462,
          "stddev" : 2887439.430793,
          "N" : 393136,
          "percentile" : {
            "1.000000" : 11328,
            "5.000000" : 13120,
            "10.000000" : 14656,
            "20.000000" : 18048,
            "30.000000" : 23936,
            "40.000000" : 60160,
            "50.000000" : 888832,
            "60.000000" : 1794048,
            "70.000000" : 2768896,
            "80.000000" : 4046848,
            "90.000000" : 5734400,
            "95.000000" : 7307264,
            "99.000000" : 11599872,
            "99.500000" : 14090240,
            "99.900000" : 27656192,
            "99.950000" : 30277632,
            "99.990000" : 31588352
          }
        },
        "lat_ns" : {
          "min" : 11280,
          "max" : 33060963,
          "mean" : 2078868.738719,
          "stddev" : 2887443.272009,
          "N" : 393136
        },
        "bw_min" : 1659776,
        "bw_max" : 2279552,
        "bw_agg" : 100.000000,
        "bw_mean" : 1833718.518519,
        "bw_dev" : 39858.746093,
        "bw_samples" : 108,
        "iops_min" : 25934,
        "iops_max" : 35618,
        "iops_mean" : 28651.851852,
        "iops_stddev" : 622.792908,
        "iops_samples" : 108
      },
      "write" : {
        "io_bytes" : 25775046656,
        "io_kbytes" : 25170944,
        "bw_bytes" : 1874548847,
        "bw" : 1830614,
        "iops" : 28603.345455,
        "runtime" : 13750,
        "total_ios" : 393296,
        "short_ios" : 0,
        "drop_ios" : 0,
        "slat_ns" : {
          "min" : 3060,
          "max" : 162148,
          "mean" : 4793.770026,
          "stddev" : 901.006370,
          "N" : 393296
        },
        "clat_ns" : {
          "min" : 27700,
          "max" : 4606905,
          "mean" : 152096.475802,
          "stddev" : 147772.977249,
          "N" : 393296,
          "percentile" : {
            "1.000000" : 37632,
            "5.000000" : 41216,
            "10.000000" : 46336,
            "20.000000" : 58112,
            "30.000000" : 71168,
            "40.000000" : 87552,
            "50.000000" : 107008,
            "60.000000" : 134144,
            "70.000000" : 166912,
            "80.000000" : 216064,
            "90.000000" : 296960,
            "95.000000" : 382976,
            "99.000000" : 913408,
            "99.500000" : 1073152,
            "99.900000" : 1302528,
            "99.950000" : 1548288,
            "99.990000" : 2023424
          }
        },
        "lat_ns" : {
          "min" : 37470,
          "max" : 4613675,
          "mean" : 156952.653485,
          "stddev" : 147795.538498,
          "N" : 393296
        },
        "bw_min" : 1634560,
        "bw_max" : 2345984,
        "bw_agg" : 100.000000,
        "bw_mean" : 1834794.666667,
        "bw_dev" : 42402.547998,
        "bw_samples" : 108,
        "iops_min" : 25540,
        "iops_max" : 36656,
        "iops_mean" : 28668.666667,
        "iops_stddev" : 662.539812,
        "iops_samples" : 108
      },
      "trim" : {
        "io_bytes" : 0,
        "io_kbytes" : 0,
        "bw_bytes" : 0,
        "bw" : 0,
        "iops" : 0.000000,
        "runtime" : 0,
        "total_ios" : 0,
        "short_ios" : 0,
        "drop_ios" : 0,
        "slat_ns" : {
          "min" : 0,
          "max" : 0,
          "mean" : 0.000000,
          "stddev" : 0.000000,
          "N" : 0
        },
        "clat_ns" : {
          "min" : 0,
          "max" : 0,
          "mean" : 0.000000,
          "stddev" : 0.000000,
          "N" : 0
        },
        "lat_ns" : {
          "min" : 0,
          "max" : 0,
          "mean" : 0.000000,
          "stddev" : 0.000000,
          "N" : 0
        },
        "bw_min" : 0,
        "bw_max" : 0,
        "bw_agg" : 0.000000,
        "bw_mean" : 0.000000,
        "bw_dev" : 0.000000,
        "bw_samples" : 0,
        "iops_min" : 0,
        "iops_max" : 0,
        "iops_mean" : 0.000000,
        "iops_stddev" : 0.000000,
        "iops_samples" : 0
      },
      "sync" : {
        "total_ios" : 0,
        "lat_ns" : {
          "min" : 0,
          "max" : 0,
          "mean" : 0.000000,
          "stddev" : 0.000000,
          "N" : 0
        }
      },
      "job_runtime" : 54955,
      "usr_cpu" : 2.660358,
      "sys_cpu" : 9.056501,
      "ctx" : 705603,
      "majf" : 0,
      "minf" : 0,
      "iodepth_level" : {
        "1" : 0.100000,
        "2" : 0.100000,
        "4" : 0.100000,
        "8" : 0.100000,
        "16" : 99.992371,
        "32" : 0.000000,
        ">=64" : 0.000000
      },
      "iodepth_submit" : {
        "0" : 0.000000,
        "4" : 100.000000,
        "8" : 0.000000,
        "16" : 0.000000,
        "32" : 0.000000,
        "64" : 0.000000,
        ">=64" : 0.000000
      },
      "iodepth_complete" : {
        "0" : 0.000000,
        "4" : 99.999491,
        "8" : 0.000000,
        "16" : 0.100000,
        "32" : 0.000000,
        "64" : 0.000000,
        ">=64" : 0.000000
      },
      "latency_ns" : {
        "2" : 0.000000,
        "4" : 0.000000,
        "10" : 0.000000,
        "20" : 0.000000,
        "50" : 0.000000,
        "100" : 0.010000,
        "250" : 0.010000,
        "500" : 0.010000,
        "750" : 0.000000,
        "1000" : 0.000000
      },
      "latency_us" : {
        "2" : 0.000000,
        "4" : 0.000000,
        "10" : 0.055822,
        "20" : 12.100220,
        "50" : 14.153290,
        "100" : 17.602921,
        "250" : 20.330938,
        "500" : 7.700348,
        "750" : 1.786041,
        "1000" : 1.461029
      },
      "latency_ms" : {
        "2" : 5.919266,
        "4" : 8.694585,
        "10" : 9.317780,
        "20" : 0.758616,
        "50" : 0.118510,
        "100" : 0.000000,
        "250" : 0.000000,
        "500" : 0.000000,
        "750" : 0.000000,
        "1000" : 0.000000,
        "2000" : 0.000000,
        ">=2000" : 0.000000
      },
      "latency_depth" : 16,
      "latency_target" : 0,
      "latency_percentile" : 100.000000,
      "latency_window" : 0
    }
  ],
  "disk_util" : [
    {
      "name" : "nvme3n1",
      "read_ios" : 390525,
      "write_ios" : 390716,
      "read_merges" : 0,
      "write_merges" : 0,
      "read_ticks" : 808832,
      "write_ticks" : 58233,
      "in_queue" : 867066,
      "util" : 99.294135
    }
  ]
}
