{
  "fio version" : "fio-3.28",
  "timestamp" : 1743451223,
  "timestamp_ms" : 1743451223773,
  "time" : "Tue Apr  1 05:00:23 2025",
  "global options" : {
    "bs" : "4k",
    "ioengine" : "io_uring",
    "size" : "12G",
    "numjobs" : "4",
    "iodepth" : "16",
    "group_reporting" : "1",
    "direct" : "1",
    "thread" : "1",
    "filename" : "/dev/nvme3n1"
  },
  "jobs" : [
    {
      "jobname" : "seqwrite",
      "groupid" : 0,
      "error" : 0,
      "eta" : 0,
      "elapsed" : 115,
      "job options" : {
        "rw" : "rw"
      },
      "read" : {
        "io_bytes" : 25780232192,
        "io_kbytes" : 25176008,
        "bw_bytes" : 225389113,
        "bw" : 220106,
        "iops" : 55026.639040,
        "runtime" : 114381,
        "total_ios" : 6294002,
        "short_ios" : 0,
        "drop_ios" : 0,
        "slat_ns" : {
          "min" : 1220,
          "max" : 337637,
          "mean" : 1591.327591,
          "stddev" : 418.500209,
          "N" : 6294002
        },
        "clat_ns" : {
          "min" : 4710,
          "max" : 97785725,
          "mean" : 847937.193990,
          "stddev" : 3016765.016560,
          "N" : 6294002,
          "percentile" : {
            "1.000000" : 63744,
            "5.000000" : 84480,
            "10.000000" : 99840,
            "20.000000" : 122368,
            "30.000000" : 152576,
            "40.000000" : 296960,
            "50.000000" : 436224,
            "60.000000" : 577536,
            "70.000000" : 749568,
            "80.000000" : 1011712,
            "90.000000" : 1712128,
            "95.000000" : 2670592,
            "99.000000" : 3948544,
            "99.500000" : 4947968,
            "99.900000" : 53215232,
            "99.950000" : 74973184,
            "99.990000" : 93847552
          }
        },
        "lat_ns" : {
          "min" : 6270,
          "max" : 97787285,
          "mean" : 849577.936318,
          "stddev" : 3016797.665173,
          "N" : 6294002
        },
        "bw_min" : 244400,
        "bw_max" : 640352,
        "bw_agg" : 100.000000,
        "bw_mean" : 441216.194732,
        "bw_dev" : 29718.906112,
        "bw_samples" : 699,
        "iops_min" : 61100,
        "iops_max" : 160088,
        "iops_mean" : 110304.047587,
        "iops_stddev" : 7429.725623,
        "iops_samples" : 699
      },
      "write" : {
        "io_bytes" : 25759375360,
        "io_kbytes" : 25155640,
        "bw_bytes" : 225206768,
        "bw" : 219928,
        "iops" : 54982.121156,
        "runtime" : 114381,
        "total_ios" : 6288910,
        "short_ios" : 0,
        "drop_ios" : 0,
        "slat_ns" : {
          "min" : 1260,
          "max" : 48709,
          "mean" : 1685.365005,
          "stddev" : 423.530822,
          "N" : 6288910
        },
        "clat_ns" : {
          "min" : 80,
          "max" : 3470927,
          "mean" : 40503.804997,
          "stddev" : 50189.627980,
          "N" : 6288910,
          "percentile" : {
            "1.000000" : 9280,
            "5.000000" : 10048,
            "10.000000" : 10432,
            "20.000000" : 10944,
            "30.000000" : 11456,
            "40.000000" : 11968,
            "50.000000" : 12736,
            "60.000000" : 13888,
            "70.000000" : 17024,
            "80.000000" : 99840,
            "90.000000" : 125440,
            "95.000000" : 140288,
            "99.000000" : 166912,
            "99.500000" : 175104,
            "99.900000" : 205824,
            "99.950000" : 276480,
            "99.990000" : 675840
          }
        },
        "lat_ns" : {
          "min" : 8850,
          "max" : 3472697,
          "mean" : 42238.611568,
          "stddev" : 50105.111151,
          "N" : 6288910
        },
        "bw_min" : 244840,
        "bw_max" : 637912,
        "bw_agg" : 100.000000,
        "bw_mean" : 440704.125862,
        "bw_dev" : 29669.964662,
        "bw_samples" : 699,
        "iops_min" : 61210,
        "iops_max" : 159478,
        "iops_mean" : 110176.031465,
        "iops_stddev" : 7417.491165,
        "iops_samples" : 699
      },
      "trim" : {
        "io_bytes" : 0,
        "io_kbytes" : 0,
        "bw_bytes" : 0,
        "bw" : 0,
        "iops" : 0.000000,
        "runtime" : 0,
        "total_ios" : 0,
        "short_ios" : 0,
        "drop_ios" : 0,
        "slat_ns" : {
          "min" : 0,
          "max" : 0,
          "mean" : 0.000000,
          "stddev" : 0.000000,
          "N" : 0
        },
        "clat_ns" : {
          "min" : 0,
          "max" : 0,
          "mean" : 0.000000,
          "stddev" : 0.000000,
          "N" : 0
        },
        "lat_ns" : {
          "min" : 0,
          "max" : 0,
          "mean" : 0.000000,
          "stddev" : 0.000000,
          "N" : 0
        },
        "bw_min" : 0,
        "bw_max" : 0,
        "bw_agg" : 0.000000,
        "bw_mean" : 0.000000,
        "bw_dev" : 0.000000,
        "bw_samples" : 0,
        "iops_min" : 0,
        "iops_max" : 0,
        "iops_mean" : 0.000000,
        "iops_stddev" : 0.000000,
        "iops_samples" : 0
      },
      "sync" : {
        "total_ios" : 0,
        "lat_ns" : {
          "min" : 0,
          "max" : 0,
          "mean" : 0.000000,
          "stddev" : 0.000000,
          "N" : 0
        }
      },
      "job_runtime" : 350982,
      "usr_cpu" : 2.509245,
      "sys_cpu" : 11.465545,
      "ctx" : 8773125,
      "majf" : 0,
      "minf" : 0,
      "iodepth_level" : {
        "1" : 0.100000,
        "2" : 0.100000,
        "4" : 0.100000,
        "8" : 0.100000,
        "16" : 99.999523,
        "32" : 0.000000,
        ">=64" : 0.000000
      },
      "iodepth_submit" : {
        "0" : 0.000000,
        "4" : 100.000000,
        "8" : 0.000000,
        "16" : 0.000000,
        "32" : 0.000000,
        "64" : 0.000000,
        ">=64" : 0.000000
      },
      "iodepth_complete" : {
        "0" : 0.000000,
        "4" : 99.999968,
        "8" : 0.000000,
        "16" : 0.100000,
        "32" : 0.000000,
        "64" : 0.000000,
        ">=64" : 0.000000
      },
      "latency_ns" : {
        "2" : 0.000000,
        "4" : 0.000000,
        "10" : 0.000000,
        "20" : 0.000000,
        "50" : 0.000000,
        "100" : 0.010000,
        "250" : 0.010000,
        "500" : 0.010000,
        "750" : 0.000000,
        "1000" : 0.000000
      },
      "latency_us" : {
        "2" : 0.010000,
        "4" : 0.010000,
        "10" : 2.123133,
        "20" : 34.012270,
        "50" : 0.835721,
        "100" : 7.974084,
        "250" : 23.527773,
        "500" : 8.820311,
        "750" : 7.737358,
        "1000" : 4.819862
      },
      "latency_ms" : {
        "2" : 6.098366,
        "4" : 3.602473,
        "10" : 0.243243,
        "20" : 0.038799,
        "50" : 0.114028,
        "100" : 0.052214,
        "250" : 0.000000,
        "500" : 0.000000,
        "750" : 0.000000,
        "1000" : 0.000000,
        "2000" : 0.000000,
        ">=2000" : 0.000000
      },
      "latency_depth" : 16,
      "latency_target" : 0,
      "latency_percentile" : 100.000000,
      "latency_window" : 0
    }
  ],
  "disk_util" : [
    {
      "name" : "nvme3n1",
      "read_ios" : 6284262,
      "write_ios" : 6278756,
      "read_merges" : 0,
      "write_merges" : 0,
      "read_ticks" : 5312514,
      "write_ticks" : 236407,
      "in_queue" : 5548922,
      "util" : 99.937838
    }
  ]
}
