{
  "fio version" : "fio-3.28",
  "timestamp" : 1743451350,
  "timestamp_ms" : 1743451350242,
  "time" : "Tue Apr  1 05:02:30 2025",
  "global options" : {
    "bs" : "8k",
    "ioengine" : "psync",
    "size" : "12G",
    "numjobs" : "1",
    "iodepth" : "1",
    "group_reporting" : "1",
    "direct" : "1",
    "thread" : "1",
    "filename" : "/dev/nvme3n1"
  },
  "jobs" : [
    {
      "jobname" : "seqwrite",
      "groupid" : 0,
      "error" : 0,
      "eta" : 0,
      "elapsed" : 16,
      "job options" : {
        "rw" : "rw"
      },
      "read" : {
        "io_bytes" : 6447620096,
        "io_kbytes" : 6296504,
        "bw_bytes" : 414078742,
        "bw" : 404373,
        "iops" : 50546.721469,
        "runtime" : 15571,
        "total_ios" : 787063,
        "short_ios" : 0,
        "drop_ios" : 0,
        "slat_ns" : {
          "min" : 0,
          "max" : 0,
          "mean" : 0.000000,
          "stddev" : 0.000000,
          "N" : 0
        },
        "clat_ns" : {
          "min" : 4630,
          "max" : 204796,
          "mean" : 6478.254211,
          "stddev" : 597.532780,
          "N" : 787063,
          "percentile" : {
            "1.000000" : 5600,
            "5.000000" : 5792,
            "10.000000" : 5920,
            "20.000000" : 6048,
            "30.000000" : 6176,
            "40.000000" : 6304,
            "50.000000" : 6432,
            "60.000000" : 6560,
            "70.000000" : 6688,
            "80.000000" : 6816,
            "90.000000" : 7072,
            "95.000000" : 7264,
            "99.000000" : 8256,
            "99.500000" : 8640,
            "99.900000" : 9664,
            "99.950000" : 10560,
            "99.990000" : 18560
          }
        },
        "lat_ns" : {
          "min" : 4660,
          "max" : 204826,
          "mean" : 6498.242213,
          "stddev" : 598.477711,
          "N" : 787063
        },
        "bw_min" : 399152,
        "bw_max" : 412928,
        "bw_agg" : 100.000000,
        "bw_mean" : 404503.225806,
        "bw_dev" : 3311.071918,
        "bw_samples" : 31,
        "iops_min" : 49894,
        "iops_max" : 51616,
        "iops_mean" : 50562.903226,
        "iops_stddev" : 413.883990,
        "iops_samples" : 31
      },
      "write" : {
        "io_bytes" : 6437281792,
        "io_kbytes" : 6286408,
        "bw_bytes" : 413414796,
        "bw" : 403725,
        "iops" : 50465.673367,
        "runtime" : 15571,
        "total_ios" : 785801,
        "short_ios" : 0,
        "drop_ios" : 0,
        "slat_ns" : {
          "min" : 0,
          "max" : 0,
          "mean" : 0.000000,
          "stddev" : 0.000000,
          "N" : 0
        },
        "clat_ns" : {
          "min" : 12060,
          "max" : 2481630,
          "mean" : 12803.610462,
          "stddev" : 2834.946603,
          "N" : 785801,
          "percentile" : {
            "1.000000" : 12352,
            "5.000000" : 12480,
            "10.000000" : 12480,
            "20.000000" : 12608,
            "30.000000" : 12608,
            "40.000000" : 12736,
            "50.000000" : 12736,
            "60.000000" : 12864,
            "70.000000" : 12864,
            "80.000000" : 12992,
            "90.000000" : 12992,
            "95.000000" : 13120,
            "99.000000" : 14528,
            "99.500000" : 14784,
            "99.900000" : 15936,
            "99.950000" : 17024,
            "99.990000" : 29824
          }
        },
        "lat_ns" : {
          "min" : 12240,
          "max" : 2481750,
          "mean" : 12990.163478,
          "stddev" : 2836.152844,
          "N" : 785801
        },
        "bw_min" : 399712,
        "bw_max" : 410448,
        "bw_agg" : 100.000000,
        "bw_mean" : 403817.290323,
        "bw_dev" : 2508.637322,
        "bw_samples" : 31,
        "iops_min" : 49964,
        "iops_max" : 51306,
        "iops_mean" : 50477.161290,
        "iops_stddev" : 313.579665,
        "iops_samples" : 31
      },
      "trim" : {
        "io_bytes" : 0,
        "io_kbytes" : 0,
        "bw_bytes" : 0,
        "bw" : 0,
        "iops" : 0.000000,
        "runtime" : 0,
        "total_ios" : 0,
        "short_ios" : 0,
        "drop_ios" : 0,
        "slat_ns" : {
          "min" : 0,
          "max" : 0,
          "mean" : 0.000000,
          "stddev" : 0.000000,
          "N" : 0
        },
        "clat_ns" : {
          "min" : 0,
          "max" : 0,
          "mean" : 0.000000,
          "stddev" : 0.000000,
          "N" : 0
        },
        "lat_ns" : {
          "min" : 0,
          "max" : 0,
          "mean" : 0.000000,
          "stddev" : 0.000000,
          "N" : 0
        },
        "bw_min" : 0,
        "bw_max" : 0,
        "bw_agg" : 0.000000,
        "bw_mean" : 0.000000,
        "bw_dev" : 0.000000,
        "bw_samples" : 0,
        "iops_min" : 0,
        "iops_max" : 0,
        "iops_mean" : 0.000000,
        "iops_stddev" : 0.000000,
        "iops_samples" : 0
      },
      "sync" : {
        "total_ios" : 0,
        "lat_ns" : {
          "min" : 0,
          "max" : 0,
          "mean" : 0.000000,
          "stddev" : 0.000000,
          "N" : 0
        }
      },
      "job_runtime" : 15570,
      "usr_cpu" : 5.928067,
      "sys_cpu" : 34.399486,
      "ctx" : 1572903,
      "majf" : 0,
      "minf" : 0,
      "iodepth_level" : {
        "1" : 100.000000,
        "2" : 0.000000,
        "4" : 0.000000,
        "8" : 0.000000,
        "16" : 0.000000,
        "32" : 0.000000,
        ">=64" : 0.000000
      },
      "iodepth_submit" : {
        "0" : 0.000000,
        "4" : 100.000000,
        "8" : 0.000000,
        "16" : 0.000000,
        "32" : 0.000000,
        "64" : 0.000000,
        ">=64" : 0.000000
      },
      "iodepth_complete" : {
        "0" : 0.000000,
        "4" : 100.000000,
        "8" : 0.000000,
        "16" : 0.000000,
        "32" : 0.000000,
        "64" : 0.000000,
        ">=64" : 0.000000
      },
      "latency_ns" : {
        "2" : 0.000000,
        "4" : 0.000000,
        "10" : 0.000000,
        "20" : 0.000000,
        "50" : 0.000000,
        "100" : 0.000000,
        "250" : 0.000000,
        "500" : 0.000000,
        "750" : 0.000000,
        "1000" : 0.000000
      },
      "latency_us" : {
        "2" : 0.000000,
        "4" : 0.000000,
        "10" : 50.003433,
        "20" : 49.977875,
        "50" : 0.018247,
        "100" : 0.010000,
        "250" : 0.010000,
        "500" : 0.010000,
        "750" : 0.000000,
        "1000" : 0.000000
      },
      "latency_ms" : {
        "2" : 0.000000,
        "4" : 0.010000,
        "10" : 0.000000,
        "20" : 0.000000,
        "50" : 0.000000,
        "100" : 0.000000,
        "250" : 0.000000,
        "500" : 0.000000,
        "750" : 0.000000,
        "1000" : 0.000000,
        "2000" : 0.000000,
        ">=2000" : 0.000000
      },
      "latency_depth" : 1,
      "latency_target" : 0,
      "latency_percentile" : 100.000000,
      "latency_window" : 0
    }
  ],
  "disk_util" : [
    {
      "name" : "nvme3n1",
      "read_ios" : 778368,
      "write_ios" : 776909,
      "read_merges" : 0,
      "write_merges" : 0,
      "read_ticks" : 2548,
      "write_ticks" : 7464,
      "in_queue" : 10012,
      "util" : 67.589724
    }
  ]
}
