{
  "fio version" : "fio-3.28",
  "timestamp" : 1743450799,
  "timestamp_ms" : 1743450799484,
  "time" : "Tue Apr  1 04:53:19 2025",
  "global options" : {
    "bs" : "64k",
    "ioengine" : "io_uring",
    "size" : "12G",
    "numjobs" : "4",
    "iodepth" : "16",
    "group_reporting" : "1",
    "direct" : "1",
    "thread" : "1",
    "filename" : "/dev/nvme3n1"
  },
  "jobs" : [
    {
      "jobname" : "seqwrite",
      "groupid" : 0,
      "error" : 0,
      "eta" : 0,
      "elapsed" : 23,
      "job options" : {
        "rw" : "write"
      },
      "read" : {
        "io_bytes" : 0,
        "io_kbytes" : 0,
        "bw_bytes" : 0,
        "bw" : 0,
        "iops" : 0.000000,
        "runtime" : 0,
        "total_ios" : 0,
        "short_ios" : 0,
        "drop_ios" : 0,
        "slat_ns" : {
          "min" : 0,
          "max" : 0,
          "mean" : 0.000000,
          "stddev" : 0.000000,
          "N" : 0
        },
        "clat_ns" : {
          "min" : 0,
          "max" : 0,
          "mean" : 0.000000,
          "stddev" : 0.000000,
          "N" : 0
        },
        "lat_ns" : {
          "min" : 0,
          "max" : 0,
          "mean" : 0.000000,
          "stddev" : 0.000000,
          "N" : 0
        },
        "bw_min" : 0,
        "bw_max" : 0,
        "bw_agg" : 0.000000,
        "bw_mean" : 0.000000,
        "bw_dev" : 0.000000,
        "bw_samples" : 0,
        "iops_min" : 0,
        "iops_max" : 0,
        "iops_mean" : 0.000000,
        "iops_stddev" : 0.000000,
        "iops_samples" : 0
      },
      "write" : {
        "io_bytes" : 51539607552,
        "io_kbytes" : 50331648,
        "bw_bytes" : 2344521109,
        "bw" : 2289571,
        "iops" : 35774.553064,
        "runtime" : 21983,
        "total_ios" : 786432,
        "short_ios" : 0,
        "drop_ios" : 0,
        "slat_ns" : {
          "min" : 3120,
          "max" : 129369,
          "mean" : 5163.979666,
          "stddev" : 990.040300,
          "N" : 786432
        },
        "clat_ns" : {
          "min" : 42920,
          "max" : 13501693,
          "mean" : 1764077.062145,
          "stddev" : 1239054.947361,
          "N" : 786432,
          "percentile" : {
            "1.000000" : 399360,
            "5.000000" : 444416,
            "10.000000" : 618496,
            "20.000000" : 757760,
            "30.000000" : 929792,
            "40.000000" : 1138688,
            "50.000000" : 1368064,
            "60.000000" : 1761280,
            "70.000000" : 2039808,
            "80.000000" : 2539520,
            "90.000000" : 3358720,
            "95.000000" : 4227072,
            "99.000000" : 6062080,
            "99.500000" : 6848512,
            "99.900000" : 8716288,
            "99.950000" : 9371648,
            "99.990000" : 10682368
          }
        },
        "lat_ns" : {
          "min" : 52260,
          "max" : 13507212,
          "mean" : 1769306.532553,
          "stddev" : 1239121.024341,
          "N" : 786432
        },
        "bw_min" : 1762816,
        "bw_max" : 3164544,
        "bw_agg" : 99.982032,
        "bw_mean" : 2289160.504983,
        "bw_dev" : 77302.527603,
        "bw_samples" : 171,
        "iops_min" : 27544,
        "iops_max" : 49446,
        "iops_mean" : 35768.132890,
        "iops_stddev" : 1207.851994,
        "iops_samples" : 171
      },
      "trim" : {
        "io_bytes" : 0,
        "io_kbytes" : 0,
        "bw_bytes" : 0,
        "bw" : 0,
        "iops" : 0.000000,
        "runtime" : 0,
        "total_ios" : 0,
        "short_ios" : 0,
        "drop_ios" : 0,
        "slat_ns" : {
          "min" : 0,
          "max" : 0,
          "mean" : 0.000000,
          "stddev" : 0.000000,
          "N" : 0
        },
        "clat_ns" : {
          "min" : 0,
          "max" : 0,
          "mean" : 0.000000,
          "stddev" : 0.000000,
          "N" : 0
        },
        "lat_ns" : {
          "min" : 0,
          "max" : 0,
          "mean" : 0.000000,
          "stddev" : 0.000000,
          "N" : 0
        },
        "bw_min" : 0,
        "bw_max" : 0,
        "bw_agg" : 0.000000,
        "bw_mean" : 0.000000,
        "bw_dev" : 0.000000,
        "bw_samples" : 0,
        "iops_min" : 0,
        "iops_max" : 0,
        "iops_mean" : 0.000000,
        "iops_stddev" : 0.000000,
        "iops_samples" : 0
      },
      "sync" : {
        "total_ios" : 0,
        "lat_ns" : {
          "min" : 0,
          "max" : 0,
          "mean" : 0.000000,
          "stddev" : 0.000000,
          "N" : 0
        }
      },
      "job_runtime" : 86979,
      "usr_cpu" : 2.573035,
      "sys_cpu" : 4.399913,
      "ctx" : 326729,
      "majf" : 0,
      "minf" : 0,
      "iodepth_level" : {
        "1" : 0.100000,
        "2" : 0.100000,
        "4" : 0.100000,
        "8" : 0.100000,
        "16" : 99.992371,
        "32" : 0.000000,
        ">=64" : 0.000000
      },
      "iodepth_submit" : {
        "0" : 0.000000,
        "4" : 100.000000,
        "8" : 0.000000,
        "16" : 0.000000,
        "32" : 0.000000,
        "64" : 0.000000,
        ">=64" : 0.000000
      },
      "iodepth_complete" : {
        "0" : 0.000000,
        "4" : 99.999491,
        "8" : 0.000000,
        "16" : 0.100000,
        "32" : 0.000000,
        "64" : 0.000000,
        ">=64" : 0.000000
      },
      "latency_ns" : {
        "2" : 0.000000,
        "4" : 0.000000,
        "10" : 0.000000,
        "20" : 0.000000,
        "50" : 0.000000,
        "100" : 0.000000,
        "250" : 0.000000,
        "500" : 0.000000,
        "750" : 0.000000,
        "1000" : 0.000000
      },
      "latency_us" : {
        "2" : 0.000000,
        "4" : 0.000000,
        "10" : 0.000000,
        "20" : 0.000000,
        "50" : 0.010000,
        "100" : 0.010000,
        "250" : 0.296148,
        "500" : 8.635203,
        "750" : 11.023331,
        "1000" : 11.333084
      },
      "latency_ms" : {
        "2" : 36.191177,
        "4" : 26.217143,
        "10" : 6.271489,
        "20" : 0.028102,
        "50" : 0.000000,
        "100" : 0.000000,
        "250" : 0.000000,
        "500" : 0.000000,
        "750" : 0.000000,
        "1000" : 0.000000,
        "2000" : 0.000000,
        ">=2000" : 0.000000
      },
      "latency_depth" : 16,
      "latency_target" : 0,
      "latency_percentile" : 100.000000,
      "latency_window" : 0
    }
  ],
  "disk_util" : [
    {
      "name" : "nvme3n1",
      "read_ios" : 114,
      "write_ios" : 783314,
      "read_merges" : 0,
      "write_merges" : 0,
      "read_ticks" : 378,
      "write_ticks" : 1377251,
      "in_queue" : 1377629,
      "util" : 99.568005
    }
  ]
}
