{
  "fio version" : "fio-3.28",
  "timestamp" : 1740488503,
  "timestamp_ms" : 1740488503562,
  "time" : "Tue Feb 25 22:01:43 2025",
  "global options" : {
    "bs" : "64k",
    "ioengine" : "io_uring",
    "size" : "12G",
    "numjobs" : "4",
    "iodepth" : "16",
    "group_reporting" : "1",
    "direct" : "1",
    "thread" : "1",
    "filename" : "/dev/nvme3n1"
  },
  "jobs" : [
    {
      "jobname" : "seqwrite",
      "groupid" : 0,
      "error" : 0,
      "eta" : 0,
      "elapsed" : 23,
      "job options" : {
        "rw" : "write"
      },
      "read" : {
        "io_bytes" : 0,
        "io_kbytes" : 0,
        "bw_bytes" : 0,
        "bw" : 0,
        "iops" : 0.000000,
        "runtime" : 0,
        "total_ios" : 0,
        "short_ios" : 0,
        "drop_ios" : 0,
        "slat_ns" : {
          "min" : 0,
          "max" : 0,
          "mean" : 0.000000,
          "stddev" : 0.000000,
          "N" : 0
        },
        "clat_ns" : {
          "min" : 0,
          "max" : 0,
          "mean" : 0.000000,
          "stddev" : 0.000000,
          "N" : 0
        },
        "lat_ns" : {
          "min" : 0,
          "max" : 0,
          "mean" : 0.000000,
          "stddev" : 0.000000,
          "N" : 0
        },
        "bw_min" : 0,
        "bw_max" : 0,
        "bw_agg" : 0.000000,
        "bw_mean" : 0.000000,
        "bw_dev" : 0.000000,
        "bw_samples" : 0,
        "iops_min" : 0,
        "iops_max" : 0,
        "iops_mean" : 0.000000,
        "iops_stddev" : 0.000000,
        "iops_samples" : 0
      },
      "write" : {
        "io_bytes" : 51539607552,
        "io_kbytes" : 50331648,
        "bw_bytes" : 2341432289,
        "bw" : 2286554,
        "iops" : 35727.421407,
        "runtime" : 22012,
        "total_ios" : 786432,
        "short_ios" : 0,
        "drop_ios" : 0,
        "slat_ns" : {
          "min" : 3080,
          "max" : 49340,
          "mean" : 4940.462147,
          "stddev" : 758.767832,
          "N" : 786432
        },
        "clat_ns" : {
          "min" : 36480,
          "max" : 6035292,
          "mean" : 1723559.058826,
          "stddev" : 639211.091011,
          "N" : 786432,
          "percentile" : {
            "1.000000" : 626688,
            "5.000000" : 872448,
            "10.000000" : 1003520,
            "20.000000" : 1187840,
            "30.000000" : 1335296,
            "40.000000" : 1449984,
            "50.000000" : 1597440,
            "60.000000" : 1794048,
            "70.000000" : 2007040,
            "80.000000" : 2244608,
            "90.000000" : 2539520,
            "95.000000" : 2899968,
            "99.000000" : 3620864,
            "99.500000" : 3850240,
            "99.900000" : 4292608,
            "99.950000" : 4489216,
            "99.990000" : 4882432
          }
        },
        "lat_ns" : {
          "min" : 42000,
          "max" : 6040202,
          "mean" : 1728555.461662,
          "stddev" : 639208.304756,
          "N" : 786432
        },
        "bw_min" : 1536256,
        "bw_max" : 3658060,
        "bw_agg" : 100.000000,
        "bw_mean" : 2357613.643819,
        "bw_dev" : 103368.980281,
        "bw_samples" : 167,
        "iops_min" : 24004,
        "iops_max" : 57157,
        "iops_mean" : 36837.663403,
        "iops_stddev" : 1615.118641,
        "iops_samples" : 167
      },
      "trim" : {
        "io_bytes" : 0,
        "io_kbytes" : 0,
        "bw_bytes" : 0,
        "bw" : 0,
        "iops" : 0.000000,
        "runtime" : 0,
        "total_ios" : 0,
        "short_ios" : 0,
        "drop_ios" : 0,
        "slat_ns" : {
          "min" : 0,
          "max" : 0,
          "mean" : 0.000000,
          "stddev" : 0.000000,
          "N" : 0
        },
        "clat_ns" : {
          "min" : 0,
          "max" : 0,
          "mean" : 0.000000,
          "stddev" : 0.000000,
          "N" : 0
        },
        "lat_ns" : {
          "min" : 0,
          "max" : 0,
          "mean" : 0.000000,
          "stddev" : 0.000000,
          "N" : 0
        },
        "bw_min" : 0,
        "bw_max" : 0,
        "bw_agg" : 0.000000,
        "bw_mean" : 0.000000,
        "bw_dev" : 0.000000,
        "bw_samples" : 0,
        "iops_min" : 0,
        "iops_max" : 0,
        "iops_mean" : 0.000000,
        "iops_stddev" : 0.000000,
        "iops_samples" : 0
      },
      "sync" : {
        "total_ios" : 0,
        "lat_ns" : {
          "min" : 0,
          "max" : 0,
          "mean" : 0.000000,
          "stddev" : 0.000000,
          "N" : 0
        }
      },
      "job_runtime" : 84975,
      "usr_cpu" : 3.103266,
      "sys_cpu" : 5.136805,
      "ctx" : 784620,
      "majf" : 0,
      "minf" : 0,
      "iodepth_level" : {
        "1" : 0.100000,
        "2" : 0.100000,
        "4" : 0.100000,
        "8" : 0.100000,
        "16" : 99.992371,
        "32" : 0.000000,
        ">=64" : 0.000000
      },
      "iodepth_submit" : {
        "0" : 0.000000,
        "4" : 100.000000,
        "8" : 0.000000,
        "16" : 0.000000,
        "32" : 0.000000,
        "64" : 0.000000,
        ">=64" : 0.000000
      },
      "iodepth_complete" : {
        "0" : 0.000000,
        "4" : 99.999491,
        "8" : 0.000000,
        "16" : 0.100000,
        "32" : 0.000000,
        "64" : 0.000000,
        ">=64" : 0.000000
      },
      "latency_ns" : {
        "2" : 0.000000,
        "4" : 0.000000,
        "10" : 0.000000,
        "20" : 0.000000,
        "50" : 0.000000,
        "100" : 0.000000,
        "250" : 0.000000,
        "500" : 0.000000,
        "750" : 0.000000,
        "1000" : 0.000000
      },
      "latency_us" : {
        "2" : 0.000000,
        "4" : 0.000000,
        "10" : 0.000000,
        "20" : 0.000000,
        "50" : 0.010000,
        "100" : 0.012461,
        "250" : 0.156403,
        "500" : 0.339381,
        "750" : 2.039846,
        "1000" : 7.108561
      },
      "latency_ms" : {
        "2" : 60.051854,
        "4" : 29.983393,
        "10" : 0.307719,
        "20" : 0.000000,
        "50" : 0.000000,
        "100" : 0.000000,
        "250" : 0.000000,
        "500" : 0.000000,
        "750" : 0.000000,
        "1000" : 0.000000,
        "2000" : 0.000000,
        ">=2000" : 0.000000
      },
      "latency_depth" : 16,
      "latency_target" : 0,
      "latency_percentile" : 100.000000,
      "latency_window" : 0
    }
  ],
  "disk_util" : [
    {
      "name" : "nvme3n1",
      "read_ios" : 172,
      "write_ios" : 782268,
      "read_merges" : 0,
      "write_merges" : 0,
      "read_ticks" : 26,
      "write_ticks" : 1350105,
      "in_queue" : 1350132,
      "util" : 99.563438
    }
  ]
}
