{
  "fio version" : "fio-3.28",
  "timestamp" : 1740488568,
  "timestamp_ms" : 1740488568581,
  "time" : "Tue Feb 25 22:02:48 2025",
  "global options" : {
    "bs" : "128k",
    "ioengine" : "io_uring",
    "size" : "12G",
    "numjobs" : "4",
    "iodepth" : "16",
    "group_reporting" : "1",
    "direct" : "1",
    "thread" : "1",
    "filename" : "/dev/nvme3n1"
  },
  "jobs" : [
    {
      "jobname" : "seqwrite",
      "groupid" : 0,
      "error" : 0,
      "eta" : 0,
      "elapsed" : 23,
      "job options" : {
        "rw" : "write"
      },
      "read" : {
        "io_bytes" : 0,
        "io_kbytes" : 0,
        "bw_bytes" : 0,
        "bw" : 0,
        "iops" : 0.000000,
        "runtime" : 0,
        "total_ios" : 0,
        "short_ios" : 0,
        "drop_ios" : 0,
        "slat_ns" : {
          "min" : 0,
          "max" : 0,
          "mean" : 0.000000,
          "stddev" : 0.000000,
          "N" : 0
        },
        "clat_ns" : {
          "min" : 0,
          "max" : 0,
          "mean" : 0.000000,
          "stddev" : 0.000000,
          "N" : 0
        },
        "lat_ns" : {
          "min" : 0,
          "max" : 0,
          "mean" : 0.000000,
          "stddev" : 0.000000,
          "N" : 0
        },
        "bw_min" : 0,
        "bw_max" : 0,
        "bw_agg" : 0.000000,
        "bw_mean" : 0.000000,
        "bw_dev" : 0.000000,
        "bw_samples" : 0,
        "iops_min" : 0,
        "iops_max" : 0,
        "iops_mean" : 0.000000,
        "iops_stddev" : 0.000000,
        "iops_samples" : 0
      },
      "write" : {
        "io_bytes" : 51539607552,
        "io_kbytes" : 50331648,
        "bw_bytes" : 2341432289,
        "bw" : 2286554,
        "iops" : 17863.710703,
        "runtime" : 22012,
        "total_ios" : 393216,
        "short_ios" : 0,
        "drop_ios" : 0,
        "slat_ns" : {
          "min" : 4540,
          "max" : 56640,
          "mean" : 7760.248235,
          "stddev" : 1149.035989,
          "N" : 393216
        },
        "clat_ns" : {
          "min" : 85340,
          "max" : 11789196,
          "mean" : 3510305.067627,
          "stddev" : 1388368.799921,
          "N" : 393216,
          "percentile" : {
            "1.000000" : 888832,
            "5.000000" : 1564672,
            "10.000000" : 1794048,
            "20.000000" : 2244608,
            "30.000000" : 2637824,
            "40.000000" : 2965504,
            "50.000000" : 3522560,
            "60.000000" : 3620864,
            "70.000000" : 4292608,
            "80.000000" : 4816896,
            "90.000000" : 5341184,
            "95.000000" : 5865472,
            "99.000000" : 6914048,
            "99.500000" : 7372800,
            "99.900000" : 8454144,
            "99.950000" : 8978432,
            "99.990000" : 10289152
          }
        },
        "lat_ns" : {
          "min" : 103450,
          "max" : 11795456,
          "mean" : 3518131.746099,
          "stddev" : 1388354.907452,
          "N" : 393216
        },
        "bw_min" : 1588480,
        "bw_max" : 4327168,
        "bw_agg" : 100.000000,
        "bw_mean" : 2320552.661270,
        "bw_dev" : 149375.197902,
        "bw_samples" : 171,
        "iops_min" : 12410,
        "iops_max" : 33806,
        "iops_mean" : 18129.317666,
        "iops_stddev" : 1166.993734,
        "iops_samples" : 171
      },
      "trim" : {
        "io_bytes" : 0,
        "io_kbytes" : 0,
        "bw_bytes" : 0,
        "bw" : 0,
        "iops" : 0.000000,
        "runtime" : 0,
        "total_ios" : 0,
        "short_ios" : 0,
        "drop_ios" : 0,
        "slat_ns" : {
          "min" : 0,
          "max" : 0,
          "mean" : 0.000000,
          "stddev" : 0.000000,
          "N" : 0
        },
        "clat_ns" : {
          "min" : 0,
          "max" : 0,
          "mean" : 0.000000,
          "stddev" : 0.000000,
          "N" : 0
        },
        "lat_ns" : {
          "min" : 0,
          "max" : 0,
          "mean" : 0.000000,
          "stddev" : 0.000000,
          "N" : 0
        },
        "bw_min" : 0,
        "bw_max" : 0,
        "bw_agg" : 0.000000,
        "bw_mean" : 0.000000,
        "bw_dev" : 0.000000,
        "bw_samples" : 0,
        "iops_min" : 0,
        "iops_max" : 0,
        "iops_mean" : 0.000000,
        "iops_stddev" : 0.000000,
        "iops_samples" : 0
      },
      "sync" : {
        "total_ios" : 0,
        "lat_ns" : {
          "min" : 0,
          "max" : 0,
          "mean" : 0.000000,
          "stddev" : 0.000000,
          "N" : 0
        }
      },
      "job_runtime" : 86468,
      "usr_cpu" : 1.340380,
      "sys_cpu" : 4.365777,
      "ctx" : 393129,
      "majf" : 0,
      "minf" : 0,
      "iodepth_level" : {
        "1" : 0.100000,
        "2" : 0.100000,
        "4" : 0.100000,
        "8" : 0.100000,
        "16" : 99.984741,
        "32" : 0.000000,
        ">=64" : 0.000000
      },
      "iodepth_submit" : {
        "0" : 0.000000,
        "4" : 100.000000,
        "8" : 0.000000,
        "16" : 0.000000,
        "32" : 0.000000,
        "64" : 0.000000,
        ">=64" : 0.000000
      },
      "iodepth_complete" : {
        "0" : 0.000000,
        "4" : 99.998983,
        "8" : 0.000000,
        "16" : 0.100000,
        "32" : 0.000000,
        "64" : 0.000000,
        ">=64" : 0.000000
      },
      "latency_ns" : {
        "2" : 0.000000,
        "4" : 0.000000,
        "10" : 0.000000,
        "20" : 0.000000,
        "50" : 0.000000,
        "100" : 0.000000,
        "250" : 0.000000,
        "500" : 0.000000,
        "750" : 0.000000,
        "1000" : 0.000000
      },
      "latency_us" : {
        "2" : 0.000000,
        "4" : 0.000000,
        "10" : 0.000000,
        "20" : 0.000000,
        "50" : 0.000000,
        "100" : 0.010000,
        "250" : 0.122325,
        "500" : 0.239309,
        "750" : 0.208791,
        "1000" : 1.186625
      },
      "latency_ms" : {
        "2" : 12.182617,
        "4" : 51.074473,
        "10" : 34.968821,
        "20" : 0.015513,
        "50" : 0.000000,
        "100" : 0.000000,
        "250" : 0.000000,
        "500" : 0.000000,
        "750" : 0.000000,
        "1000" : 0.000000,
        "2000" : 0.000000,
        ">=2000" : 0.000000
      },
      "latency_depth" : 16,
      "latency_target" : 0,
      "latency_percentile" : 100.000000,
      "latency_window" : 0
    }
  ],
  "disk_util" : [
    {
      "name" : "nvme3n1",
      "read_ios" : 215,
      "write_ios" : 391130,
      "read_merges" : 0,
      "write_merges" : 0,
      "read_ticks" : 40,
      "write_ticks" : 1377420,
      "in_queue" : 1377460,
      "util" : 99.572533
    }
  ]
}
