{
  "fio version" : "fio-3.28",
  "timestamp" : 1733765962,
  "timestamp_ms" : 1733765962892,
  "time" : "Tue Dec 10 02:39:22 2024",
  "global options" : {
    "bs" : "8k",
    "ioengine" : "io_uring",
    "filesize" : "4G",
    "numjobs" : "4",
    "iodepth" : "32",
    "group_reporting" : "1",
    "runtime" : "30",
    "direct" : "1",
    "thread" : "1",
    "time_based" : "1",
    "filename" : "/dev/nvme3n1"
  },
  "jobs" : [
    {
      "jobname" : "randread",
      "groupid" : 0,
      "error" : 0,
      "eta" : 0,
      "elapsed" : 31,
      "job options" : {
        "rw" : "randread"
      },
      "read" : {
        "io_bytes" : 92024250368,
        "io_kbytes" : 89867432,
        "bw_bytes" : 3067372766,
        "bw" : 2995481,
        "iops" : 374435.152162,
        "runtime" : 30001,
        "total_ios" : 11233429,
        "short_ios" : 0,
        "drop_ios" : 0,
        "slat_ns" : {
          "min" : 1380,
          "max" : 219308,
          "mean" : 2218.395623,
          "stddev" : 782.487344,
          "N" : 11233429
        },
        "clat_ns" : {
          "min" : 3450,
          "max" : 2450321,
          "mean" : 339326.888417,
          "stddev" : 251772.101527,
          "N" : 11233429,
          "percentile" : {
            "1.000000" : 76288,
            "5.000000" : 88576,
            "10.000000" : 102912,
            "20.000000" : 134144,
            "30.000000" : 171008,
            "40.000000" : 214016,
            "50.000000" : 264192,
            "60.000000" : 325632,
            "70.000000" : 403456,
            "80.000000" : 505856,
            "90.000000" : 684032,
            "95.000000" : 847872,
            "99.000000" : 1204224,
            "99.500000" : 1351680,
            "99.900000" : 1679360,
            "99.950000" : 1794048,
            "99.990000" : 2023424
          }
        },
        "lat_ns" : {
          "min" : 6650,
          "max" : 2452151,
          "mean" : 341596.728588,
          "stddev" : 251771.248820,
          "N" : 11233429
        },
        "bw_min" : 2962144,
        "bw_max" : 3026944,
        "bw_agg" : 100.000000,
        "bw_mean" : 2996429.830508,
        "bw_dev" : 3548.123979,
        "bw_samples" : 236,
        "iops_min" : 370268,
        "iops_max" : 378368,
        "iops_mean" : 374553.762712,
        "iops_stddev" : 443.518095,
        "iops_samples" : 236
      },
      "write" : {
        "io_bytes" : 0,
        "io_kbytes" : 0,
        "bw_bytes" : 0,
        "bw" : 0,
        "iops" : 0.000000,
        "runtime" : 0,
        "total_ios" : 0,
        "short_ios" : 0,
        "drop_ios" : 0,
        "slat_ns" : {
          "min" : 0,
          "max" : 0,
          "mean" : 0.000000,
          "stddev" : 0.000000,
          "N" : 0
        },
        "clat_ns" : {
          "min" : 0,
          "max" : 0,
          "mean" : 0.000000,
          "stddev" : 0.000000,
          "N" : 0
        },
        "lat_ns" : {
          "min" : 0,
          "max" : 0,
          "mean" : 0.000000,
          "stddev" : 0.000000,
          "N" : 0
        },
        "bw_min" : 0,
        "bw_max" : 0,
        "bw_agg" : 0.000000,
        "bw_mean" : 0.000000,
        "bw_dev" : 0.000000,
        "bw_samples" : 0,
        "iops_min" : 0,
        "iops_max" : 0,
        "iops_mean" : 0.000000,
        "iops_stddev" : 0.000000,
        "iops_samples" : 0
      },
      "trim" : {
        "io_bytes" : 0,
        "io_kbytes" : 0,
        "bw_bytes" : 0,
        "bw" : 0,
        "iops" : 0.000000,
        "runtime" : 0,
        "total_ios" : 0,
        "short_ios" : 0,
        "drop_ios" : 0,
        "slat_ns" : {
          "min" : 0,
          "max" : 0,
          "mean" : 0.000000,
          "stddev" : 0.000000,
          "N" : 0
        },
        "clat_ns" : {
          "min" : 0,
          "max" : 0,
          "mean" : 0.000000,
          "stddev" : 0.000000,
          "N" : 0
        },
        "lat_ns" : {
          "min" : 0,
          "max" : 0,
          "mean" : 0.000000,
          "stddev" : 0.000000,
          "N" : 0
        },
        "bw_min" : 0,
        "bw_max" : 0,
        "bw_agg" : 0.000000,
        "bw_mean" : 0.000000,
        "bw_dev" : 0.000000,
        "bw_samples" : 0,
        "iops_min" : 0,
        "iops_max" : 0,
        "iops_mean" : 0.000000,
        "iops_stddev" : 0.000000,
        "iops_samples" : 0
      },
      "sync" : {
        "total_ios" : 0,
        "lat_ns" : {
          "min" : 0,
          "max" : 0,
          "mean" : 0.000000,
          "stddev" : 0.000000,
          "N" : 0
        }
      },
      "job_runtime" : 120000,
      "usr_cpu" : 5.800000,
      "sys_cpu" : 35.066667,
      "ctx" : 6718049,
      "majf" : 0,
      "minf" : 256,
      "iodepth_level" : {
        "1" : 0.100000,
        "2" : 0.100000,
        "4" : 0.100000,
        "8" : 0.100000,
        "16" : 0.100000,
        "32" : 99.998896,
        ">=64" : 0.000000
      },
      "iodepth_submit" : {
        "0" : 0.000000,
        "4" : 100.000000,
        "8" : 0.000000,
        "16" : 0.000000,
        "32" : 0.000000,
        "64" : 0.000000,
        ">=64" : 0.000000
      },
      "iodepth_complete" : {
        "0" : 0.000000,
        "4" : 99.999964,
        "8" : 0.000000,
        "16" : 0.000000,
        "32" : 0.100000,
        "64" : 0.000000,
        ">=64" : 0.000000
      },
      "latency_ns" : {
        "2" : 0.000000,
        "4" : 0.000000,
        "10" : 0.000000,
        "20" : 0.000000,
        "50" : 0.000000,
        "100" : 0.000000,
        "250" : 0.000000,
        "500" : 0.000000,
        "750" : 0.000000,
        "1000" : 0.000000
      },
      "latency_us" : {
        "2" : 0.000000,
        "4" : 0.010000,
        "10" : 0.010000,
        "20" : 0.010000,
        "50" : 0.010000,
        "100" : 9.017505,
        "250" : 38.402860,
        "500" : 31.942749,
        "750" : 13.090785,
        "1000" : 4.970424
      },
      "latency_ms" : {
        "2" : 2.550299,
        "4" : 0.012187,
        "10" : 0.000000,
        "20" : 0.000000,
        "50" : 0.000000,
        "100" : 0.000000,
        "250" : 0.000000,
        "500" : 0.000000,
        "750" : 0.000000,
        "1000" : 0.000000,
        "2000" : 0.000000,
        ">=2000" : 0.000000
      },
      "latency_depth" : 32,
      "latency_target" : 0,
      "latency_percentile" : 100.000000,
      "latency_window" : 0
    }
  ],
  "disk_util" : [
    {
      "name" : "nvme3n1",
      "read_ios" : 11194299,
      "write_ios" : 0,
      "read_merges" : 0,
      "write_merges" : 0,
      "read_ticks" : 3766256,
      "write_ticks" : 0,
      "in_queue" : 3766256,
      "util" : 99.693211
    }
  ]
}
