{
  "fio version" : "fio-3.28",
  "timestamp" : 1732734946,
  "timestamp_ms" : 1732734946100,
  "time" : "Thu Nov 28 04:15:46 2024",
  "global options" : {
    "bs" : "4k",
    "ioengine" : "psync",
    "filesize" : "8G",
    "numjobs" : "1",
    "iodepth" : "1",
    "group_reporting" : "1",
    "runtime" : "30",
    "direct" : "1",
    "thread" : "1",
    "time_based" : "1",
    "filename" : "/dev/nvme3n1"
  },
  "jobs" : [
    {
      "jobname" : "randread",
      "groupid" : 0,
      "error" : 0,
      "eta" : 0,
      "elapsed" : 31,
      "job options" : {
        "rw" : "randread"
      },
      "read" : {
        "io_bytes" : 3818799104,
        "io_kbytes" : 3729296,
        "bw_bytes" : 127289060,
        "bw" : 124305,
        "iops" : 31076.430786,
        "runtime" : 30001,
        "total_ios" : 932324,
        "short_ios" : 0,
        "drop_ios" : 0,
        "slat_ns" : {
          "min" : 0,
          "max" : 0,
          "mean" : 0.000000,
          "stddev" : 0.000000,
          "N" : 0
        },
        "clat_ns" : {
          "min" : 4230,
          "max" : 188030,
          "mean" : 31923.849735,
          "stddev" : 30862.016859,
          "N" : 932324,
          "percentile" : {
            "1.000000" : 4960,
            "5.000000" : 5152,
            "10.000000" : 5280,
            "20.000000" : 5536,
            "30.000000" : 5920,
            "40.000000" : 6304,
            "50.000000" : 6944,
            "60.000000" : 61696,
            "70.000000" : 62720,
            "80.000000" : 73216,
            "90.000000" : 74240,
            "95.000000" : 75264,
            "99.000000" : 75264,
            "99.500000" : 76288,
            "99.900000" : 79360,
            "99.950000" : 81408,
            "99.990000" : 91648
          }
        },
        "lat_ns" : {
          "min" : 4250,
          "max" : 188050,
          "mean" : 31946.208814,
          "stddev" : 30862.165506,
          "N" : 932324
        },
        "bw_min" : 120848,
        "bw_max" : 127888,
        "bw_agg" : 99.997810,
        "bw_mean" : 124303.322034,
        "bw_dev" : 1630.606090,
        "bw_samples" : 59,
        "iops_min" : 30212,
        "iops_max" : 31972,
        "iops_mean" : 31075.830508,
        "iops_stddev" : 407.651523,
        "iops_samples" : 59
      },
      "write" : {
        "io_bytes" : 0,
        "io_kbytes" : 0,
        "bw_bytes" : 0,
        "bw" : 0,
        "iops" : 0.000000,
        "runtime" : 0,
        "total_ios" : 0,
        "short_ios" : 0,
        "drop_ios" : 0,
        "slat_ns" : {
          "min" : 0,
          "max" : 0,
          "mean" : 0.000000,
          "stddev" : 0.000000,
          "N" : 0
        },
        "clat_ns" : {
          "min" : 0,
          "max" : 0,
          "mean" : 0.000000,
          "stddev" : 0.000000,
          "N" : 0
        },
        "lat_ns" : {
          "min" : 0,
          "max" : 0,
          "mean" : 0.000000,
          "stddev" : 0.000000,
          "N" : 0
        },
        "bw_min" : 0,
        "bw_max" : 0,
        "bw_agg" : 0.000000,
        "bw_mean" : 0.000000,
        "bw_dev" : 0.000000,
        "bw_samples" : 0,
        "iops_min" : 0,
        "iops_max" : 0,
        "iops_mean" : 0.000000,
        "iops_stddev" : 0.000000,
        "iops_samples" : 0
      },
      "trim" : {
        "io_bytes" : 0,
        "io_kbytes" : 0,
        "bw_bytes" : 0,
        "bw" : 0,
        "iops" : 0.000000,
        "runtime" : 0,
        "total_ios" : 0,
        "short_ios" : 0,
        "drop_ios" : 0,
        "slat_ns" : {
          "min" : 0,
          "max" : 0,
          "mean" : 0.000000,
          "stddev" : 0.000000,
          "N" : 0
        },
        "clat_ns" : {
          "min" : 0,
          "max" : 0,
          "mean" : 0.000000,
          "stddev" : 0.000000,
          "N" : 0
        },
        "lat_ns" : {
          "min" : 0,
          "max" : 0,
          "mean" : 0.000000,
          "stddev" : 0.000000,
          "N" : 0
        },
        "bw_min" : 0,
        "bw_max" : 0,
        "bw_agg" : 0.000000,
        "bw_mean" : 0.000000,
        "bw_dev" : 0.000000,
        "bw_samples" : 0,
        "iops_min" : 0,
        "iops_max" : 0,
        "iops_mean" : 0.000000,
        "iops_stddev" : 0.000000,
        "iops_samples" : 0
      },
      "sync" : {
        "total_ios" : 0,
        "lat_ns" : {
          "min" : 0,
          "max" : 0,
          "mean" : 0.000000,
          "stddev" : 0.000000,
          "N" : 0
        }
      },
      "job_runtime" : 30000,
      "usr_cpu" : 1.596667,
      "sys_cpu" : 10.626667,
      "ctx" : 932277,
      "majf" : 0,
      "minf" : 1,
      "iodepth_level" : {
        "1" : 100.000000,
        "2" : 0.000000,
        "4" : 0.000000,
        "8" : 0.000000,
        "16" : 0.000000,
        "32" : 0.000000,
        ">=64" : 0.000000
      },
      "iodepth_submit" : {
        "0" : 0.000000,
        "4" : 100.000000,
        "8" : 0.000000,
        "16" : 0.000000,
        "32" : 0.000000,
        "64" : 0.000000,
        ">=64" : 0.000000
      },
      "iodepth_complete" : {
        "0" : 0.000000,
        "4" : 100.000000,
        "8" : 0.000000,
        "16" : 0.000000,
        "32" : 0.000000,
        "64" : 0.000000,
        ">=64" : 0.000000
      },
      "latency_ns" : {
        "2" : 0.000000,
        "4" : 0.000000,
        "10" : 0.000000,
        "20" : 0.000000,
        "50" : 0.000000,
        "100" : 0.000000,
        "250" : 0.000000,
        "500" : 0.000000,
        "750" : 0.000000,
        "1000" : 0.000000
      },
      "latency_us" : {
        "2" : 0.000000,
        "4" : 0.000000,
        "10" : 55.513748,
        "20" : 3.420592,
        "50" : 0.014480,
        "100" : 41.048820,
        "250" : 0.010000,
        "500" : 0.000000,
        "750" : 0.000000,
        "1000" : 0.000000
      },
      "latency_ms" : {
        "2" : 0.000000,
        "4" : 0.000000,
        "10" : 0.000000,
        "20" : 0.000000,
        "50" : 0.000000,
        "100" : 0.000000,
        "250" : 0.000000,
        "500" : 0.000000,
        "750" : 0.000000,
        "1000" : 0.000000,
        "2000" : 0.000000,
        ">=2000" : 0.000000
      },
      "latency_depth" : 1,
      "latency_target" : 0,
      "latency_percentile" : 100.000000,
      "latency_window" : 0
    }
  ],
  "disk_util" : [
    {
      "name" : "nvme3n1",
      "read_ios" : 929100,
      "write_ios" : 0,
      "read_merges" : 0,
      "write_merges" : 0,
      "read_ticks" : 26544,
      "write_ticks" : 0,
      "in_queue" : 26545,
      "util" : 90.353451
    }
  ]
}
