{
  "fio version" : "fio-3.28",
  "timestamp" : 1734982310,
  "timestamp_ms" : 1734982310456,
  "time" : "Tue Dec 24 04:31:50 2024",
  "global options" : {
    "bs" : "4k",
    "ioengine" : "io_uring",
    "filesize" : "4G",
    "numjobs" : "4",
    "iodepth" : "32",
    "group_reporting" : "1",
    "runtime" : "60",
    "direct" : "1",
    "thread" : "1",
    "time_based" : "1",
    "filename" : "/dev/nvme3n1"
  },
  "jobs" : [
    {
      "jobname" : "randwrite",
      "groupid" : 0,
      "error" : 0,
      "eta" : 0,
      "elapsed" : 61,
      "job options" : {
        "rw" : "randwrite"
      },
      "read" : {
        "io_bytes" : 0,
        "io_kbytes" : 0,
        "bw_bytes" : 0,
        "bw" : 0,
        "iops" : 0.000000,
        "runtime" : 0,
        "total_ios" : 0,
        "short_ios" : 0,
        "drop_ios" : 0,
        "slat_ns" : {
          "min" : 0,
          "max" : 0,
          "mean" : 0.000000,
          "stddev" : 0.000000,
          "N" : 0
        },
        "clat_ns" : {
          "min" : 0,
          "max" : 0,
          "mean" : 0.000000,
          "stddev" : 0.000000,
          "N" : 0
        },
        "lat_ns" : {
          "min" : 0,
          "max" : 0,
          "mean" : 0.000000,
          "stddev" : 0.000000,
          "N" : 0
        },
        "bw_min" : 0,
        "bw_max" : 0,
        "bw_agg" : 0.000000,
        "bw_mean" : 0.000000,
        "bw_dev" : 0.000000,
        "bw_samples" : 0,
        "iops_min" : 0,
        "iops_max" : 0,
        "iops_mean" : 0.000000,
        "iops_stddev" : 0.000000,
        "iops_samples" : 0
      },
      "write" : {
        "io_bytes" : 3826622464,
        "io_kbytes" : 3736936,
        "bw_bytes" : 63765350,
        "bw" : 62270,
        "iops" : 15567.712586,
        "runtime" : 60011,
        "total_ios" : 934234,
        "short_ios" : 0,
        "drop_ios" : 0,
        "slat_ns" : {
          "min" : 1410,
          "max" : 146868,
          "mean" : 2682.063071,
          "stddev" : 982.633763,
          "N" : 934234
        },
        "clat_ns" : {
          "min" : 10160,
          "max" : 49139404,
          "mean" : 8218569.511721,
          "stddev" : 5035830.731458,
          "N" : 934234,
          "percentile" : {
            "1.000000" : 333824,
            "5.000000" : 1318912,
            "10.000000" : 2572288,
            "20.000000" : 4112384,
            "30.000000" : 4882432,
            "40.000000" : 5799936,
            "50.000000" : 7700480,
            "60.000000" : 8978432,
            "70.000000" : 10027008,
            "80.000000" : 12386304,
            "90.000000" : 14745600,
            "95.000000" : 17956864,
            "99.000000" : 23199744,
            "99.500000" : 25034752,
            "99.900000" : 30015488,
            "99.950000" : 32899072,
            "99.990000" : 37486592
          }
        },
        "lat_ns" : {
          "min" : 12120,
          "max" : 49141364,
          "mean" : 8221324.515847,
          "stddev" : 5035808.832894,
          "N" : 934234
        },
        "bw_min" : 45224,
        "bw_max" : 227808,
        "bw_agg" : 100.000000,
        "bw_mean" : 62374.386555,
        "bw_dev" : 6020.747228,
        "bw_samples" : 476,
        "iops_min" : 11306,
        "iops_max" : 56952,
        "iops_mean" : 15593.596639,
        "iops_stddev" : 1505.186807,
        "iops_samples" : 476
      },
      "trim" : {
        "io_bytes" : 0,
        "io_kbytes" : 0,
        "bw_bytes" : 0,
        "bw" : 0,
        "iops" : 0.000000,
        "runtime" : 0,
        "total_ios" : 0,
        "short_ios" : 0,
        "drop_ios" : 0,
        "slat_ns" : {
          "min" : 0,
          "max" : 0,
          "mean" : 0.000000,
          "stddev" : 0.000000,
          "N" : 0
        },
        "clat_ns" : {
          "min" : 0,
          "max" : 0,
          "mean" : 0.000000,
          "stddev" : 0.000000,
          "N" : 0
        },
        "lat_ns" : {
          "min" : 0,
          "max" : 0,
          "mean" : 0.000000,
          "stddev" : 0.000000,
          "N" : 0
        },
        "bw_min" : 0,
        "bw_max" : 0,
        "bw_agg" : 0.000000,
        "bw_mean" : 0.000000,
        "bw_dev" : 0.000000,
        "bw_samples" : 0,
        "iops_min" : 0,
        "iops_max" : 0,
        "iops_mean" : 0.000000,
        "iops_stddev" : 0.000000,
        "iops_samples" : 0
      },
      "sync" : {
        "total_ios" : 0,
        "lat_ns" : {
          "min" : 0,
          "max" : 0,
          "mean" : 0.000000,
          "stddev" : 0.000000,
          "N" : 0
        }
      },
      "job_runtime" : 240029,
      "usr_cpu" : 0.335793,
      "sys_cpu" : 1.615221,
      "ctx" : 398671,
      "majf" : 0,
      "minf" : 0,
      "iodepth_level" : {
        "1" : 0.100000,
        "2" : 0.100000,
        "4" : 0.100000,
        "8" : 0.100000,
        "16" : 0.100000,
        "32" : 99.986727,
        ">=64" : 0.000000
      },
      "iodepth_submit" : {
        "0" : 0.000000,
        "4" : 100.000000,
        "8" : 0.000000,
        "16" : 0.000000,
        "32" : 0.000000,
        "64" : 0.000000,
        ">=64" : 0.000000
      },
      "iodepth_complete" : {
        "0" : 0.000000,
        "4" : 99.999572,
        "8" : 0.000000,
        "16" : 0.000000,
        "32" : 0.100000,
        "64" : 0.000000,
        ">=64" : 0.000000
      },
      "latency_ns" : {
        "2" : 0.000000,
        "4" : 0.000000,
        "10" : 0.000000,
        "20" : 0.000000,
        "50" : 0.000000,
        "100" : 0.000000,
        "250" : 0.000000,
        "500" : 0.000000,
        "750" : 0.000000,
        "1000" : 0.000000
      },
      "latency_us" : {
        "2" : 0.000000,
        "4" : 0.000000,
        "10" : 0.000000,
        "20" : 0.016698,
        "50" : 0.023870,
        "100" : 0.027188,
        "250" : 0.297570,
        "500" : 1.743139,
        "750" : 1.319798,
        "1000" : 0.712776
      },
      "latency_ms" : {
        "2" : 3.375921,
        "4" : 11.406029,
        "10" : 51.185035,
        "20" : 27.543528,
        "50" : 2.348448,
        "100" : 0.000000,
        "250" : 0.000000,
        "500" : 0.000000,
        "750" : 0.000000,
        "1000" : 0.000000,
        "2000" : 0.000000,
        ">=2000" : 0.000000
      },
      "latency_depth" : 32,
      "latency_target" : 0,
      "latency_percentile" : 100.000000,
      "latency_window" : 0
    }
  ],
  "disk_util" : [
    {
      "name" : "nvme3n1",
      "read_ios" : 92,
      "write_ios" : 932790,
      "read_merges" : 0,
      "write_merges" : 0,
      "read_ticks" : 1,
      "write_ticks" : 7660011,
      "in_queue" : 7660012,
      "util" : 99.859951
    }
  ]
}
