{
  "fio version" : "fio-3.28",
  "timestamp" : 1736783467,
  "timestamp_ms" : 1736783467465,
  "time" : "Tue Jan 14 00:51:07 2025",
  "global options" : {
    "bs" : "128k",
    "ioengine" : "io_uring",
    "size" : "3G",
    "numjobs" : "4",
    "iodepth" : "32",
    "group_reporting" : "1",
    "direct" : "1",
    "thread" : "1",
    "filename" : "/dev/nvme3n1"
  },
  "jobs" : [
    {
      "jobname" : "randwrite",
      "groupid" : 0,
      "error" : 0,
      "eta" : 0,
      "elapsed" : 6,
      "job options" : {
        "rw" : "randwrite"
      },
      "read" : {
        "io_bytes" : 0,
        "io_kbytes" : 0,
        "bw_bytes" : 0,
        "bw" : 0,
        "iops" : 0.000000,
        "runtime" : 0,
        "total_ios" : 0,
        "short_ios" : 0,
        "drop_ios" : 0,
        "slat_ns" : {
          "min" : 0,
          "max" : 0,
          "mean" : 0.000000,
          "stddev" : 0.000000,
          "N" : 0
        },
        "clat_ns" : {
          "min" : 0,
          "max" : 0,
          "mean" : 0.000000,
          "stddev" : 0.000000,
          "N" : 0
        },
        "lat_ns" : {
          "min" : 0,
          "max" : 0,
          "mean" : 0.000000,
          "stddev" : 0.000000,
          "N" : 0
        },
        "bw_min" : 0,
        "bw_max" : 0,
        "bw_agg" : 0.000000,
        "bw_mean" : 0.000000,
        "bw_dev" : 0.000000,
        "bw_samples" : 0,
        "iops_min" : 0,
        "iops_max" : 0,
        "iops_mean" : 0.000000,
        "iops_stddev" : 0.000000,
        "iops_samples" : 0
      },
      "write" : {
        "io_bytes" : 12884901888,
        "io_kbytes" : 12582912,
        "bw_bytes" : 2341006883,
        "bw" : 2286139,
        "iops" : 17860.465116,
        "runtime" : 5504,
        "total_ios" : 98304,
        "short_ios" : 0,
        "drop_ios" : 0,
        "slat_ns" : {
          "min" : 3190,
          "max" : 37490,
          "mean" : 7403.623179,
          "stddev" : 909.820885,
          "N" : 98304
        },
        "clat_ns" : {
          "min" : 72359,
          "max" : 23860729,
          "mean" : 6707888.418915,
          "stddev" : 2699344.450758,
          "N" : 98304,
          "percentile" : {
            "1.000000" : 1777664,
            "5.000000" : 3031040,
            "10.000000" : 3588096,
            "20.000000" : 4358144,
            "30.000000" : 5341184,
            "40.000000" : 5537792,
            "50.000000" : 6258688,
            "60.000000" : 7045120,
            "70.000000" : 8093696,
            "80.000000" : 9240576,
            "90.000000" : 10158080,
            "95.000000" : 11075584,
            "99.000000" : 14090240,
            "99.500000" : 15925248,
            "99.900000" : 18481152,
            "99.950000" : 19791872,
            "99.990000" : 22413312
          }
        },
        "lat_ns" : {
          "min" : 84719,
          "max" : 23867519,
          "mean" : 6715354.086538,
          "stddev" : 2699335.563280,
          "N" : 98304
        },
        "bw_min" : 1698304,
        "bw_max" : 3651072,
        "bw_agg" : 100.000000,
        "bw_mean" : 2390713.018182,
        "bw_dev" : 160732.881350,
        "bw_samples" : 39,
        "iops_min" : 13268,
        "iops_max" : 28524,
        "iops_mean" : 18677.445455,
        "iops_stddev" : 1255.725636,
        "iops_samples" : 39
      },
      "trim" : {
        "io_bytes" : 0,
        "io_kbytes" : 0,
        "bw_bytes" : 0,
        "bw" : 0,
        "iops" : 0.000000,
        "runtime" : 0,
        "total_ios" : 0,
        "short_ios" : 0,
        "drop_ios" : 0,
        "slat_ns" : {
          "min" : 0,
          "max" : 0,
          "mean" : 0.000000,
          "stddev" : 0.000000,
          "N" : 0
        },
        "clat_ns" : {
          "min" : 0,
          "max" : 0,
          "mean" : 0.000000,
          "stddev" : 0.000000,
          "N" : 0
        },
        "lat_ns" : {
          "min" : 0,
          "max" : 0,
          "mean" : 0.000000,
          "stddev" : 0.000000,
          "N" : 0
        },
        "bw_min" : 0,
        "bw_max" : 0,
        "bw_agg" : 0.000000,
        "bw_mean" : 0.000000,
        "bw_dev" : 0.000000,
        "bw_samples" : 0,
        "iops_min" : 0,
        "iops_max" : 0,
        "iops_mean" : 0.000000,
        "iops_stddev" : 0.000000,
        "iops_samples" : 0
      },
      "sync" : {
        "total_ios" : 0,
        "lat_ns" : {
          "min" : 0,
          "max" : 0,
          "mean" : 0.000000,
          "stddev" : 0.000000,
          "N" : 0
        }
      },
      "job_runtime" : 20630,
      "usr_cpu" : 1.696558,
      "sys_cpu" : 4.023267,
      "ctx" : 98309,
      "majf" : 0,
      "minf" : 0,
      "iodepth_level" : {
        "1" : 0.100000,
        "2" : 0.100000,
        "4" : 0.100000,
        "8" : 0.100000,
        "16" : 0.100000,
        "32" : 99.873861,
        ">=64" : 0.000000
      },
      "iodepth_submit" : {
        "0" : 0.000000,
        "4" : 100.000000,
        "8" : 0.000000,
        "16" : 0.000000,
        "32" : 0.000000,
        "64" : 0.000000,
        ">=64" : 0.000000
      },
      "iodepth_complete" : {
        "0" : 0.000000,
        "4" : 99.995926,
        "8" : 0.000000,
        "16" : 0.000000,
        "32" : 0.100000,
        "64" : 0.000000,
        ">=64" : 0.000000
      },
      "latency_ns" : {
        "2" : 0.000000,
        "4" : 0.000000,
        "10" : 0.000000,
        "20" : 0.000000,
        "50" : 0.000000,
        "100" : 0.000000,
        "250" : 0.000000,
        "500" : 0.000000,
        "750" : 0.000000,
        "1000" : 0.000000
      },
      "latency_us" : {
        "2" : 0.000000,
        "4" : 0.000000,
        "10" : 0.000000,
        "20" : 0.000000,
        "50" : 0.000000,
        "100" : 0.010000,
        "250" : 0.089518,
        "500" : 0.143433,
        "750" : 0.124105,
        "1000" : 0.112915
      },
      "latency_ms" : {
        "2" : 2.756755,
        "4" : 12.122599,
        "10" : 72.778320,
        "20" : 11.835734,
        "50" : 0.034587,
        "100" : 0.000000,
        "250" : 0.000000,
        "500" : 0.000000,
        "750" : 0.000000,
        "1000" : 0.000000,
        "2000" : 0.000000,
        ">=2000" : 0.000000
      },
      "latency_depth" : 32,
      "latency_target" : 0,
      "latency_percentile" : 100.000000,
      "latency_window" : 0
    }
  ],
  "disk_util" : [
    {
      "name" : "nvme3n1",
      "read_ios" : 215,
      "write_ios" : 96343,
      "read_merges" : 0,
      "write_merges" : 0,
      "read_ticks" : 28,
      "write_ticks" : 655386,
      "in_queue" : 655415,
      "util" : 98.179833
    }
  ]
}
