{
  "fio version" : "fio-3.28",
  "timestamp" : 1736019606,
  "timestamp_ms" : 1736019606317,
  "time" : "Sun Jan  5 04:40:06 2025",
  "global options" : {
    "bs" : "256k",
    "ioengine" : "io_uring",
    "filesize" : "4G",
    "numjobs" : "4",
    "iodepth" : "32",
    "group_reporting" : "1",
    "runtime" : "60",
    "direct" : "1",
    "thread" : "1",
    "time_based" : "1",
    "filename" : "/dev/nvme3n1"
  },
  "jobs" : [
    {
      "jobname" : "randwrite",
      "groupid" : 0,
      "error" : 0,
      "eta" : 0,
      "elapsed" : 61,
      "job options" : {
        "rw" : "randwrite"
      },
      "read" : {
        "io_bytes" : 0,
        "io_kbytes" : 0,
        "bw_bytes" : 0,
        "bw" : 0,
        "iops" : 0.000000,
        "runtime" : 0,
        "total_ios" : 0,
        "short_ios" : 0,
        "drop_ios" : 0,
        "slat_ns" : {
          "min" : 0,
          "max" : 0,
          "mean" : 0.000000,
          "stddev" : 0.000000,
          "N" : 0
        },
        "clat_ns" : {
          "min" : 0,
          "max" : 0,
          "mean" : 0.000000,
          "stddev" : 0.000000,
          "N" : 0
        },
        "lat_ns" : {
          "min" : 0,
          "max" : 0,
          "mean" : 0.000000,
          "stddev" : 0.000000,
          "N" : 0
        },
        "bw_min" : 0,
        "bw_max" : 0,
        "bw_agg" : 0.000000,
        "bw_mean" : 0.000000,
        "bw_dev" : 0.000000,
        "bw_samples" : 0,
        "iops_min" : 0,
        "iops_max" : 0,
        "iops_mean" : 0.000000,
        "iops_stddev" : 0.000000,
        "iops_samples" : 0
      },
      "write" : {
        "io_bytes" : 81312612352,
        "io_kbytes" : 79406848,
        "bw_bytes" : 1354623202,
        "bw" : 1322874,
        "iops" : 5167.477426,
        "runtime" : 60026,
        "total_ios" : 310183,
        "short_ios" : 0,
        "drop_ios" : 0,
        "slat_ns" : {
          "min" : 4810,
          "max" : 49729,
          "mean" : 11458.198976,
          "stddev" : 2049.847013,
          "N" : 310183
        },
        "clat_ns" : {
          "min" : 238756,
          "max" : 101426183,
          "mean" : 24757135.024972,
          "stddev" : 10762973.168633,
          "N" : 310183,
          "percentile" : {
            "1.000000" : 5799936,
            "5.000000" : 8847360,
            "10.000000" : 11862016,
            "20.000000" : 16711680,
            "30.000000" : 19267584,
            "40.000000" : 22413312,
            "50.000000" : 24772608,
            "60.000000" : 25296896,
            "70.000000" : 27918336,
            "80.000000" : 30539776,
            "90.000000" : 36438016,
            "95.000000" : 47972352,
            "99.000000" : 59506688,
            "99.500000" : 63176704,
            "99.900000" : 70778880,
            "99.950000" : 73924608,
            "99.990000" : 81264640
          }
        },
        "lat_ns" : {
          "min" : 256336,
          "max" : 101437722,
          "mean" : 24768664.603092,
          "stddev" : 10763236.734152,
          "N" : 310183
        },
        "bw_min" : 572928,
        "bw_max" : 3297280,
        "bw_agg" : 100.000000,
        "bw_mean" : 1322918.400000,
        "bw_dev" : 119817.842723,
        "bw_samples" : 480,
        "iops_min" : 2238,
        "iops_max" : 12880,
        "iops_mean" : 5167.650000,
        "iops_stddev" : 468.038448,
        "iops_samples" : 480
      },
      "trim" : {
        "io_bytes" : 0,
        "io_kbytes" : 0,
        "bw_bytes" : 0,
        "bw" : 0,
        "iops" : 0.000000,
        "runtime" : 0,
        "total_ios" : 0,
        "short_ios" : 0,
        "drop_ios" : 0,
        "slat_ns" : {
          "min" : 0,
          "max" : 0,
          "mean" : 0.000000,
          "stddev" : 0.000000,
          "N" : 0
        },
        "clat_ns" : {
          "min" : 0,
          "max" : 0,
          "mean" : 0.000000,
          "stddev" : 0.000000,
          "N" : 0
        },
        "lat_ns" : {
          "min" : 0,
          "max" : 0,
          "mean" : 0.000000,
          "stddev" : 0.000000,
          "N" : 0
        },
        "bw_min" : 0,
        "bw_max" : 0,
        "bw_agg" : 0.000000,
        "bw_mean" : 0.000000,
        "bw_dev" : 0.000000,
        "bw_samples" : 0,
        "iops_min" : 0,
        "iops_max" : 0,
        "iops_mean" : 0.000000,
        "iops_stddev" : 0.000000,
        "iops_samples" : 0
      },
      "sync" : {
        "total_ios" : 0,
        "lat_ns" : {
          "min" : 0,
          "max" : 0,
          "mean" : 0.000000,
          "stddev" : 0.000000,
          "N" : 0
        }
      },
      "job_runtime" : 240093,
      "usr_cpu" : 0.182429,
      "sys_cpu" : 2.062118,
      "ctx" : 310287,
      "majf" : 0,
      "minf" : 2,
      "iodepth_level" : {
        "1" : 0.100000,
        "2" : 0.100000,
        "4" : 0.100000,
        "8" : 0.100000,
        "16" : 0.100000,
        "32" : 99.960024,
        ">=64" : 0.000000
      },
      "iodepth_submit" : {
        "0" : 0.000000,
        "4" : 100.000000,
        "8" : 0.000000,
        "16" : 0.000000,
        "32" : 0.000000,
        "64" : 0.000000,
        ">=64" : 0.000000
      },
      "iodepth_complete" : {
        "0" : 0.000000,
        "4" : 99.998710,
        "8" : 0.000000,
        "16" : 0.000000,
        "32" : 0.100000,
        "64" : 0.000000,
        ">=64" : 0.000000
      },
      "latency_ns" : {
        "2" : 0.000000,
        "4" : 0.000000,
        "10" : 0.000000,
        "20" : 0.000000,
        "50" : 0.000000,
        "100" : 0.000000,
        "250" : 0.000000,
        "500" : 0.000000,
        "750" : 0.000000,
        "1000" : 0.000000
      },
      "latency_us" : {
        "2" : 0.000000,
        "4" : 0.000000,
        "10" : 0.000000,
        "20" : 0.000000,
        "50" : 0.000000,
        "100" : 0.000000,
        "250" : 0.010000,
        "500" : 0.061254,
        "750" : 0.027403,
        "1000" : 0.034496
      },
      "latency_ms" : {
        "2" : 0.187309,
        "4" : 0.361077,
        "10" : 6.630924,
        "20" : 25.934690,
        "50" : 62.566936,
        "100" : 4.194621,
        "250" : 0.010000,
        "500" : 0.000000,
        "750" : 0.000000,
        "1000" : 0.000000,
        "2000" : 0.000000,
        ">=2000" : 0.000000
      },
      "latency_depth" : 32,
      "latency_target" : 0,
      "latency_percentile" : 100.000000,
      "latency_window" : 0
    }
  ],
  "disk_util" : [
    {
      "name" : "nvme3n1",
      "read_ios" : 138,
      "write_ios" : 309499,
      "read_merges" : 0,
      "write_merges" : 0,
      "read_ticks" : 1,
      "write_ticks" : 7659500,
      "in_queue" : 7659501,
      "util" : 99.851620
    }
  ]
}
