{
  "fio version" : "fio-3.28",
  "timestamp" : 1736783104,
  "timestamp_ms" : 1736783104655,
  "time" : "Tue Jan 14 00:45:04 2025",
  "global options" : {
    "bs" : "4k",
    "ioengine" : "io_uring",
    "size" : "3G",
    "numjobs" : "4",
    "iodepth" : "32",
    "group_reporting" : "1",
    "direct" : "1",
    "thread" : "1",
    "filename" : "/dev/nvme3n1"
  },
  "jobs" : [
    {
      "jobname" : "randwrite",
      "groupid" : 0,
      "error" : 0,
      "eta" : 0,
      "elapsed" : 131,
      "job options" : {
        "rw" : "randwrite"
      },
      "read" : {
        "io_bytes" : 0,
        "io_kbytes" : 0,
        "bw_bytes" : 0,
        "bw" : 0,
        "iops" : 0.000000,
        "runtime" : 0,
        "total_ios" : 0,
        "short_ios" : 0,
        "drop_ios" : 0,
        "slat_ns" : {
          "min" : 0,
          "max" : 0,
          "mean" : 0.000000,
          "stddev" : 0.000000,
          "N" : 0
        },
        "clat_ns" : {
          "min" : 0,
          "max" : 0,
          "mean" : 0.000000,
          "stddev" : 0.000000,
          "N" : 0
        },
        "lat_ns" : {
          "min" : 0,
          "max" : 0,
          "mean" : 0.000000,
          "stddev" : 0.000000,
          "N" : 0
        },
        "bw_min" : 0,
        "bw_max" : 0,
        "bw_agg" : 0.000000,
        "bw_mean" : 0.000000,
        "bw_dev" : 0.000000,
        "bw_samples" : 0,
        "iops_min" : 0,
        "iops_max" : 0,
        "iops_mean" : 0.000000,
        "iops_stddev" : 0.000000,
        "iops_samples" : 0
      },
      "write" : {
        "io_bytes" : 12884901888,
        "io_kbytes" : 12582912,
        "bw_bytes" : 98784083,
        "bw" : 96468,
        "iops" : 24117.207805,
        "runtime" : 130435,
        "total_ios" : 3145728,
        "short_ios" : 0,
        "drop_ios" : 0,
        "slat_ns" : {
          "min" : 1150,
          "max" : 42270,
          "mean" : 1924.152095,
          "stddev" : 630.915901,
          "N" : 3145728
        },
        "clat_ns" : {
          "min" : 460,
          "max" : 20385492,
          "mean" : 5231631.485993,
          "stddev" : 1964030.809581,
          "N" : 3145728,
          "percentile" : {
            "1.000000" : 1384448,
            "5.000000" : 2408448,
            "10.000000" : 2932736,
            "20.000000" : 3588096,
            "30.000000" : 4112384,
            "40.000000" : 4554752,
            "50.000000" : 5013504,
            "60.000000" : 5537792,
            "70.000000" : 6062080,
            "80.000000" : 6782976,
            "90.000000" : 7831552,
            "95.000000" : 8716288,
            "99.000000" : 10813440,
            "99.500000" : 11599872,
            "99.900000" : 13434880,
            "99.950000" : 14090240,
            "99.990000" : 15663104
          }
        },
        "lat_ns" : {
          "min" : 10150,
          "max" : 20387322,
          "mean" : 5233617.260825,
          "stddev" : 1963988.417055,
          "N" : 3145728
        },
        "bw_min" : 80056,
        "bw_max" : 232672,
        "bw_agg" : 100.000000,
        "bw_mean" : 97449.989148,
        "bw_dev" : 4055.867612,
        "bw_samples" : 1026,
        "iops_min" : 20014,
        "iops_max" : 58168,
        "iops_mean" : 24362.497287,
        "iops_stddev" : 1013.966903,
        "iops_samples" : 1026
      },
      "trim" : {
        "io_bytes" : 0,
        "io_kbytes" : 0,
        "bw_bytes" : 0,
        "bw" : 0,
        "iops" : 0.000000,
        "runtime" : 0,
        "total_ios" : 0,
        "short_ios" : 0,
        "drop_ios" : 0,
        "slat_ns" : {
          "min" : 0,
          "max" : 0,
          "mean" : 0.000000,
          "stddev" : 0.000000,
          "N" : 0
        },
        "clat_ns" : {
          "min" : 0,
          "max" : 0,
          "mean" : 0.000000,
          "stddev" : 0.000000,
          "N" : 0
        },
        "lat_ns" : {
          "min" : 0,
          "max" : 0,
          "mean" : 0.000000,
          "stddev" : 0.000000,
          "N" : 0
        },
        "bw_min" : 0,
        "bw_max" : 0,
        "bw_agg" : 0.000000,
        "bw_mean" : 0.000000,
        "bw_dev" : 0.000000,
        "bw_samples" : 0,
        "iops_min" : 0,
        "iops_max" : 0,
        "iops_mean" : 0.000000,
        "iops_stddev" : 0.000000,
        "iops_samples" : 0
      },
      "sync" : {
        "total_ios" : 0,
        "lat_ns" : {
          "min" : 0,
          "max" : 0,
          "mean" : 0.000000,
          "stddev" : 0.000000,
          "N" : 0
        }
      },
      "job_runtime" : 514521,
      "usr_cpu" : 0.638847,
      "sys_cpu" : 1.892828,
      "ctx" : 1226606,
      "majf" : 0,
      "minf" : 0,
      "iodepth_level" : {
        "1" : 0.100000,
        "2" : 0.100000,
        "4" : 0.100000,
        "8" : 0.100000,
        "16" : 0.100000,
        "32" : 99.996058,
        ">=64" : 0.000000
      },
      "iodepth_submit" : {
        "0" : 0.000000,
        "4" : 100.000000,
        "8" : 0.000000,
        "16" : 0.000000,
        "32" : 0.000000,
        "64" : 0.000000,
        ">=64" : 0.000000
      },
      "iodepth_complete" : {
        "0" : 0.000000,
        "4" : 99.999873,
        "8" : 0.000000,
        "16" : 0.000000,
        "32" : 0.100000,
        "64" : 0.000000,
        ">=64" : 0.000000
      },
      "latency_ns" : {
        "2" : 0.000000,
        "4" : 0.000000,
        "10" : 0.000000,
        "20" : 0.000000,
        "50" : 0.000000,
        "100" : 0.000000,
        "250" : 0.000000,
        "500" : 0.010000,
        "750" : 0.000000,
        "1000" : 0.000000
      },
      "latency_us" : {
        "2" : 0.000000,
        "4" : 0.010000,
        "10" : 0.010000,
        "20" : 0.039164,
        "50" : 0.022348,
        "100" : 0.010000,
        "250" : 0.027498,
        "500" : 0.057189,
        "750" : 0.138505,
        "1000" : 0.112406
      },
      "latency_ms" : {
        "2" : 2.364000,
        "4" : 25.016530,
        "10" : 70.302423,
        "20" : 1.906967,
        "50" : 0.010000,
        "100" : 0.000000,
        "250" : 0.000000,
        "500" : 0.000000,
        "750" : 0.000000,
        "1000" : 0.000000,
        "2000" : 0.000000,
        ">=2000" : 0.000000
      },
      "latency_depth" : 32,
      "latency_target" : 0,
      "latency_percentile" : 100.000000,
      "latency_window" : 0
    }
  ],
  "disk_util" : [
    {
      "name" : "nvme3n1",
      "read_ios" : 216,
      "write_ios" : 3144463,
      "read_merges" : 0,
      "write_merges" : 0,
      "read_ticks" : 34,
      "write_ticks" : 16433167,
      "in_queue" : 16433201,
      "util" : 99.946346
    }
  ]
}
