{
  "fio version" : "fio-3.28",
  "timestamp" : 1736177853,
  "timestamp_ms" : 1736177853086,
  "time" : "Tue Jan  7 00:37:33 2025",
  "global options" : {
    "bs" : "32k",
    "ioengine" : "io_uring",
    "filesize" : "4G",
    "numjobs" : "4",
    "iodepth" : "32",
    "group_reporting" : "1",
    "runtime" : "60",
    "direct" : "1",
    "thread" : "1",
    "time_based" : "1",
    "filename" : "/dev/nvme3n1"
  },
  "jobs" : [
    {
      "jobname" : "randwrite",
      "groupid" : 0,
      "error" : 0,
      "eta" : 0,
      "elapsed" : 61,
      "job options" : {
        "rw" : "randwrite"
      },
      "read" : {
        "io_bytes" : 0,
        "io_kbytes" : 0,
        "bw_bytes" : 0,
        "bw" : 0,
        "iops" : 0.000000,
        "runtime" : 0,
        "total_ios" : 0,
        "short_ios" : 0,
        "drop_ios" : 0,
        "slat_ns" : {
          "min" : 0,
          "max" : 0,
          "mean" : 0.000000,
          "stddev" : 0.000000,
          "N" : 0
        },
        "clat_ns" : {
          "min" : 0,
          "max" : 0,
          "mean" : 0.000000,
          "stddev" : 0.000000,
          "N" : 0
        },
        "lat_ns" : {
          "min" : 0,
          "max" : 0,
          "mean" : 0.000000,
          "stddev" : 0.000000,
          "N" : 0
        },
        "bw_min" : 0,
        "bw_max" : 0,
        "bw_agg" : 0.000000,
        "bw_mean" : 0.000000,
        "bw_dev" : 0.000000,
        "bw_samples" : 0,
        "iops_min" : 0,
        "iops_max" : 0,
        "iops_mean" : 0.000000,
        "iops_stddev" : 0.000000,
        "iops_samples" : 0
      },
      "write" : {
        "io_bytes" : 119987961856,
        "io_kbytes" : 117175744,
        "bw_bytes" : 1999699379,
        "bw" : 1952831,
        "iops" : 61025.982034,
        "runtime" : 60003,
        "total_ios" : 3661742,
        "short_ios" : 0,
        "drop_ios" : 0,
        "slat_ns" : {
          "min" : 1920,
          "max" : 534067,
          "mean" : 2979.210622,
          "stddev" : 1202.096996,
          "N" : 3661742
        },
        "clat_ns" : {
          "min" : 8900,
          "max" : 9738692,
          "mean" : 2094103.587490,
          "stddev" : 975269.128520,
          "N" : 3661742,
          "percentile" : {
            "1.000000" : 146432,
            "5.000000" : 667648,
            "10.000000" : 995328,
            "20.000000" : 1335296,
            "30.000000" : 1564672,
            "40.000000" : 1777664,
            "50.000000" : 1990656,
            "60.000000" : 2211840,
            "70.000000" : 2473984,
            "80.000000" : 2801664,
            "90.000000" : 3358720,
            "95.000000" : 3850240,
            "99.000000" : 5013504,
            "99.500000" : 5406720,
            "99.900000" : 6455296,
            "99.950000" : 6848512,
            "99.990000" : 7766016
          }
        },
        "lat_ns" : {
          "min" : 21880,
          "max" : 9742172,
          "mean" : 2097133.622423,
          "stddev" : 975208.515289,
          "N" : 3661742
        },
        "bw_min" : 1627264,
        "bw_max" : 2411264,
        "bw_agg" : 100.000000,
        "bw_mean" : 1953360.134454,
        "bw_dev" : 37622.406699,
        "bw_samples" : 476,
        "iops_min" : 50852,
        "iops_max" : 75352,
        "iops_mean" : 61042.504202,
        "iops_stddev" : 1175.703955,
        "iops_samples" : 476
      },
      "trim" : {
        "io_bytes" : 0,
        "io_kbytes" : 0,
        "bw_bytes" : 0,
        "bw" : 0,
        "iops" : 0.000000,
        "runtime" : 0,
        "total_ios" : 0,
        "short_ios" : 0,
        "drop_ios" : 0,
        "slat_ns" : {
          "min" : 0,
          "max" : 0,
          "mean" : 0.000000,
          "stddev" : 0.000000,
          "N" : 0
        },
        "clat_ns" : {
          "min" : 0,
          "max" : 0,
          "mean" : 0.000000,
          "stddev" : 0.000000,
          "N" : 0
        },
        "lat_ns" : {
          "min" : 0,
          "max" : 0,
          "mean" : 0.000000,
          "stddev" : 0.000000,
          "N" : 0
        },
        "bw_min" : 0,
        "bw_max" : 0,
        "bw_agg" : 0.000000,
        "bw_mean" : 0.000000,
        "bw_dev" : 0.000000,
        "bw_samples" : 0,
        "iops_min" : 0,
        "iops_max" : 0,
        "iops_mean" : 0.000000,
        "iops_stddev" : 0.000000,
        "iops_samples" : 0
      },
      "sync" : {
        "total_ios" : 0,
        "lat_ns" : {
          "min" : 0,
          "max" : 0,
          "mean" : 0.000000,
          "stddev" : 0.000000,
          "N" : 0
        }
      },
      "job_runtime" : 240005,
      "usr_cpu" : 1.952876,
      "sys_cpu" : 6.939439,
      "ctx" : 3023689,
      "majf" : 0,
      "minf" : 0,
      "iodepth_level" : {
        "1" : 0.100000,
        "2" : 0.100000,
        "4" : 0.100000,
        "8" : 0.100000,
        "16" : 0.100000,
        "32" : 99.996614,
        ">=64" : 0.000000
      },
      "iodepth_submit" : {
        "0" : 0.000000,
        "4" : 100.000000,
        "8" : 0.000000,
        "16" : 0.000000,
        "32" : 0.000000,
        "64" : 0.000000,
        ">=64" : 0.000000
      },
      "iodepth_complete" : {
        "0" : 0.000000,
        "4" : 99.999891,
        "8" : 0.000000,
        "16" : 0.000000,
        "32" : 0.100000,
        "64" : 0.000000,
        ">=64" : 0.000000
      },
      "latency_ns" : {
        "2" : 0.000000,
        "4" : 0.000000,
        "10" : 0.000000,
        "20" : 0.000000,
        "50" : 0.000000,
        "100" : 0.000000,
        "250" : 0.000000,
        "500" : 0.000000,
        "750" : 0.000000,
        "1000" : 0.000000
      },
      "latency_us" : {
        "2" : 0.000000,
        "4" : 0.000000,
        "10" : 0.010000,
        "20" : 0.010000,
        "50" : 0.340521,
        "100" : 0.375559,
        "250" : 1.113432,
        "500" : 1.850458,
        "750" : 2.292870,
        "1000" : 4.171075
      },
      "latency_ms" : {
        "2" : 40.633311,
        "4" : 45.091981,
        "10" : 4.128773,
        "20" : 0.000000,
        "50" : 0.000000,
        "100" : 0.000000,
        "250" : 0.000000,
        "500" : 0.000000,
        "750" : 0.000000,
        "1000" : 0.000000,
        "2000" : 0.000000,
        ">=2000" : 0.000000
      },
      "latency_depth" : 32,
      "latency_target" : 0,
      "latency_percentile" : 100.000000,
      "latency_window" : 0
    }
  ],
  "disk_util" : [
    {
      "name" : "nvme3n1",
      "read_ios" : 162,
      "write_ios" : 3654914,
      "read_merges" : 0,
      "write_merges" : 0,
      "read_ticks" : 1,
      "write_ticks" : 7646064,
      "in_queue" : 7646065,
      "util" : 99.868276
    }
  ]
}
