{
  "fio version" : "fio-3.28",
  "timestamp" : 1738778842,
  "timestamp_ms" : 1738778842409,
  "time" : "Thu Feb  6 03:07:22 2025",
  "global options" : {
    "bs" : "4k",
    "ioengine" : "io_uring",
    "size" : "3G",
    "numjobs" : "4",
    "iodepth" : "16",
    "group_reporting" : "1",
    "direct" : "1",
    "thread" : "1",
    "filename" : "/dev/nvme3n1"
  },
  "jobs" : [
    {
      "jobname" : "randwrite",
      "groupid" : 0,
      "error" : 0,
      "eta" : 0,
      "elapsed" : 122,
      "job options" : {
        "rw" : "randwrite"
      },
      "read" : {
        "io_bytes" : 0,
        "io_kbytes" : 0,
        "bw_bytes" : 0,
        "bw" : 0,
        "iops" : 0.000000,
        "runtime" : 0,
        "total_ios" : 0,
        "short_ios" : 0,
        "drop_ios" : 0,
        "slat_ns" : {
          "min" : 0,
          "max" : 0,
          "mean" : 0.000000,
          "stddev" : 0.000000,
          "N" : 0
        },
        "clat_ns" : {
          "min" : 0,
          "max" : 0,
          "mean" : 0.000000,
          "stddev" : 0.000000,
          "N" : 0
        },
        "lat_ns" : {
          "min" : 0,
          "max" : 0,
          "mean" : 0.000000,
          "stddev" : 0.000000,
          "N" : 0
        },
        "bw_min" : 0,
        "bw_max" : 0,
        "bw_agg" : 0.000000,
        "bw_mean" : 0.000000,
        "bw_dev" : 0.000000,
        "bw_samples" : 0,
        "iops_min" : 0,
        "iops_max" : 0,
        "iops_mean" : 0.000000,
        "iops_stddev" : 0.000000,
        "iops_samples" : 0
      },
      "write" : {
        "io_bytes" : 12884901888,
        "io_kbytes" : 12582912,
        "bw_bytes" : 106529051,
        "bw" : 104032,
        "iops" : 26008.069317,
        "runtime" : 120952,
        "total_ios" : 3145728,
        "short_ios" : 0,
        "drop_ios" : 0,
        "slat_ns" : {
          "min" : 1200,
          "max" : 193759,
          "mean" : 1886.244511,
          "stddev" : 642.733291,
          "N" : 3145728
        },
        "clat_ns" : {
          "min" : 160,
          "max" : 16330925,
          "mean" : 2431580.225797,
          "stddev" : 1315173.362474,
          "N" : 3145728,
          "percentile" : {
            "1.000000" : 292864,
            "5.000000" : 684032,
            "10.000000" : 954368,
            "20.000000" : 1335296,
            "30.000000" : 1630208,
            "40.000000" : 1925120,
            "50.000000" : 2211840,
            "60.000000" : 2539520,
            "70.000000" : 2932736,
            "80.000000" : 3391488,
            "90.000000" : 4177920,
            "95.000000" : 4882432,
            "99.000000" : 6455296,
            "99.500000" : 7110656,
            "99.900000" : 8454144,
            "99.950000" : 9109504,
            "99.990000" : 10289152
          }
        },
        "lat_ns" : {
          "min" : 9129,
          "max" : 16333365,
          "mean" : 2433530.279695,
          "stddev" : 1315122.312669,
          "N" : 3145728
        },
        "bw_min" : 86088,
        "bw_max" : 258176,
        "bw_agg" : 100.000000,
        "bw_mean" : 104885.382277,
        "bw_dev" : 4389.389983,
        "bw_samples" : 954,
        "iops_min" : 21522,
        "iops_max" : 64544,
        "iops_mean" : 26221.334089,
        "iops_stddev" : 1097.341239,
        "iops_samples" : 954
      },
      "trim" : {
        "io_bytes" : 0,
        "io_kbytes" : 0,
        "bw_bytes" : 0,
        "bw" : 0,
        "iops" : 0.000000,
        "runtime" : 0,
        "total_ios" : 0,
        "short_ios" : 0,
        "drop_ios" : 0,
        "slat_ns" : {
          "min" : 0,
          "max" : 0,
          "mean" : 0.000000,
          "stddev" : 0.000000,
          "N" : 0
        },
        "clat_ns" : {
          "min" : 0,
          "max" : 0,
          "mean" : 0.000000,
          "stddev" : 0.000000,
          "N" : 0
        },
        "lat_ns" : {
          "min" : 0,
          "max" : 0,
          "mean" : 0.000000,
          "stddev" : 0.000000,
          "N" : 0
        },
        "bw_min" : 0,
        "bw_max" : 0,
        "bw_agg" : 0.000000,
        "bw_mean" : 0.000000,
        "bw_dev" : 0.000000,
        "bw_samples" : 0,
        "iops_min" : 0,
        "iops_max" : 0,
        "iops_mean" : 0.000000,
        "iops_stddev" : 0.000000,
        "iops_samples" : 0
      },
      "sync" : {
        "total_ios" : 0,
        "lat_ns" : {
          "min" : 0,
          "max" : 0,
          "mean" : 0.000000,
          "stddev" : 0.000000,
          "N" : 0
        }
      },
      "job_runtime" : 478522,
      "usr_cpu" : 0.669771,
      "sys_cpu" : 2.068243,
      "ctx" : 1278975,
      "majf" : 0,
      "minf" : 0,
      "iodepth_level" : {
        "1" : 0.100000,
        "2" : 0.100000,
        "4" : 0.100000,
        "8" : 0.100000,
        "16" : 99.998093,
        "32" : 0.000000,
        ">=64" : 0.000000
      },
      "iodepth_submit" : {
        "0" : 0.000000,
        "4" : 100.000000,
        "8" : 0.000000,
        "16" : 0.000000,
        "32" : 0.000000,
        "64" : 0.000000,
        ">=64" : 0.000000
      },
      "iodepth_complete" : {
        "0" : 0.000000,
        "4" : 99.999873,
        "8" : 0.000000,
        "16" : 0.100000,
        "32" : 0.000000,
        "64" : 0.000000,
        ">=64" : 0.000000
      },
      "latency_ns" : {
        "2" : 0.000000,
        "4" : 0.000000,
        "10" : 0.000000,
        "20" : 0.000000,
        "50" : 0.000000,
        "100" : 0.000000,
        "250" : 0.010000,
        "500" : 0.010000,
        "750" : 0.000000,
        "1000" : 0.000000
      },
      "latency_us" : {
        "2" : 0.000000,
        "4" : 0.010000,
        "10" : 0.024637,
        "20" : 0.171789,
        "50" : 0.147025,
        "100" : 0.123882,
        "250" : 0.354862,
        "500" : 1.819388,
        "750" : 3.505739,
        "1000" : 4.950682
      },
      "latency_ms" : {
        "2" : 31.451734,
        "4" : 45.689074,
        "10" : 11.746025,
        "20" : 0.014973,
        "50" : 0.000000,
        "100" : 0.000000,
        "250" : 0.000000,
        "500" : 0.000000,
        "750" : 0.000000,
        "1000" : 0.000000,
        "2000" : 0.000000,
        ">=2000" : 0.000000
      },
      "latency_depth" : 16,
      "latency_target" : 0,
      "latency_percentile" : 100.000000,
      "latency_window" : 0
    }
  ],
  "disk_util" : [
    {
      "name" : "nvme3n1",
      "read_ios" : 215,
      "write_ios" : 3143779,
      "read_merges" : 0,
      "write_merges" : 0,
      "read_ticks" : 44,
      "write_ticks" : 7623761,
      "in_queue" : 7623806,
      "util" : 99.942133
    }
  ]
}
