{
  "fio version" : "fio-3.28",
  "timestamp" : 1733765998,
  "timestamp_ms" : 1733765998503,
  "time" : "Tue Dec 10 02:39:58 2024",
  "global options" : {
    "bs" : "8k",
    "ioengine" : "io_uring",
    "filesize" : "4G",
    "numjobs" : "4",
    "iodepth" : "32",
    "group_reporting" : "1",
    "runtime" : "30",
    "direct" : "1",
    "thread" : "1",
    "time_based" : "1",
    "filename" : "/dev/nvme3n1"
  },
  "jobs" : [
    {
      "jobname" : "seqread",
      "groupid" : 0,
      "error" : 0,
      "eta" : 0,
      "elapsed" : 31,
      "job options" : {
        "rw" : "read"
      },
      "read" : {
        "io_bytes" : 96463314944,
        "io_kbytes" : 94202456,
        "bw_bytes" : 3215336653,
        "bw" : 3139977,
        "iops" : 392497.150095,
        "runtime" : 30001,
        "total_ios" : 11775307,
        "short_ios" : 0,
        "drop_ios" : 0,
        "slat_ns" : {
          "min" : 1350,
          "max" : 203838,
          "mean" : 2127.562103,
          "stddev" : 691.383316,
          "N" : 11775307
        },
        "clat_ns" : {
          "min" : 2970,
          "max" : 3039077,
          "mean" : 323741.234654,
          "stddev" : 277969.167442,
          "N" : 11775307,
          "percentile" : {
            "1.000000" : 87552,
            "5.000000" : 107008,
            "10.000000" : 126464,
            "20.000000" : 152576,
            "30.000000" : 179200,
            "40.000000" : 205824,
            "50.000000" : 244736,
            "60.000000" : 292864,
            "70.000000" : 337920,
            "80.000000" : 391168,
            "90.000000" : 610304,
            "95.000000" : 815104,
            "99.000000" : 1662976,
            "99.500000" : 1695744,
            "99.900000" : 1761280,
            "99.950000" : 1761280,
            "99.990000" : 1794048
          }
        },
        "lat_ns" : {
          "min" : 4880,
          "max" : 3042737,
          "mean" : 325916.887126,
          "stddev" : 277973.651704,
          "N" : 11775307
        },
        "bw_min" : 3071840,
        "bw_max" : 3223200,
        "bw_agg" : 100.000000,
        "bw_mean" : 3141570.440678,
        "bw_dev" : 15753.945106,
        "bw_samples" : 236,
        "iops_min" : 383980,
        "iops_max" : 402900,
        "iops_mean" : 392696.372881,
        "iops_stddev" : 1969.246498,
        "iops_samples" : 236
      },
      "write" : {
        "io_bytes" : 0,
        "io_kbytes" : 0,
        "bw_bytes" : 0,
        "bw" : 0,
        "iops" : 0.000000,
        "runtime" : 0,
        "total_ios" : 0,
        "short_ios" : 0,
        "drop_ios" : 0,
        "slat_ns" : {
          "min" : 0,
          "max" : 0,
          "mean" : 0.000000,
          "stddev" : 0.000000,
          "N" : 0
        },
        "clat_ns" : {
          "min" : 0,
          "max" : 0,
          "mean" : 0.000000,
          "stddev" : 0.000000,
          "N" : 0
        },
        "lat_ns" : {
          "min" : 0,
          "max" : 0,
          "mean" : 0.000000,
          "stddev" : 0.000000,
          "N" : 0
        },
        "bw_min" : 0,
        "bw_max" : 0,
        "bw_agg" : 0.000000,
        "bw_mean" : 0.000000,
        "bw_dev" : 0.000000,
        "bw_samples" : 0,
        "iops_min" : 0,
        "iops_max" : 0,
        "iops_mean" : 0.000000,
        "iops_stddev" : 0.000000,
        "iops_samples" : 0
      },
      "trim" : {
        "io_bytes" : 0,
        "io_kbytes" : 0,
        "bw_bytes" : 0,
        "bw" : 0,
        "iops" : 0.000000,
        "runtime" : 0,
        "total_ios" : 0,
        "short_ios" : 0,
        "drop_ios" : 0,
        "slat_ns" : {
          "min" : 0,
          "max" : 0,
          "mean" : 0.000000,
          "stddev" : 0.000000,
          "N" : 0
        },
        "clat_ns" : {
          "min" : 0,
          "max" : 0,
          "mean" : 0.000000,
          "stddev" : 0.000000,
          "N" : 0
        },
        "lat_ns" : {
          "min" : 0,
          "max" : 0,
          "mean" : 0.000000,
          "stddev" : 0.000000,
          "N" : 0
        },
        "bw_min" : 0,
        "bw_max" : 0,
        "bw_agg" : 0.000000,
        "bw_mean" : 0.000000,
        "bw_dev" : 0.000000,
        "bw_samples" : 0,
        "iops_min" : 0,
        "iops_max" : 0,
        "iops_mean" : 0.000000,
        "iops_stddev" : 0.000000,
        "iops_samples" : 0
      },
      "sync" : {
        "total_ios" : 0,
        "lat_ns" : {
          "min" : 0,
          "max" : 0,
          "mean" : 0.000000,
          "stddev" : 0.000000,
          "N" : 0
        }
      },
      "job_runtime" : 120000,
      "usr_cpu" : 5.197500,
      "sys_cpu" : 36.069167,
      "ctx" : 7164276,
      "majf" : 0,
      "minf" : 256,
      "iodepth_level" : {
        "1" : 0.100000,
        "2" : 0.100000,
        "4" : 0.100000,
        "8" : 0.100000,
        "16" : 0.100000,
        "32" : 99.992629,
        ">=64" : 0.000000
      },
      "iodepth_submit" : {
        "0" : 0.000000,
        "4" : 100.000000,
        "8" : 0.000000,
        "16" : 0.000000,
        "32" : 0.000000,
        "64" : 0.000000,
        ">=64" : 0.000000
      },
      "iodepth_complete" : {
        "0" : 0.000000,
        "4" : 99.999762,
        "8" : 0.000000,
        "16" : 0.000000,
        "32" : 0.100000,
        "64" : 0.000000,
        ">=64" : 0.000000
      },
      "latency_ns" : {
        "2" : 0.000000,
        "4" : 0.000000,
        "10" : 0.000000,
        "20" : 0.000000,
        "50" : 0.000000,
        "100" : 0.000000,
        "250" : 0.000000,
        "500" : 0.000000,
        "750" : 0.000000,
        "1000" : 0.000000
      },
      "latency_us" : {
        "2" : 0.000000,
        "4" : 0.010000,
        "10" : 0.010000,
        "20" : 0.010000,
        "50" : 0.010000,
        "100" : 3.228137,
        "250" : 48.092479,
        "500" : 36.415152,
        "750" : 6.203456,
        "1000" : 2.571449
      },
      "latency_ms" : {
        "2" : 3.475332,
        "4" : 0.010000,
        "10" : 0.000000,
        "20" : 0.000000,
        "50" : 0.000000,
        "100" : 0.000000,
        "250" : 0.000000,
        "500" : 0.000000,
        "750" : 0.000000,
        "1000" : 0.000000,
        "2000" : 0.000000,
        ">=2000" : 0.000000
      },
      "latency_depth" : 32,
      "latency_target" : 0,
      "latency_percentile" : 100.000000,
      "latency_window" : 0
    }
  ],
  "disk_util" : [
    {
      "name" : "nvme3n1",
      "read_ios" : 11734233,
      "write_ios" : 0,
      "read_merges" : 0,
      "write_merges" : 0,
      "read_ticks" : 3767318,
      "write_ticks" : 0,
      "in_queue" : 3767318,
      "util" : 99.693211
    }
  ]
}
