{
  "fio version" : "fio-3.28",
  "timestamp" : 1732734392,
  "timestamp_ms" : 1732734392931,
  "time" : "Thu Nov 28 04:06:32 2024",
  "global options" : {
    "bs" : "16k",
    "ioengine" : "io_uring",
    "filesize" : "8G",
    "numjobs" : "4",
    "iodepth" : "32",
    "group_reporting" : "1",
    "runtime" : "30",
    "direct" : "1",
    "thread" : "1",
    "time_based" : "1",
    "filename" : "/dev/nvme3n1"
  },
  "jobs" : [
    {
      "jobname" : "seqwrite",
      "groupid" : 0,
      "error" : 0,
      "eta" : 0,
      "elapsed" : 31,
      "job options" : {
        "rw" : "write"
      },
      "read" : {
        "io_bytes" : 0,
        "io_kbytes" : 0,
        "bw_bytes" : 0,
        "bw" : 0,
        "iops" : 0.000000,
        "runtime" : 0,
        "total_ios" : 0,
        "short_ios" : 0,
        "drop_ios" : 0,
        "slat_ns" : {
          "min" : 0,
          "max" : 0,
          "mean" : 0.000000,
          "stddev" : 0.000000,
          "N" : 0
        },
        "clat_ns" : {
          "min" : 0,
          "max" : 0,
          "mean" : 0.000000,
          "stddev" : 0.000000,
          "N" : 0
        },
        "lat_ns" : {
          "min" : 0,
          "max" : 0,
          "mean" : 0.000000,
          "stddev" : 0.000000,
          "N" : 0
        },
        "bw_min" : 0,
        "bw_max" : 0,
        "bw_agg" : 0.000000,
        "bw_mean" : 0.000000,
        "bw_dev" : 0.000000,
        "bw_samples" : 0,
        "iops_min" : 0,
        "iops_max" : 0,
        "iops_mean" : 0.000000,
        "iops_stddev" : 0.000000,
        "iops_samples" : 0
      },
      "write" : {
        "io_bytes" : 103458062336,
        "io_kbytes" : 101033264,
        "bw_bytes" : 3448487128,
        "bw" : 3367663,
        "iops" : 210478.950702,
        "runtime" : 30001,
        "total_ios" : 6314579,
        "short_ios" : 0,
        "drop_ios" : 0,
        "slat_ns" : {
          "min" : 1680,
          "max" : 216370,
          "mean" : 3006.728369,
          "stddev" : 1166.829139,
          "N" : 6314579
        },
        "clat_ns" : {
          "min" : 8930,
          "max" : 1328649,
          "mean" : 604803.893524,
          "stddev" : 91094.710928,
          "N" : 6314579,
          "percentile" : {
            "1.000000" : 87552,
            "5.000000" : 552960,
            "10.000000" : 577536,
            "20.000000" : 585728,
            "30.000000" : 585728,
            "40.000000" : 593920,
            "50.000000" : 593920,
            "60.000000" : 593920,
            "70.000000" : 602112,
            "80.000000" : 626688,
            "90.000000" : 700416,
            "95.000000" : 757760,
            "99.000000" : 831488,
            "99.500000" : 864256,
            "99.900000" : 954368,
            "99.950000" : 987136,
            "99.990000" : 1089536
          }
        },
        "lat_ns" : {
          "min" : 13940,
          "max" : 1332429,
          "mean" : 607875.468530,
          "stddev" : 91090.046156,
          "N" : 6314579
        },
        "bw_min" : 2790464,
        "bw_max" : 3586336,
        "bw_agg" : 99.935795,
        "bw_mean" : 3365501.830508,
        "bw_dev" : 63829.883588,
        "bw_samples" : 236,
        "iops_min" : 174404,
        "iops_max" : 224146,
        "iops_mean" : 210343.864407,
        "iops_stddev" : 3989.367724,
        "iops_samples" : 236
      },
      "trim" : {
        "io_bytes" : 0,
        "io_kbytes" : 0,
        "bw_bytes" : 0,
        "bw" : 0,
        "iops" : 0.000000,
        "runtime" : 0,
        "total_ios" : 0,
        "short_ios" : 0,
        "drop_ios" : 0,
        "slat_ns" : {
          "min" : 0,
          "max" : 0,
          "mean" : 0.000000,
          "stddev" : 0.000000,
          "N" : 0
        },
        "clat_ns" : {
          "min" : 0,
          "max" : 0,
          "mean" : 0.000000,
          "stddev" : 0.000000,
          "N" : 0
        },
        "lat_ns" : {
          "min" : 0,
          "max" : 0,
          "mean" : 0.000000,
          "stddev" : 0.000000,
          "N" : 0
        },
        "bw_min" : 0,
        "bw_max" : 0,
        "bw_agg" : 0.000000,
        "bw_mean" : 0.000000,
        "bw_dev" : 0.000000,
        "bw_samples" : 0,
        "iops_min" : 0,
        "iops_max" : 0,
        "iops_mean" : 0.000000,
        "iops_stddev" : 0.000000,
        "iops_samples" : 0
      },
      "sync" : {
        "total_ios" : 0,
        "lat_ns" : {
          "min" : 0,
          "max" : 0,
          "mean" : 0.000000,
          "stddev" : 0.000000,
          "N" : 0
        }
      },
      "job_runtime" : 120000,
      "usr_cpu" : 4.099167,
      "sys_cpu" : 19.901667,
      "ctx" : 2034545,
      "majf" : 0,
      "minf" : 0,
      "iodepth_level" : {
        "1" : 0.100000,
        "2" : 0.100000,
        "4" : 0.100000,
        "8" : 0.100000,
        "16" : 0.100000,
        "32" : 99.998036,
        ">=64" : 0.000000
      },
      "iodepth_submit" : {
        "0" : 0.000000,
        "4" : 100.000000,
        "8" : 0.000000,
        "16" : 0.000000,
        "32" : 0.000000,
        "64" : 0.000000,
        ">=64" : 0.000000
      },
      "iodepth_complete" : {
        "0" : 0.000000,
        "4" : 99.999937,
        "8" : 0.000000,
        "16" : 0.000000,
        "32" : 0.100000,
        "64" : 0.000000,
        ">=64" : 0.000000
      },
      "latency_ns" : {
        "2" : 0.000000,
        "4" : 0.000000,
        "10" : 0.000000,
        "20" : 0.000000,
        "50" : 0.000000,
        "100" : 0.000000,
        "250" : 0.000000,
        "500" : 0.000000,
        "750" : 0.000000,
        "1000" : 0.000000
      },
      "latency_us" : {
        "2" : 0.000000,
        "4" : 0.000000,
        "10" : 0.010000,
        "20" : 0.020698,
        "50" : 0.450861,
        "100" : 0.680647,
        "250" : 0.487016,
        "500" : 0.702327,
        "750" : 92.199464,
        "1000" : 5.418271
      },
      "latency_ms" : {
        "2" : 0.040668,
        "4" : 0.000000,
        "10" : 0.000000,
        "20" : 0.000000,
        "50" : 0.000000,
        "100" : 0.000000,
        "250" : 0.000000,
        "500" : 0.000000,
        "750" : 0.000000,
        "1000" : 0.000000,
        "2000" : 0.000000,
        ">=2000" : 0.000000
      },
      "latency_depth" : 32,
      "latency_target" : 0,
      "latency_percentile" : 100.000000,
      "latency_window" : 0
    }
  ],
  "disk_util" : [
    {
      "name" : "nvme3n1",
      "read_ios" : 86,
      "write_ios" : 6291009,
      "read_merges" : 0,
      "write_merges" : 0,
      "read_ticks" : 1,
      "write_ticks" : 3778699,
      "in_queue" : 3778700,
      "util" : 99.703185
    }
  ]
}
