{
  "fio version" : "fio-3.28",
  "timestamp" : 1736018436,
  "timestamp_ms" : 1736018436591,
  "time" : "Sun Jan  5 04:20:36 2025",
  "global options" : {
    "bs" : "8k",
    "ioengine" : "io_uring",
    "filesize" : "4G",
    "numjobs" : "4",
    "iodepth" : "32",
    "group_reporting" : "1",
    "runtime" : "60",
    "direct" : "1",
    "thread" : "1",
    "time_based" : "1",
    "filename" : "/dev/nvme3n1"
  },
  "jobs" : [
    {
      "jobname" : "seqwrite",
      "groupid" : 0,
      "error" : 0,
      "eta" : 0,
      "elapsed" : 61,
      "job options" : {
        "rw" : "write"
      },
      "read" : {
        "io_bytes" : 0,
        "io_kbytes" : 0,
        "bw_bytes" : 0,
        "bw" : 0,
        "iops" : 0.000000,
        "runtime" : 0,
        "total_ios" : 0,
        "short_ios" : 0,
        "drop_ios" : 0,
        "slat_ns" : {
          "min" : 0,
          "max" : 0,
          "mean" : 0.000000,
          "stddev" : 0.000000,
          "N" : 0
        },
        "clat_ns" : {
          "min" : 0,
          "max" : 0,
          "mean" : 0.000000,
          "stddev" : 0.000000,
          "N" : 0
        },
        "lat_ns" : {
          "min" : 0,
          "max" : 0,
          "mean" : 0.000000,
          "stddev" : 0.000000,
          "N" : 0
        },
        "bw_min" : 0,
        "bw_max" : 0,
        "bw_agg" : 0.000000,
        "bw_mean" : 0.000000,
        "bw_dev" : 0.000000,
        "bw_samples" : 0,
        "iops_min" : 0,
        "iops_max" : 0,
        "iops_mean" : 0.000000,
        "iops_stddev" : 0.000000,
        "iops_samples" : 0
      },
      "write" : {
        "io_bytes" : 55257841664,
        "io_kbytes" : 53962736,
        "bw_bytes" : 920933329,
        "bw" : 899348,
        "iops" : 112418.619379,
        "runtime" : 60002,
        "total_ios" : 6745342,
        "short_ios" : 0,
        "drop_ios" : 0,
        "slat_ns" : {
          "min" : 1480,
          "max" : 199268,
          "mean" : 2431.177826,
          "stddev" : 1045.346395,
          "N" : 6745342
        },
        "clat_ns" : {
          "min" : 7149,
          "max" : 10735678,
          "mean" : 1135815.696919,
          "stddev" : 653020.837233,
          "N" : 6745342,
          "percentile" : {
            "1.000000" : 102912,
            "5.000000" : 305152,
            "10.000000" : 436224,
            "20.000000" : 716800,
            "30.000000" : 831488,
            "40.000000" : 880640,
            "50.000000" : 946176,
            "60.000000" : 1171456,
            "70.000000" : 1318912,
            "80.000000" : 1499136,
            "90.000000" : 1908736,
            "95.000000" : 2342912,
            "99.000000" : 3391488,
            "99.500000" : 3883008,
            "99.900000" : 5079040,
            "99.950000" : 5668864,
            "99.990000" : 6848512
          }
        },
        "lat_ns" : {
          "min" : 10850,
          "max" : 10737828,
          "mean" : 1138306.040918,
          "stddev" : 652932.385082,
          "N" : 6745342
        },
        "bw_min" : 706736,
        "bw_max" : 3442864,
        "bw_agg" : 100.000000,
        "bw_mean" : 900027.294118,
        "bw_dev" : 64989.902388,
        "bw_samples" : 476,
        "iops_min" : 88342,
        "iops_max" : 430358,
        "iops_mean" : 112503.411765,
        "iops_stddev" : 8123.736273,
        "iops_samples" : 476
      },
      "trim" : {
        "io_bytes" : 0,
        "io_kbytes" : 0,
        "bw_bytes" : 0,
        "bw" : 0,
        "iops" : 0.000000,
        "runtime" : 0,
        "total_ios" : 0,
        "short_ios" : 0,
        "drop_ios" : 0,
        "slat_ns" : {
          "min" : 0,
          "max" : 0,
          "mean" : 0.000000,
          "stddev" : 0.000000,
          "N" : 0
        },
        "clat_ns" : {
          "min" : 0,
          "max" : 0,
          "mean" : 0.000000,
          "stddev" : 0.000000,
          "N" : 0
        },
        "lat_ns" : {
          "min" : 0,
          "max" : 0,
          "mean" : 0.000000,
          "stddev" : 0.000000,
          "N" : 0
        },
        "bw_min" : 0,
        "bw_max" : 0,
        "bw_agg" : 0.000000,
        "bw_mean" : 0.000000,
        "bw_dev" : 0.000000,
        "bw_samples" : 0,
        "iops_min" : 0,
        "iops_max" : 0,
        "iops_mean" : 0.000000,
        "iops_stddev" : 0.000000,
        "iops_samples" : 0
      },
      "sync" : {
        "total_ios" : 0,
        "lat_ns" : {
          "min" : 0,
          "max" : 0,
          "mean" : 0.000000,
          "stddev" : 0.000000,
          "N" : 0
        }
      },
      "job_runtime" : 240001,
      "usr_cpu" : 1.763743,
      "sys_cpu" : 7.948717,
      "ctx" : 1061613,
      "majf" : 0,
      "minf" : 0,
      "iodepth_level" : {
        "1" : 0.100000,
        "2" : 0.100000,
        "4" : 0.100000,
        "8" : 0.100000,
        "16" : 0.100000,
        "32" : 99.998162,
        ">=64" : 0.000000
      },
      "iodepth_submit" : {
        "0" : 0.000000,
        "4" : 100.000000,
        "8" : 0.000000,
        "16" : 0.000000,
        "32" : 0.000000,
        "64" : 0.000000,
        ">=64" : 0.000000
      },
      "iodepth_complete" : {
        "0" : 0.000000,
        "4" : 99.999941,
        "8" : 0.000000,
        "16" : 0.000000,
        "32" : 0.100000,
        "64" : 0.000000,
        ">=64" : 0.000000
      },
      "latency_ns" : {
        "2" : 0.000000,
        "4" : 0.000000,
        "10" : 0.000000,
        "20" : 0.000000,
        "50" : 0.000000,
        "100" : 0.000000,
        "250" : 0.000000,
        "500" : 0.000000,
        "750" : 0.000000,
        "1000" : 0.000000
      },
      "latency_us" : {
        "2" : 0.000000,
        "4" : 0.000000,
        "10" : 0.010000,
        "20" : 0.012379,
        "50" : 0.028835,
        "100" : 0.886449,
        "250" : 0.649648,
        "500" : 12.809951,
        "750" : 7.007547,
        "1000" : 33.022314
      },
      "latency_ms" : {
        "2" : 36.735187,
        "4" : 8.410634,
        "10" : 0.436553,
        "20" : 0.010000,
        "50" : 0.000000,
        "100" : 0.000000,
        "250" : 0.000000,
        "500" : 0.000000,
        "750" : 0.000000,
        "1000" : 0.000000,
        "2000" : 0.000000,
        ">=2000" : 0.000000
      },
      "latency_depth" : 32,
      "latency_target" : 0,
      "latency_percentile" : 100.000000,
      "latency_window" : 0
    }
  ],
  "disk_util" : [
    {
      "name" : "nvme3n1",
      "read_ios" : 92,
      "write_ios" : 6734033,
      "read_merges" : 0,
      "write_merges" : 0,
      "read_ticks" : 1,
      "write_ticks" : 7578342,
      "in_queue" : 7578344,
      "util" : 99.866613
    }
  ]
}
