{
  "fio version" : "fio-3.28",
  "timestamp" : 1734983899,
  "timestamp_ms" : 1734983899202,
  "time" : "Tue Dec 24 04:58:19 2024",
  "global options" : {
    "bs" : "256k",
    "ioengine" : "io_uring",
    "filesize" : "4G",
    "numjobs" : "4",
    "iodepth" : "32",
    "group_reporting" : "1",
    "runtime" : "60",
    "direct" : "1",
    "thread" : "1",
    "time_based" : "1",
    "filename" : "/dev/nvme3n1"
  },
  "jobs" : [
    {
      "jobname" : "seqwrite",
      "groupid" : 0,
      "error" : 0,
      "eta" : 0,
      "elapsed" : 61,
      "job options" : {
        "rw" : "write"
      },
      "read" : {
        "io_bytes" : 0,
        "io_kbytes" : 0,
        "bw_bytes" : 0,
        "bw" : 0,
        "iops" : 0.000000,
        "runtime" : 0,
        "total_ios" : 0,
        "short_ios" : 0,
        "drop_ios" : 0,
        "slat_ns" : {
          "min" : 0,
          "max" : 0,
          "mean" : 0.000000,
          "stddev" : 0.000000,
          "N" : 0
        },
        "clat_ns" : {
          "min" : 0,
          "max" : 0,
          "mean" : 0.000000,
          "stddev" : 0.000000,
          "N" : 0
        },
        "lat_ns" : {
          "min" : 0,
          "max" : 0,
          "mean" : 0.000000,
          "stddev" : 0.000000,
          "N" : 0
        },
        "bw_min" : 0,
        "bw_max" : 0,
        "bw_agg" : 0.000000,
        "bw_mean" : 0.000000,
        "bw_dev" : 0.000000,
        "bw_samples" : 0,
        "iops_min" : 0,
        "iops_max" : 0,
        "iops_mean" : 0.000000,
        "iops_stddev" : 0.000000,
        "iops_samples" : 0
      },
      "write" : {
        "io_bytes" : 34429992960,
        "io_kbytes" : 33623040,
        "bw_bytes" : 573259956,
        "bw" : 559824,
        "iops" : 2186.813187,
        "runtime" : 60060,
        "total_ios" : 131340,
        "short_ios" : 0,
        "drop_ios" : 0,
        "slat_ns" : {
          "min" : 6170,
          "max" : 71471,
          "mean" : 14004.216248,
          "stddev" : 2885.925571,
          "N" : 131340
        },
        "clat_ns" : {
          "min" : 116280,
          "max" : 180432334,
          "mean" : 58509596.237277,
          "stddev" : 20354118.847887,
          "N" : 131340,
          "percentile" : {
            "1.000000" : 13434880,
            "5.000000" : 26083328,
            "10.000000" : 33816576,
            "20.000000" : 42205184,
            "30.000000" : 47448064,
            "40.000000" : 51642368,
            "50.000000" : 56360960,
            "60.000000" : 61079552,
            "70.000000" : 67633152,
            "80.000000" : 74973184,
            "90.000000" : 86507520,
            "95.000000" : 94896128,
            "99.000000" : 108527616,
            "99.500000" : 114819072,
            "99.900000" : 137363456,
            "99.950000" : 141557760,
            "99.990000" : 162529280
          }
        },
        "lat_ns" : {
          "min" : 133180,
          "max" : 180443234,
          "mean" : 58523703.247465,
          "stddev" : 20354507.153926,
          "N" : 131340
        },
        "bw_min" : 355328,
        "bw_max" : 1084452,
        "bw_agg" : 100.000000,
        "bw_mean" : 559864.283333,
        "bw_dev" : 36864.615854,
        "bw_samples" : 480,
        "iops_min" : 1388,
        "iops_max" : 4236,
        "iops_mean" : 2186.966667,
        "iops_stddev" : 143.999500,
        "iops_samples" : 480
      },
      "trim" : {
        "io_bytes" : 0,
        "io_kbytes" : 0,
        "bw_bytes" : 0,
        "bw" : 0,
        "iops" : 0.000000,
        "runtime" : 0,
        "total_ios" : 0,
        "short_ios" : 0,
        "drop_ios" : 0,
        "slat_ns" : {
          "min" : 0,
          "max" : 0,
          "mean" : 0.000000,
          "stddev" : 0.000000,
          "N" : 0
        },
        "clat_ns" : {
          "min" : 0,
          "max" : 0,
          "mean" : 0.000000,
          "stddev" : 0.000000,
          "N" : 0
        },
        "lat_ns" : {
          "min" : 0,
          "max" : 0,
          "mean" : 0.000000,
          "stddev" : 0.000000,
          "N" : 0
        },
        "bw_min" : 0,
        "bw_max" : 0,
        "bw_agg" : 0.000000,
        "bw_mean" : 0.000000,
        "bw_dev" : 0.000000,
        "bw_samples" : 0,
        "iops_min" : 0,
        "iops_max" : 0,
        "iops_mean" : 0.000000,
        "iops_stddev" : 0.000000,
        "iops_samples" : 0
      },
      "sync" : {
        "total_ios" : 0,
        "lat_ns" : {
          "min" : 0,
          "max" : 0,
          "mean" : 0.000000,
          "stddev" : 0.000000,
          "N" : 0
        }
      },
      "job_runtime" : 240212,
      "usr_cpu" : 0.228548,
      "sys_cpu" : 1.084042,
      "ctx" : 131334,
      "majf" : 0,
      "minf" : 0,
      "iodepth_level" : {
        "1" : 0.100000,
        "2" : 0.100000,
        "4" : 0.100000,
        "8" : 0.100000,
        "16" : 0.100000,
        "32" : 99.905589,
        ">=64" : 0.000000
      },
      "iodepth_submit" : {
        "0" : 0.000000,
        "4" : 100.000000,
        "8" : 0.000000,
        "16" : 0.000000,
        "32" : 0.000000,
        "64" : 0.000000,
        ">=64" : 0.000000
      },
      "iodepth_complete" : {
        "0" : 0.000000,
        "4" : 99.996952,
        "8" : 0.000000,
        "16" : 0.000000,
        "32" : 0.100000,
        "64" : 0.000000,
        ">=64" : 0.000000
      },
      "latency_ns" : {
        "2" : 0.000000,
        "4" : 0.000000,
        "10" : 0.000000,
        "20" : 0.000000,
        "50" : 0.000000,
        "100" : 0.000000,
        "250" : 0.000000,
        "500" : 0.000000,
        "750" : 0.000000,
        "1000" : 0.000000
      },
      "latency_us" : {
        "2" : 0.000000,
        "4" : 0.000000,
        "10" : 0.000000,
        "20" : 0.000000,
        "50" : 0.000000,
        "100" : 0.000000,
        "250" : 0.026648,
        "500" : 0.054058,
        "750" : 0.035785,
        "1000" : 0.015228
      },
      "latency_ms" : {
        "2" : 0.010000,
        "4" : 0.088320,
        "10" : 0.517740,
        "20" : 0.827623,
        "50" : 32.743262,
        "100" : 63.112532,
        "250" : 2.578042,
        "500" : 0.000000,
        "750" : 0.000000,
        "1000" : 0.000000,
        "2000" : 0.000000,
        ">=2000" : 0.000000
      },
      "latency_depth" : 32,
      "latency_target" : 0,
      "latency_percentile" : 100.000000,
      "latency_window" : 0
    }
  ],
  "disk_util" : [
    {
      "name" : "nvme3n1",
      "read_ios" : 162,
      "write_ios" : 130983,
      "read_merges" : 0,
      "write_merges" : 0,
      "read_ticks" : 1,
      "write_ticks" : 7659244,
      "in_queue" : 7659245,
      "util" : 99.856616
    }
  ]
}
