{
  "fio version" : "fio-3.28",
  "timestamp" : 1740506399,
  "timestamp_ms" : 1740506399874,
  "time" : "Wed Feb 26 02:59:59 2025",
  "global options" : {
    "bs" : "4k",
    "ioengine" : "io_uring",
    "size" : "12G",
    "numjobs" : "4",
    "iodepth" : "16",
    "group_reporting" : "1",
    "direct" : "1",
    "thread" : "1",
    "filename" : "/dev/nvme3n1"
  },
  "jobs" : [
    {
      "jobname" : "randwrite",
      "groupid" : 0,
      "error" : 0,
      "eta" : 0,
      "elapsed" : 196,
      "job options" : {
        "rw" : "randwrite"
      },
      "read" : {
        "io_bytes" : 0,
        "io_kbytes" : 0,
        "bw_bytes" : 0,
        "bw" : 0,
        "iops" : 0.000000,
        "runtime" : 0,
        "total_ios" : 0,
        "short_ios" : 0,
        "drop_ios" : 0,
        "slat_ns" : {
          "min" : 0,
          "max" : 0,
          "mean" : 0.000000,
          "stddev" : 0.000000,
          "N" : 0
        },
        "clat_ns" : {
          "min" : 0,
          "max" : 0,
          "mean" : 0.000000,
          "stddev" : 0.000000,
          "N" : 0
        },
        "lat_ns" : {
          "min" : 0,
          "max" : 0,
          "mean" : 0.000000,
          "stddev" : 0.000000,
          "N" : 0
        },
        "bw_min" : 0,
        "bw_max" : 0,
        "bw_agg" : 0.000000,
        "bw_mean" : 0.000000,
        "bw_dev" : 0.000000,
        "bw_samples" : 0,
        "iops_min" : 0,
        "iops_max" : 0,
        "iops_mean" : 0.000000,
        "iops_stddev" : 0.000000,
        "iops_samples" : 0
      },
      "write" : {
        "io_bytes" : 51539607552,
        "io_kbytes" : 50331648,
        "bw_bytes" : 263248635,
        "bw" : 257078,
        "iops" : 64269.686336,
        "runtime" : 195783,
        "total_ios" : 12582912,
        "short_ios" : 0,
        "drop_ios" : 0,
        "slat_ns" : {
          "min" : 1360,
          "max" : 199121,
          "mean" : 1837.733366,
          "stddev" : 521.572455,
          "N" : 12582912
        },
        "clat_ns" : {
          "min" : 3680,
          "max" : 3663452,
          "mean" : 992584.407433,
          "stddev" : 335984.053690,
          "N" : 12582912,
          "percentile" : {
            "1.000000" : 317440,
            "5.000000" : 489472,
            "10.000000" : 585728,
            "20.000000" : 708608,
            "30.000000" : 806912,
            "40.000000" : 888832,
            "50.000000" : 962560,
            "60.000000" : 1056768,
            "70.000000" : 1155072,
            "80.000000" : 1253376,
            "90.000000" : 1433600,
            "95.000000" : 1581056,
            "99.000000" : 1892352,
            "99.500000" : 2023424,
            "99.900000" : 2310144,
            "99.950000" : 2408448,
            "99.990000" : 2703360
          }
        },
        "lat_ns" : {
          "min" : 9650,
          "max" : 3665252,
          "mean" : 994481.431192,
          "stddev" : 335958.157481,
          "N" : 12582912
        },
        "bw_min" : 221944,
        "bw_max" : 552928,
        "bw_agg" : 100.000000,
        "bw_mean" : 257212.939550,
        "bw_dev" : 11675.814716,
        "bw_samples" : 1563,
        "iops_min" : 55486,
        "iops_max" : 138232,
        "iops_mean" : 64303.234888,
        "iops_stddev" : 2918.953726,
        "iops_samples" : 1563
      },
      "trim" : {
        "io_bytes" : 0,
        "io_kbytes" : 0,
        "bw_bytes" : 0,
        "bw" : 0,
        "iops" : 0.000000,
        "runtime" : 0,
        "total_ios" : 0,
        "short_ios" : 0,
        "drop_ios" : 0,
        "slat_ns" : {
          "min" : 0,
          "max" : 0,
          "mean" : 0.000000,
          "stddev" : 0.000000,
          "N" : 0
        },
        "clat_ns" : {
          "min" : 0,
          "max" : 0,
          "mean" : 0.000000,
          "stddev" : 0.000000,
          "N" : 0
        },
        "lat_ns" : {
          "min" : 0,
          "max" : 0,
          "mean" : 0.000000,
          "stddev" : 0.000000,
          "N" : 0
        },
        "bw_min" : 0,
        "bw_max" : 0,
        "bw_agg" : 0.000000,
        "bw_mean" : 0.000000,
        "bw_dev" : 0.000000,
        "bw_samples" : 0,
        "iops_min" : 0,
        "iops_max" : 0,
        "iops_mean" : 0.000000,
        "iops_stddev" : 0.000000,
        "iops_samples" : 0
      },
      "sync" : {
        "total_ios" : 0,
        "lat_ns" : {
          "min" : 0,
          "max" : 0,
          "mean" : 0.000000,
          "stddev" : 0.000000,
          "N" : 0
        }
      },
      "job_runtime" : 782345,
      "usr_cpu" : 1.609137,
      "sys_cpu" : 5.655050,
      "ctx" : 8186485,
      "majf" : 0,
      "minf" : 0,
      "iodepth_level" : {
        "1" : 0.100000,
        "2" : 0.100000,
        "4" : 0.100000,
        "8" : 0.100000,
        "16" : 99.999523,
        "32" : 0.000000,
        ">=64" : 0.000000
      },
      "iodepth_submit" : {
        "0" : 0.000000,
        "4" : 100.000000,
        "8" : 0.000000,
        "16" : 0.000000,
        "32" : 0.000000,
        "64" : 0.000000,
        ">=64" : 0.000000
      },
      "iodepth_complete" : {
        "0" : 0.000000,
        "4" : 99.999968,
        "8" : 0.000000,
        "16" : 0.100000,
        "32" : 0.000000,
        "64" : 0.000000,
        ">=64" : 0.000000
      },
      "latency_ns" : {
        "2" : 0.000000,
        "4" : 0.000000,
        "10" : 0.000000,
        "20" : 0.000000,
        "50" : 0.000000,
        "100" : 0.000000,
        "250" : 0.000000,
        "500" : 0.000000,
        "750" : 0.000000,
        "1000" : 0.000000
      },
      "latency_us" : {
        "2" : 0.000000,
        "4" : 0.010000,
        "10" : 0.010000,
        "20" : 0.010000,
        "50" : 0.024295,
        "100" : 0.038981,
        "250" : 0.318408,
        "500" : 5.078864,
        "750" : 18.656659,
        "1000" : 30.174907
      },
      "latency_ms" : {
        "2" : 45.121702,
        "4" : 0.575765,
        "10" : 0.000000,
        "20" : 0.000000,
        "50" : 0.000000,
        "100" : 0.000000,
        "250" : 0.000000,
        "500" : 0.000000,
        "750" : 0.000000,
        "1000" : 0.000000,
        "2000" : 0.000000,
        ">=2000" : 0.000000
      },
      "latency_depth" : 16,
      "latency_target" : 0,
      "latency_percentile" : 100.000000,
      "latency_window" : 0
    }
  ],
  "disk_util" : [
    {
      "name" : "nvme3n1",
      "read_ios" : 172,
      "write_ios" : 12574514,
      "read_merges" : 0,
      "write_merges" : 0,
      "read_ticks" : 42,
      "write_ticks" : 12437427,
      "in_queue" : 12437469,
      "util" : 99.970874
    }
  ]
}
