{
  "fio version" : "fio-3.28",
  "timestamp" : 1740506561,
  "timestamp_ms" : 1740506561900,
  "time" : "Wed Feb 26 03:02:41 2025",
  "global options" : {
    "bs" : "8k",
    "ioengine" : "io_uring",
    "size" : "12G",
    "numjobs" : "4",
    "iodepth" : "16",
    "group_reporting" : "1",
    "direct" : "1",
    "thread" : "1",
    "filename" : "/dev/nvme3n1"
  },
  "jobs" : [
    {
      "jobname" : "randwrite",
      "groupid" : 0,
      "error" : 0,
      "eta" : 0,
      "elapsed" : 93,
      "job options" : {
        "rw" : "randwrite"
      },
      "read" : {
        "io_bytes" : 0,
        "io_kbytes" : 0,
        "bw_bytes" : 0,
        "bw" : 0,
        "iops" : 0.000000,
        "runtime" : 0,
        "total_ios" : 0,
        "short_ios" : 0,
        "drop_ios" : 0,
        "slat_ns" : {
          "min" : 0,
          "max" : 0,
          "mean" : 0.000000,
          "stddev" : 0.000000,
          "N" : 0
        },
        "clat_ns" : {
          "min" : 0,
          "max" : 0,
          "mean" : 0.000000,
          "stddev" : 0.000000,
          "N" : 0
        },
        "lat_ns" : {
          "min" : 0,
          "max" : 0,
          "mean" : 0.000000,
          "stddev" : 0.000000,
          "N" : 0
        },
        "bw_min" : 0,
        "bw_max" : 0,
        "bw_agg" : 0.000000,
        "bw_mean" : 0.000000,
        "bw_dev" : 0.000000,
        "bw_samples" : 0,
        "iops_min" : 0,
        "iops_max" : 0,
        "iops_mean" : 0.000000,
        "iops_stddev" : 0.000000,
        "iops_samples" : 0
      },
      "write" : {
        "io_bytes" : 51539607552,
        "io_kbytes" : 50331648,
        "bw_bytes" : 559507659,
        "bw" : 546394,
        "iops" : 68299.274827,
        "runtime" : 92116,
        "total_ios" : 6291456,
        "short_ios" : 0,
        "drop_ios" : 0,
        "slat_ns" : {
          "min" : 1449,
          "max" : 211940,
          "mean" : 2017.466888,
          "stddev" : 660.806457,
          "N" : 6291456
        },
        "clat_ns" : {
          "min" : 8939,
          "max" : 3598709,
          "mean" : 919235.389123,
          "stddev" : 335698.333668,
          "N" : 6291456,
          "percentile" : {
            "1.000000" : 284672,
            "5.000000" : 419840,
            "10.000000" : 509952,
            "20.000000" : 626688,
            "30.000000" : 724992,
            "40.000000" : 815104,
            "50.000000" : 888832,
            "60.000000" : 970752,
            "70.000000" : 1073152,
            "80.000000" : 1187840,
            "90.000000" : 1368064,
            "95.000000" : 1515520,
            "99.000000" : 1826816,
            "99.500000" : 1957888,
            "99.900000" : 2211840,
            "99.950000" : 2342912,
            "99.990000" : 2572288
          }
        },
        "lat_ns" : {
          "min" : 12419,
          "max" : 3600569,
          "mean" : 921301.533588,
          "stddev" : 335585.375383,
          "N" : 6291456
        },
        "bw_min" : 445808,
        "bw_max" : 1137168,
        "bw_agg" : 100.000000,
        "bw_mean" : 555349.164655,
        "bw_dev" : 32527.826856,
        "bw_samples" : 722,
        "iops_min" : 55726,
        "iops_max" : 142146,
        "iops_mean" : 69418.645582,
        "iops_stddev" : 4065.978357,
        "iops_samples" : 722
      },
      "trim" : {
        "io_bytes" : 0,
        "io_kbytes" : 0,
        "bw_bytes" : 0,
        "bw" : 0,
        "iops" : 0.000000,
        "runtime" : 0,
        "total_ios" : 0,
        "short_ios" : 0,
        "drop_ios" : 0,
        "slat_ns" : {
          "min" : 0,
          "max" : 0,
          "mean" : 0.000000,
          "stddev" : 0.000000,
          "N" : 0
        },
        "clat_ns" : {
          "min" : 0,
          "max" : 0,
          "mean" : 0.000000,
          "stddev" : 0.000000,
          "N" : 0
        },
        "lat_ns" : {
          "min" : 0,
          "max" : 0,
          "mean" : 0.000000,
          "stddev" : 0.000000,
          "N" : 0
        },
        "bw_min" : 0,
        "bw_max" : 0,
        "bw_agg" : 0.000000,
        "bw_mean" : 0.000000,
        "bw_dev" : 0.000000,
        "bw_samples" : 0,
        "iops_min" : 0,
        "iops_max" : 0,
        "iops_mean" : 0.000000,
        "iops_stddev" : 0.000000,
        "iops_samples" : 0
      },
      "sync" : {
        "total_ios" : 0,
        "lat_ns" : {
          "min" : 0,
          "max" : 0,
          "mean" : 0.000000,
          "stddev" : 0.000000,
          "N" : 0
        }
      },
      "job_runtime" : 362359,
      "usr_cpu" : 1.326309,
      "sys_cpu" : 5.984397,
      "ctx" : 4075963,
      "majf" : 0,
      "minf" : 0,
      "iodepth_level" : {
        "1" : 0.100000,
        "2" : 0.100000,
        "4" : 0.100000,
        "8" : 0.100000,
        "16" : 99.999046,
        "32" : 0.000000,
        ">=64" : 0.000000
      },
      "iodepth_submit" : {
        "0" : 0.000000,
        "4" : 100.000000,
        "8" : 0.000000,
        "16" : 0.000000,
        "32" : 0.000000,
        "64" : 0.000000,
        ">=64" : 0.000000
      },
      "iodepth_complete" : {
        "0" : 0.000000,
        "4" : 99.999936,
        "8" : 0.000000,
        "16" : 0.100000,
        "32" : 0.000000,
        "64" : 0.000000,
        ">=64" : 0.000000
      },
      "latency_ns" : {
        "2" : 0.000000,
        "4" : 0.000000,
        "10" : 0.000000,
        "20" : 0.000000,
        "50" : 0.000000,
        "100" : 0.000000,
        "250" : 0.000000,
        "500" : 0.000000,
        "750" : 0.000000,
        "1000" : 0.000000
      },
      "latency_us" : {
        "2" : 0.000000,
        "4" : 0.000000,
        "10" : 0.010000,
        "20" : 0.010000,
        "50" : 0.016371,
        "100" : 0.028181,
        "250" : 0.466013,
        "500" : 8.889039,
        "750" : 23.558537,
        "1000" : 29.733610
      },
      "latency_ms" : {
        "2" : 36.931245,
        "4" : 0.372044,
        "10" : 0.000000,
        "20" : 0.000000,
        "50" : 0.000000,
        "100" : 0.000000,
        "250" : 0.000000,
        "500" : 0.000000,
        "750" : 0.000000,
        "1000" : 0.000000,
        "2000" : 0.000000,
        ">=2000" : 0.000000
      },
      "latency_depth" : 16,
      "latency_target" : 0,
      "latency_percentile" : 100.000000,
      "latency_window" : 0
    }
  ],
  "disk_util" : [
    {
      "name" : "nvme3n1",
      "read_ios" : 172,
      "write_ios" : 6278163,
      "read_merges" : 0,
      "write_merges" : 0,
      "read_ticks" : 33,
      "write_ticks" : 5762952,
      "in_queue" : 5762986,
      "util" : 99.923885
    }
  ]
}
