{
  "fio version" : "fio-3.28",
  "timestamp" : 1740508194,
  "timestamp_ms" : 1740508194941,
  "time" : "Wed Feb 26 03:29:54 2025",
  "global options" : {
    "bs" : "64k",
    "ioengine" : "io_uring",
    "size" : "12G",
    "numjobs" : "4",
    "iodepth" : "16",
    "group_reporting" : "1",
    "direct" : "1",
    "thread" : "1",
    "filename" : "/dev/nvme3n1"
  },
  "jobs" : [
    {
      "jobname" : "seqwrite",
      "groupid" : 0,
      "error" : 0,
      "eta" : 0,
      "elapsed" : 23,
      "job options" : {
        "rw" : "write"
      },
      "read" : {
        "io_bytes" : 0,
        "io_kbytes" : 0,
        "bw_bytes" : 0,
        "bw" : 0,
        "iops" : 0.000000,
        "runtime" : 0,
        "total_ios" : 0,
        "short_ios" : 0,
        "drop_ios" : 0,
        "slat_ns" : {
          "min" : 0,
          "max" : 0,
          "mean" : 0.000000,
          "stddev" : 0.000000,
          "N" : 0
        },
        "clat_ns" : {
          "min" : 0,
          "max" : 0,
          "mean" : 0.000000,
          "stddev" : 0.000000,
          "N" : 0
        },
        "lat_ns" : {
          "min" : 0,
          "max" : 0,
          "mean" : 0.000000,
          "stddev" : 0.000000,
          "N" : 0
        },
        "bw_min" : 0,
        "bw_max" : 0,
        "bw_agg" : 0.000000,
        "bw_mean" : 0.000000,
        "bw_dev" : 0.000000,
        "bw_samples" : 0,
        "iops_min" : 0,
        "iops_max" : 0,
        "iops_mean" : 0.000000,
        "iops_stddev" : 0.000000,
        "iops_samples" : 0
      },
      "write" : {
        "io_bytes" : 51539607552,
        "io_kbytes" : 50331648,
        "bw_bytes" : 2341432289,
        "bw" : 2286554,
        "iops" : 35727.421407,
        "runtime" : 22012,
        "total_ios" : 786432,
        "short_ios" : 0,
        "drop_ios" : 0,
        "slat_ns" : {
          "min" : 3180,
          "max" : 40840,
          "mean" : 5115.581867,
          "stddev" : 828.570222,
          "N" : 786432
        },
        "clat_ns" : {
          "min" : 60870,
          "max" : 5274702,
          "mean" : 1785148.216484,
          "stddev" : 609285.944579,
          "N" : 786432,
          "percentile" : {
            "1.000000" : 667648,
            "5.000000" : 913408,
            "10.000000" : 1073152,
            "20.000000" : 1269760,
            "30.000000" : 1400832,
            "40.000000" : 1564672,
            "50.000000" : 1728512,
            "60.000000" : 1875968,
            "70.000000" : 2056192,
            "80.000000" : 2277376,
            "90.000000" : 2605056,
            "95.000000" : 2899968,
            "99.000000" : 3424256,
            "99.500000" : 3620864,
            "99.900000" : 4145152,
            "99.950000" : 4292608,
            "99.990000" : 4685824
          }
        },
        "lat_ns" : {
          "min" : 71830,
          "max" : 5280022,
          "mean" : 1790324.399961,
          "stddev" : 609260.085040,
          "N" : 786432
        },
        "bw_min" : 1923072,
        "bw_max" : 2673536,
        "bw_agg" : 100.000000,
        "bw_mean" : 2288300.380550,
        "bw_dev" : 42343.399487,
        "bw_samples" : 173,
        "iops_min" : 30048,
        "iops_max" : 41774,
        "iops_mean" : 35754.693446,
        "iops_stddev" : 661.615617,
        "iops_samples" : 173
      },
      "trim" : {
        "io_bytes" : 0,
        "io_kbytes" : 0,
        "bw_bytes" : 0,
        "bw" : 0,
        "iops" : 0.000000,
        "runtime" : 0,
        "total_ios" : 0,
        "short_ios" : 0,
        "drop_ios" : 0,
        "slat_ns" : {
          "min" : 0,
          "max" : 0,
          "mean" : 0.000000,
          "stddev" : 0.000000,
          "N" : 0
        },
        "clat_ns" : {
          "min" : 0,
          "max" : 0,
          "mean" : 0.000000,
          "stddev" : 0.000000,
          "N" : 0
        },
        "lat_ns" : {
          "min" : 0,
          "max" : 0,
          "mean" : 0.000000,
          "stddev" : 0.000000,
          "N" : 0
        },
        "bw_min" : 0,
        "bw_max" : 0,
        "bw_agg" : 0.000000,
        "bw_mean" : 0.000000,
        "bw_dev" : 0.000000,
        "bw_samples" : 0,
        "iops_min" : 0,
        "iops_max" : 0,
        "iops_mean" : 0.000000,
        "iops_stddev" : 0.000000,
        "iops_samples" : 0
      },
      "sync" : {
        "total_ios" : 0,
        "lat_ns" : {
          "min" : 0,
          "max" : 0,
          "mean" : 0.000000,
          "stddev" : 0.000000,
          "N" : 0
        }
      },
      "job_runtime" : 88013,
      "usr_cpu" : 2.892754,
      "sys_cpu" : 5.354891,
      "ctx" : 778914,
      "majf" : 0,
      "minf" : 0,
      "iodepth_level" : {
        "1" : 0.100000,
        "2" : 0.100000,
        "4" : 0.100000,
        "8" : 0.100000,
        "16" : 99.992371,
        "32" : 0.000000,
        ">=64" : 0.000000
      },
      "iodepth_submit" : {
        "0" : 0.000000,
        "4" : 100.000000,
        "8" : 0.000000,
        "16" : 0.000000,
        "32" : 0.000000,
        "64" : 0.000000,
        ">=64" : 0.000000
      },
      "iodepth_complete" : {
        "0" : 0.000000,
        "4" : 99.999491,
        "8" : 0.000000,
        "16" : 0.100000,
        "32" : 0.000000,
        "64" : 0.000000,
        ">=64" : 0.000000
      },
      "latency_ns" : {
        "2" : 0.000000,
        "4" : 0.000000,
        "10" : 0.000000,
        "20" : 0.000000,
        "50" : 0.000000,
        "100" : 0.000000,
        "250" : 0.000000,
        "500" : 0.000000,
        "750" : 0.000000,
        "1000" : 0.000000
      },
      "latency_us" : {
        "2" : 0.000000,
        "4" : 0.000000,
        "10" : 0.000000,
        "20" : 0.000000,
        "50" : 0.000000,
        "100" : 0.010000,
        "250" : 0.152715,
        "500" : 0.318527,
        "750" : 1.319122,
        "1000" : 5.773671
      },
      "latency_ms" : {
        "2" : 58.681870,
        "4" : 33.579636,
        "10" : 0.168101,
        "20" : 0.000000,
        "50" : 0.000000,
        "100" : 0.000000,
        "250" : 0.000000,
        "500" : 0.000000,
        "750" : 0.000000,
        "1000" : 0.000000,
        "2000" : 0.000000,
        ">=2000" : 0.000000
      },
      "latency_depth" : 16,
      "latency_target" : 0,
      "latency_percentile" : 100.000000,
      "latency_window" : 0
    }
  ],
  "disk_util" : [
    {
      "name" : "nvme3n1",
      "read_ios" : 86,
      "write_ios" : 782278,
      "read_merges" : 0,
      "write_merges" : 0,
      "read_ticks" : 1,
      "write_ticks" : 1395083,
      "in_queue" : 1395085,
      "util" : 99.577080
    }
  ]
}
