{
  "fio version" : "fio-3.28",
  "timestamp" : 1744009324,
  "timestamp_ms" : 1744009324591,
  "time" : "Mon Apr  7 16:02:04 2025",
  "global options" : {
    "bs" : "256k",
    "ioengine" : "io_uring",
    "size" : "12G",
    "numjobs" : "4",
    "iodepth" : "16",
    "group_reporting" : "1",
    "direct" : "1",
    "thread" : "1",
    "filename" : "/dev/nvme3n1"
  },
  "jobs" : [
    {
      "jobname" : "randwrite",
      "groupid" : 0,
      "error" : 0,
      "eta" : 0,
      "elapsed" : 23,
      "job options" : {
        "rw" : "randwrite"
      },
      "read" : {
        "io_bytes" : 0,
        "io_kbytes" : 0,
        "bw_bytes" : 0,
        "bw" : 0,
        "iops" : 0.000000,
        "runtime" : 0,
        "total_ios" : 0,
        "short_ios" : 0,
        "drop_ios" : 0,
        "slat_ns" : {
          "min" : 0,
          "max" : 0,
          "mean" : 0.000000,
          "stddev" : 0.000000,
          "N" : 0
        },
        "clat_ns" : {
          "min" : 0,
          "max" : 0,
          "mean" : 0.000000,
          "stddev" : 0.000000,
          "N" : 0
        },
        "lat_ns" : {
          "min" : 0,
          "max" : 0,
          "mean" : 0.000000,
          "stddev" : 0.000000,
          "N" : 0
        },
        "bw_min" : 0,
        "bw_max" : 0,
        "bw_agg" : 0.000000,
        "bw_mean" : 0.000000,
        "bw_dev" : 0.000000,
        "bw_samples" : 0,
        "iops_min" : 0,
        "iops_max" : 0,
        "iops_mean" : 0.000000,
        "iops_stddev" : 0.000000,
        "iops_samples" : 0
      },
      "write" : {
        "io_bytes" : 51539607552,
        "io_kbytes" : 50331648,
        "bw_bytes" : 2341432289,
        "bw" : 2286554,
        "iops" : 8931.855352,
        "runtime" : 22012,
        "total_ios" : 196608,
        "short_ios" : 0,
        "drop_ios" : 0,
        "slat_ns" : {
          "min" : 8050,
          "max" : 145348,
          "mean" : 12909.229167,
          "stddev" : 1671.818422,
          "N" : 196608
        },
        "clat_ns" : {
          "min" : 112069,
          "max" : 44618142,
          "mean" : 6894597.855718,
          "stddev" : 2975769.633789,
          "N" : 196608,
          "percentile" : {
            "1.000000" : 1253376,
            "5.000000" : 2834432,
            "10.000000" : 3555328,
            "20.000000" : 4489216,
            "30.000000" : 5144576,
            "40.000000" : 5799936,
            "50.000000" : 6586368,
            "60.000000" : 7241728,
            "70.000000" : 8093696,
            "80.000000" : 9109504,
            "90.000000" : 10682368,
            "95.000000" : 11993088,
            "99.000000" : 15925248,
            "99.500000" : 17694720,
            "99.900000" : 21364736,
            "99.950000" : 22937600,
            "99.990000" : 29491200
          }
        },
        "lat_ns" : {
          "min" : 134658,
          "max" : 44631192,
          "mean" : 6907571.800568,
          "stddev" : 2975713.661155,
          "N" : 196608
        },
        "bw_min" : 1468928,
        "bw_max" : 4345856,
        "bw_agg" : 100.000000,
        "bw_mean" : 2333035.405094,
        "bw_dev" : 152872.270502,
        "bw_samples" : 167,
        "iops_min" : 5738,
        "iops_max" : 16976,
        "iops_mean" : 9113.370764,
        "iops_stddev" : 597.141845,
        "iops_samples" : 167
      },
      "trim" : {
        "io_bytes" : 0,
        "io_kbytes" : 0,
        "bw_bytes" : 0,
        "bw" : 0,
        "iops" : 0.000000,
        "runtime" : 0,
        "total_ios" : 0,
        "short_ios" : 0,
        "drop_ios" : 0,
        "slat_ns" : {
          "min" : 0,
          "max" : 0,
          "mean" : 0.000000,
          "stddev" : 0.000000,
          "N" : 0
        },
        "clat_ns" : {
          "min" : 0,
          "max" : 0,
          "mean" : 0.000000,
          "stddev" : 0.000000,
          "N" : 0
        },
        "lat_ns" : {
          "min" : 0,
          "max" : 0,
          "mean" : 0.000000,
          "stddev" : 0.000000,
          "N" : 0
        },
        "bw_min" : 0,
        "bw_max" : 0,
        "bw_agg" : 0.000000,
        "bw_mean" : 0.000000,
        "bw_dev" : 0.000000,
        "bw_samples" : 0,
        "iops_min" : 0,
        "iops_max" : 0,
        "iops_mean" : 0.000000,
        "iops_stddev" : 0.000000,
        "iops_samples" : 0
      },
      "sync" : {
        "total_ios" : 0,
        "lat_ns" : {
          "min" : 0,
          "max" : 0,
          "mean" : 0.000000,
          "stddev" : 0.000000,
          "N" : 0
        }
      },
      "job_runtime" : 84883,
      "usr_cpu" : 0.446497,
      "sys_cpu" : 3.911266,
      "ctx" : 196750,
      "majf" : 0,
      "minf" : 0,
      "iodepth_level" : {
        "1" : 0.100000,
        "2" : 0.100000,
        "4" : 0.100000,
        "8" : 0.100000,
        "16" : 99.969482,
        "32" : 0.000000,
        ">=64" : 0.000000
      },
      "iodepth_submit" : {
        "0" : 0.000000,
        "4" : 100.000000,
        "8" : 0.000000,
        "16" : 0.000000,
        "32" : 0.000000,
        "64" : 0.000000,
        ">=64" : 0.000000
      },
      "iodepth_complete" : {
        "0" : 0.000000,
        "4" : 99.997965,
        "8" : 0.000000,
        "16" : 0.100000,
        "32" : 0.000000,
        "64" : 0.000000,
        ">=64" : 0.000000
      },
      "latency_ns" : {
        "2" : 0.000000,
        "4" : 0.000000,
        "10" : 0.000000,
        "20" : 0.000000,
        "50" : 0.000000,
        "100" : 0.000000,
        "250" : 0.000000,
        "500" : 0.000000,
        "750" : 0.000000,
        "1000" : 0.000000
      },
      "latency_us" : {
        "2" : 0.000000,
        "4" : 0.000000,
        "10" : 0.000000,
        "20" : 0.000000,
        "50" : 0.000000,
        "100" : 0.000000,
        "250" : 0.126139,
        "500" : 0.212097,
        "750" : 0.236003,
        "1000" : 0.192769
      },
      "latency_ms" : {
        "2" : 2.566020,
        "4" : 10.738118,
        "10" : 72.145589,
        "20" : 13.600667,
        "50" : 0.182597,
        "100" : 0.000000,
        "250" : 0.000000,
        "500" : 0.000000,
        "750" : 0.000000,
        "1000" : 0.000000,
        "2000" : 0.000000,
        ">=2000" : 0.000000
      },
      "latency_depth" : 16,
      "latency_target" : 0,
      "latency_percentile" : 100.000000,
      "latency_window" : 0
    }
  ],
  "disk_util" : [
    {
      "name" : "nvme3n1",
      "read_ios" : 215,
      "write_ios" : 195552,
      "read_merges" : 0,
      "write_merges" : 0,
      "read_ticks" : 25,
      "write_ticks" : 1353103,
      "in_queue" : 1353129,
      "util" : 99.567985
    }
  ]
}
