{
  "fio version" : "fio-3.28",
  "timestamp" : 1740554616,
  "timestamp_ms" : 1740554616836,
  "time" : "Wed Feb 26 16:23:36 2025",
  "global options" : {
    "bs" : "16k",
    "ioengine" : "io_uring",
    "size" : "12G",
    "numjobs" : "4",
    "iodepth" : "16",
    "group_reporting" : "1",
    "direct" : "1",
    "thread" : "1",
    "filename" : "/dev/nvme3n1"
  },
  "jobs" : [
    {
      "jobname" : "randwrite",
      "groupid" : 0,
      "error" : 0,
      "eta" : 0,
      "elapsed" : 23,
      "job options" : {
        "rw" : "randwrite"
      },
      "read" : {
        "io_bytes" : 0,
        "io_kbytes" : 0,
        "bw_bytes" : 0,
        "bw" : 0,
        "iops" : 0.000000,
        "runtime" : 0,
        "total_ios" : 0,
        "short_ios" : 0,
        "drop_ios" : 0,
        "slat_ns" : {
          "min" : 0,
          "max" : 0,
          "mean" : 0.000000,
          "stddev" : 0.000000,
          "N" : 0
        },
        "clat_ns" : {
          "min" : 0,
          "max" : 0,
          "mean" : 0.000000,
          "stddev" : 0.000000,
          "N" : 0
        },
        "lat_ns" : {
          "min" : 0,
          "max" : 0,
          "mean" : 0.000000,
          "stddev" : 0.000000,
          "N" : 0
        },
        "bw_min" : 0,
        "bw_max" : 0,
        "bw_agg" : 0.000000,
        "bw_mean" : 0.000000,
        "bw_dev" : 0.000000,
        "bw_samples" : 0,
        "iops_min" : 0,
        "iops_max" : 0,
        "iops_mean" : 0.000000,
        "iops_stddev" : 0.000000,
        "iops_samples" : 0
      },
      "write" : {
        "io_bytes" : 51539607552,
        "io_kbytes" : 50331648,
        "bw_bytes" : 2266174539,
        "bw" : 2213061,
        "iops" : 138316.317109,
        "runtime" : 22743,
        "total_ios" : 3145728,
        "short_ios" : 0,
        "drop_ios" : 0,
        "slat_ns" : {
          "min" : 1440,
          "max" : 38040,
          "mean" : 2926.492754,
          "stddev" : 931.698988,
          "N" : 3145728
        },
        "clat_ns" : {
          "min" : 12260,
          "max" : 1830216,
          "mean" : 455723.118954,
          "stddev" : 160037.254152,
          "N" : 3145728,
          "percentile" : {
            "1.000000" : 134144,
            "5.000000" : 224256,
            "10.000000" : 264192,
            "20.000000" : 321536,
            "30.000000" : 366592,
            "40.000000" : 403456,
            "50.000000" : 440320,
            "60.000000" : 477184,
            "70.000000" : 528384,
            "80.000000" : 585728,
            "90.000000" : 667648,
            "95.000000" : 741376,
            "99.000000" : 897024,
            "99.500000" : 962560,
            "99.900000" : 1089536,
            "99.950000" : 1155072,
            "99.990000" : 1286144
          }
        },
        "lat_ns" : {
          "min" : 16790,
          "max" : 1833146,
          "mean" : 458705.462228,
          "stddev" : 159942.081197,
          "N" : 3145728
        },
        "bw_min" : 2087104,
        "bw_max" : 2475808,
        "bw_agg" : 100.000000,
        "bw_mean" : 2216876.169697,
        "bw_dev" : 21970.096347,
        "bw_samples" : 179,
        "iops_min" : 130444,
        "iops_max" : 154738,
        "iops_mean" : 138554.760606,
        "iops_stddev" : 1373.131022,
        "iops_samples" : 179
      },
      "trim" : {
        "io_bytes" : 0,
        "io_kbytes" : 0,
        "bw_bytes" : 0,
        "bw" : 0,
        "iops" : 0.000000,
        "runtime" : 0,
        "total_ios" : 0,
        "short_ios" : 0,
        "drop_ios" : 0,
        "slat_ns" : {
          "min" : 0,
          "max" : 0,
          "mean" : 0.000000,
          "stddev" : 0.000000,
          "N" : 0
        },
        "clat_ns" : {
          "min" : 0,
          "max" : 0,
          "mean" : 0.000000,
          "stddev" : 0.000000,
          "N" : 0
        },
        "lat_ns" : {
          "min" : 0,
          "max" : 0,
          "mean" : 0.000000,
          "stddev" : 0.000000,
          "N" : 0
        },
        "bw_min" : 0,
        "bw_max" : 0,
        "bw_agg" : 0.000000,
        "bw_mean" : 0.000000,
        "bw_dev" : 0.000000,
        "bw_samples" : 0,
        "iops_min" : 0,
        "iops_max" : 0,
        "iops_mean" : 0.000000,
        "iops_stddev" : 0.000000,
        "iops_samples" : 0
      },
      "sync" : {
        "total_ios" : 0,
        "lat_ns" : {
          "min" : 0,
          "max" : 0,
          "mean" : 0.000000,
          "stddev" : 0.000000,
          "N" : 0
        }
      },
      "job_runtime" : 90236,
      "usr_cpu" : 3.632696,
      "sys_cpu" : 14.279223,
      "ctx" : 1740743,
      "majf" : 0,
      "minf" : 0,
      "iodepth_level" : {
        "1" : 0.100000,
        "2" : 0.100000,
        "4" : 0.100000,
        "8" : 0.100000,
        "16" : 99.998093,
        "32" : 0.000000,
        ">=64" : 0.000000
      },
      "iodepth_submit" : {
        "0" : 0.000000,
        "4" : 100.000000,
        "8" : 0.000000,
        "16" : 0.000000,
        "32" : 0.000000,
        "64" : 0.000000,
        ">=64" : 0.000000
      },
      "iodepth_complete" : {
        "0" : 0.000000,
        "4" : 99.999873,
        "8" : 0.000000,
        "16" : 0.100000,
        "32" : 0.000000,
        "64" : 0.000000,
        ">=64" : 0.000000
      },
      "latency_ns" : {
        "2" : 0.000000,
        "4" : 0.000000,
        "10" : 0.000000,
        "20" : 0.000000,
        "50" : 0.000000,
        "100" : 0.000000,
        "250" : 0.000000,
        "500" : 0.000000,
        "750" : 0.000000,
        "1000" : 0.000000
      },
      "latency_us" : {
        "2" : 0.000000,
        "4" : 0.000000,
        "10" : 0.000000,
        "20" : 0.010000,
        "50" : 0.038401,
        "100" : 0.358868,
        "250" : 7.661247,
        "500" : 56.812604,
        "750" : 30.502796,
        "1000" : 4.302883
      },
      "latency_ms" : {
        "2" : 0.319258,
        "4" : 0.000000,
        "10" : 0.000000,
        "20" : 0.000000,
        "50" : 0.000000,
        "100" : 0.000000,
        "250" : 0.000000,
        "500" : 0.000000,
        "750" : 0.000000,
        "1000" : 0.000000,
        "2000" : 0.000000,
        ">=2000" : 0.000000
      },
      "latency_depth" : 16,
      "latency_target" : 0,
      "latency_percentile" : 100.000000,
      "latency_window" : 0
    }
  ],
  "disk_util" : [
    {
      "name" : "nvme3n1",
      "read_ios" : 215,
      "write_ios" : 3132128,
      "read_merges" : 0,
      "write_merges" : 0,
      "read_ticks" : 28,
      "write_ticks" : 1422831,
      "in_queue" : 1422860,
      "util" : 99.577836
    }
  ]
}
