{
  "fio version" : "fio-3.28",
  "timestamp" : 1740485534,
  "timestamp_ms" : 1740485534051,
  "time" : "Tue Feb 25 21:12:14 2025",
  "global options" : {
    "bs" : "256k",
    "ioengine" : "io_uring",
    "size" : "12G",
    "numjobs" : "4",
    "iodepth" : "16",
    "group_reporting" : "1",
    "direct" : "1",
    "thread" : "1",
    "filename" : "/dev/nvme3n1"
  },
  "jobs" : [
    {
      "jobname" : "seqwrite",
      "groupid" : 0,
      "error" : 0,
      "eta" : 0,
      "elapsed" : 23,
      "job options" : {
        "rw" : "write"
      },
      "read" : {
        "io_bytes" : 0,
        "io_kbytes" : 0,
        "bw_bytes" : 0,
        "bw" : 0,
        "iops" : 0.000000,
        "runtime" : 0,
        "total_ios" : 0,
        "short_ios" : 0,
        "drop_ios" : 0,
        "slat_ns" : {
          "min" : 0,
          "max" : 0,
          "mean" : 0.000000,
          "stddev" : 0.000000,
          "N" : 0
        },
        "clat_ns" : {
          "min" : 0,
          "max" : 0,
          "mean" : 0.000000,
          "stddev" : 0.000000,
          "N" : 0
        },
        "lat_ns" : {
          "min" : 0,
          "max" : 0,
          "mean" : 0.000000,
          "stddev" : 0.000000,
          "N" : 0
        },
        "bw_min" : 0,
        "bw_max" : 0,
        "bw_agg" : 0.000000,
        "bw_mean" : 0.000000,
        "bw_dev" : 0.000000,
        "bw_samples" : 0,
        "iops_min" : 0,
        "iops_max" : 0,
        "iops_mean" : 0.000000,
        "iops_stddev" : 0.000000,
        "iops_samples" : 0
      },
      "write" : {
        "io_bytes" : 51539607552,
        "io_kbytes" : 50331648,
        "bw_bytes" : 2341432289,
        "bw" : 2286554,
        "iops" : 8931.855352,
        "runtime" : 22012,
        "total_ios" : 196608,
        "short_ios" : 0,
        "drop_ios" : 0,
        "slat_ns" : {
          "min" : 7770,
          "max" : 44620,
          "mean" : 12198.951986,
          "stddev" : 1276.585794,
          "N" : 196608
        },
        "clat_ns" : {
          "min" : 122862,
          "max" : 26776166,
          "mean" : 6857369.843541,
          "stddev" : 2431681.245747,
          "N" : 196608,
          "percentile" : {
            "1.000000" : 1777664,
            "5.000000" : 2965504,
            "10.000000" : 3555328,
            "20.000000" : 4620288,
            "30.000000" : 6324224,
            "40.000000" : 7176192,
            "50.000000" : 7176192,
            "60.000000" : 7176192,
            "70.000000" : 7176192,
            "80.000000" : 7831552,
            "90.000000" : 10158080,
            "95.000000" : 11337728,
            "99.000000" : 13172736,
            "99.500000" : 13959168,
            "99.900000" : 16580608,
            "99.950000" : 18743296,
            "99.990000" : 23986176
          }
        },
        "lat_ns" : {
          "min" : 136622,
          "max" : 26788596,
          "mean" : 6869626.467433,
          "stddev" : 2431607.545983,
          "N" : 196608
        },
        "bw_min" : 1469952,
        "bw_max" : 5284352,
        "bw_agg" : 100.000000,
        "bw_mean" : 2379745.258351,
        "bw_dev" : 192088.485904,
        "bw_samples" : 167,
        "iops_min" : 5742,
        "iops_max" : 20642,
        "iops_mean" : 9295.879915,
        "iops_stddev" : 750.345648,
        "iops_samples" : 167
      },
      "trim" : {
        "io_bytes" : 0,
        "io_kbytes" : 0,
        "bw_bytes" : 0,
        "bw" : 0,
        "iops" : 0.000000,
        "runtime" : 0,
        "total_ios" : 0,
        "short_ios" : 0,
        "drop_ios" : 0,
        "slat_ns" : {
          "min" : 0,
          "max" : 0,
          "mean" : 0.000000,
          "stddev" : 0.000000,
          "N" : 0
        },
        "clat_ns" : {
          "min" : 0,
          "max" : 0,
          "mean" : 0.000000,
          "stddev" : 0.000000,
          "N" : 0
        },
        "lat_ns" : {
          "min" : 0,
          "max" : 0,
          "mean" : 0.000000,
          "stddev" : 0.000000,
          "N" : 0
        },
        "bw_min" : 0,
        "bw_max" : 0,
        "bw_agg" : 0.000000,
        "bw_mean" : 0.000000,
        "bw_dev" : 0.000000,
        "bw_samples" : 0,
        "iops_min" : 0,
        "iops_max" : 0,
        "iops_mean" : 0.000000,
        "iops_stddev" : 0.000000,
        "iops_samples" : 0
      },
      "sync" : {
        "total_ios" : 0,
        "lat_ns" : {
          "min" : 0,
          "max" : 0,
          "mean" : 0.000000,
          "stddev" : 0.000000,
          "N" : 0
        }
      },
      "job_runtime" : 84417,
      "usr_cpu" : 0.496346,
      "sys_cpu" : 3.634339,
      "ctx" : 196645,
      "majf" : 0,
      "minf" : 0,
      "iodepth_level" : {
        "1" : 0.100000,
        "2" : 0.100000,
        "4" : 0.100000,
        "8" : 0.100000,
        "16" : 99.969482,
        "32" : 0.000000,
        ">=64" : 0.000000
      },
      "iodepth_submit" : {
        "0" : 0.000000,
        "4" : 100.000000,
        "8" : 0.000000,
        "16" : 0.000000,
        "32" : 0.000000,
        "64" : 0.000000,
        ">=64" : 0.000000
      },
      "iodepth_complete" : {
        "0" : 0.000000,
        "4" : 99.997965,
        "8" : 0.000000,
        "16" : 0.100000,
        "32" : 0.000000,
        "64" : 0.000000,
        ">=64" : 0.000000
      },
      "latency_ns" : {
        "2" : 0.000000,
        "4" : 0.000000,
        "10" : 0.000000,
        "20" : 0.000000,
        "50" : 0.000000,
        "100" : 0.000000,
        "250" : 0.000000,
        "500" : 0.000000,
        "750" : 0.000000,
        "1000" : 0.000000
      },
      "latency_us" : {
        "2" : 0.000000,
        "4" : 0.000000,
        "10" : 0.000000,
        "20" : 0.000000,
        "50" : 0.000000,
        "100" : 0.000000,
        "250" : 0.049845,
        "500" : 0.081380,
        "750" : 0.074768,
        "1000" : 0.055440
      },
      "latency_ms" : {
        "2" : 1.816813,
        "4" : 13.840230,
        "10" : 72.984314,
        "20" : 11.066182,
        "50" : 0.031026,
        "100" : 0.000000,
        "250" : 0.000000,
        "500" : 0.000000,
        "750" : 0.000000,
        "1000" : 0.000000,
        "2000" : 0.000000,
        ">=2000" : 0.000000
      },
      "latency_depth" : 16,
      "latency_target" : 0,
      "latency_percentile" : 100.000000,
      "latency_window" : 0
    }
  ],
  "disk_util" : [
    {
      "name" : "nvme3n1",
      "read_ios" : 215,
      "write_ios" : 195539,
      "read_merges" : 0,
      "write_merges" : 0,
      "read_ticks" : 58,
      "write_ticks" : 1345754,
      "in_queue" : 1345813,
      "util" : 99.563418
    }
  ]
}
