{
  "fio version" : "fio-3.28",
  "timestamp" : 1740485470,
  "timestamp_ms" : 1740485470310,
  "time" : "Tue Feb 25 21:11:10 2025",
  "global options" : {
    "bs" : "128k",
    "ioengine" : "io_uring",
    "size" : "12G",
    "numjobs" : "4",
    "iodepth" : "16",
    "group_reporting" : "1",
    "direct" : "1",
    "thread" : "1",
    "filename" : "/dev/nvme3n1"
  },
  "jobs" : [
    {
      "jobname" : "seqwrite",
      "groupid" : 0,
      "error" : 0,
      "eta" : 0,
      "elapsed" : 23,
      "job options" : {
        "rw" : "write"
      },
      "read" : {
        "io_bytes" : 0,
        "io_kbytes" : 0,
        "bw_bytes" : 0,
        "bw" : 0,
        "iops" : 0.000000,
        "runtime" : 0,
        "total_ios" : 0,
        "short_ios" : 0,
        "drop_ios" : 0,
        "slat_ns" : {
          "min" : 0,
          "max" : 0,
          "mean" : 0.000000,
          "stddev" : 0.000000,
          "N" : 0
        },
        "clat_ns" : {
          "min" : 0,
          "max" : 0,
          "mean" : 0.000000,
          "stddev" : 0.000000,
          "N" : 0
        },
        "lat_ns" : {
          "min" : 0,
          "max" : 0,
          "mean" : 0.000000,
          "stddev" : 0.000000,
          "N" : 0
        },
        "bw_min" : 0,
        "bw_max" : 0,
        "bw_agg" : 0.000000,
        "bw_mean" : 0.000000,
        "bw_dev" : 0.000000,
        "bw_samples" : 0,
        "iops_min" : 0,
        "iops_max" : 0,
        "iops_mean" : 0.000000,
        "iops_stddev" : 0.000000,
        "iops_samples" : 0
      },
      "write" : {
        "io_bytes" : 51539607552,
        "io_kbytes" : 50331648,
        "bw_bytes" : 2341432289,
        "bw" : 2286554,
        "iops" : 17863.710703,
        "runtime" : 22012,
        "total_ios" : 393216,
        "short_ios" : 0,
        "drop_ios" : 0,
        "slat_ns" : {
          "min" : 4800,
          "max" : 44090,
          "mean" : 7963.932398,
          "stddev" : 880.148643,
          "N" : 393216
        },
        "clat_ns" : {
          "min" : 70591,
          "max" : 11186633,
          "mean" : 3478924.977303,
          "stddev" : 1339624.180274,
          "N" : 393216,
          "percentile" : {
            "1.000000" : 888832,
            "5.000000" : 1712128,
            "10.000000" : 1941504,
            "20.000000" : 2342912,
            "30.000000" : 2637824,
            "40.000000" : 2899968,
            "50.000000" : 3194880,
            "60.000000" : 3588096,
            "70.000000" : 4145152,
            "80.000000" : 4751360,
            "90.000000" : 5406720,
            "95.000000" : 5865472,
            "99.000000" : 6717440,
            "99.500000" : 7110656,
            "99.900000" : 7962624,
            "99.950000" : 8355840,
            "99.990000" : 9240576
          }
        },
        "lat_ns" : {
          "min" : 84631,
          "max" : 11194433,
          "mean" : 3486953.010704,
          "stddev" : 1339626.946704,
          "N" : 393216
        },
        "bw_min" : 1671680,
        "bw_max" : 3760269,
        "bw_agg" : 100.000000,
        "bw_mean" : 2317483.287065,
        "bw_dev" : 106636.653772,
        "bw_samples" : 169,
        "iops_min" : 13060,
        "iops_max" : 29376,
        "iops_mean" : 18105.312562,
        "iops_stddev" : 833.072039,
        "iops_samples" : 169
      },
      "trim" : {
        "io_bytes" : 0,
        "io_kbytes" : 0,
        "bw_bytes" : 0,
        "bw" : 0,
        "iops" : 0.000000,
        "runtime" : 0,
        "total_ios" : 0,
        "short_ios" : 0,
        "drop_ios" : 0,
        "slat_ns" : {
          "min" : 0,
          "max" : 0,
          "mean" : 0.000000,
          "stddev" : 0.000000,
          "N" : 0
        },
        "clat_ns" : {
          "min" : 0,
          "max" : 0,
          "mean" : 0.000000,
          "stddev" : 0.000000,
          "N" : 0
        },
        "lat_ns" : {
          "min" : 0,
          "max" : 0,
          "mean" : 0.000000,
          "stddev" : 0.000000,
          "N" : 0
        },
        "bw_min" : 0,
        "bw_max" : 0,
        "bw_agg" : 0.000000,
        "bw_mean" : 0.000000,
        "bw_dev" : 0.000000,
        "bw_samples" : 0,
        "iops_min" : 0,
        "iops_max" : 0,
        "iops_mean" : 0.000000,
        "iops_stddev" : 0.000000,
        "iops_samples" : 0
      },
      "sync" : {
        "total_ios" : 0,
        "lat_ns" : {
          "min" : 0,
          "max" : 0,
          "mean" : 0.000000,
          "stddev" : 0.000000,
          "N" : 0
        }
      },
      "job_runtime" : 85702,
      "usr_cpu" : 1.365196,
      "sys_cpu" : 4.477142,
      "ctx" : 392290,
      "majf" : 0,
      "minf" : 0,
      "iodepth_level" : {
        "1" : 0.100000,
        "2" : 0.100000,
        "4" : 0.100000,
        "8" : 0.100000,
        "16" : 99.984741,
        "32" : 0.000000,
        ">=64" : 0.000000
      },
      "iodepth_submit" : {
        "0" : 0.000000,
        "4" : 100.000000,
        "8" : 0.000000,
        "16" : 0.000000,
        "32" : 0.000000,
        "64" : 0.000000,
        ">=64" : 0.000000
      },
      "iodepth_complete" : {
        "0" : 0.000000,
        "4" : 99.998983,
        "8" : 0.000000,
        "16" : 0.100000,
        "32" : 0.000000,
        "64" : 0.000000,
        ">=64" : 0.000000
      },
      "latency_ns" : {
        "2" : 0.000000,
        "4" : 0.000000,
        "10" : 0.000000,
        "20" : 0.000000,
        "50" : 0.000000,
        "100" : 0.000000,
        "250" : 0.000000,
        "500" : 0.000000,
        "750" : 0.000000,
        "1000" : 0.000000
      },
      "latency_us" : {
        "2" : 0.000000,
        "4" : 0.000000,
        "10" : 0.000000,
        "20" : 0.000000,
        "50" : 0.000000,
        "100" : 0.010000,
        "250" : 0.094604,
        "500" : 0.182088,
        "750" : 0.164286,
        "1000" : 1.376597
      },
      "latency_ms" : {
        "2" : 9.224192,
        "4" : 56.605021,
        "10" : 32.346853,
        "20" : 0.010000,
        "50" : 0.000000,
        "100" : 0.000000,
        "250" : 0.000000,
        "500" : 0.000000,
        "750" : 0.000000,
        "1000" : 0.000000,
        "2000" : 0.000000,
        ">=2000" : 0.000000
      },
      "latency_depth" : 16,
      "latency_target" : 0,
      "latency_percentile" : 100.000000,
      "latency_window" : 0
    }
  ],
  "disk_util" : [
    {
      "name" : "nvme3n1",
      "read_ios" : 215,
      "write_ios" : 391110,
      "read_merges" : 0,
      "write_merges" : 0,
      "read_ticks" : 35,
      "write_ticks" : 1365139,
      "in_queue" : 1365175,
      "util" : 99.563438
    }
  ]
}
