{
  "fio version" : "fio-3.28",
  "timestamp" : 1728566544,
  "timestamp_ms" : 1728566544849,
  "time" : "Thu Oct 10 22:22:24 2024",
  "global options" : {
    "size" : "127G",
    "direct" : "1",
    "runtime" : "60",
    "ioengine" : "libaio",
    "numjobs" : "4",
    "iodepth" : "32"
  },
  "jobs" : [
    {
      "jobname" : "rand-write-async-1m",
      "groupid" : 0,
      "error" : 0,
      "eta" : 0,
      "elapsed" : 61,
      "job options" : {
        "rw" : "randwrite",
        "random_distribution" : "random",
        "bs" : "1m",
        "filename" : "/dev/nvme3n1"
      },
      "read" : {
        "io_bytes" : 0,
        "io_kbytes" : 0,
        "bw_bytes" : 0,
        "bw" : 0,
        "iops" : 0.000000,
        "runtime" : 0,
        "total_ios" : 0,
        "short_ios" : 0,
        "drop_ios" : 0,
        "slat_ns" : {
          "min" : 0,
          "max" : 0,
          "mean" : 0.000000,
          "stddev" : 0.000000,
          "N" : 0
        },
        "clat_ns" : {
          "min" : 0,
          "max" : 0,
          "mean" : 0.000000,
          "stddev" : 0.000000,
          "N" : 0
        },
        "lat_ns" : {
          "min" : 0,
          "max" : 0,
          "mean" : 0.000000,
          "stddev" : 0.000000,
          "N" : 0
        },
        "bw_min" : 0,
        "bw_max" : 0,
        "bw_agg" : 0.000000,
        "bw_mean" : 0.000000,
        "bw_dev" : 0.000000,
        "bw_samples" : 0,
        "iops_min" : 0,
        "iops_max" : 0,
        "iops_mean" : 0.000000,
        "iops_stddev" : 0.000000,
        "iops_samples" : 0
      },
      "write" : {
        "io_bytes" : 17600348160,
        "io_kbytes" : 17187840,
        "bw_bytes" : 291565446,
        "bw" : 284731,
        "iops" : 278.058478,
        "runtime" : 60365,
        "total_ios" : 16785,
        "short_ios" : 0,
        "drop_ios" : 0,
        "slat_ns" : {
          "min" : 17401,
          "max" : 139441,
          "mean" : 42577.871433,
          "stddev" : 6889.616043,
          "N" : 16785
        },
        "clat_ns" : {
          "min" : 2842916,
          "max" : 1432444100,
          "mean" : 459797512.842002,
          "stddev" : 254702795.924865,
          "N" : 16785,
          "percentile" : {
            "1.000000" : 24510464,
            "5.000000" : 93847552,
            "10.000000" : 181403648,
            "20.000000" : 233832448,
            "30.000000" : 283115520,
            "40.000000" : 346030080,
            "50.000000" : 421527552,
            "60.000000" : 505413632,
            "70.000000" : 591396864,
            "80.000000" : 683671552,
            "90.000000" : 792723456,
            "95.000000" : 918552576,
            "99.000000" : 1166016512,
            "99.500000" : 1199570944,
            "99.900000" : 1367343104,
            "99.950000" : 1400897536,
            "99.990000" : 1434451968
          }
        },
        "lat_ns" : {
          "min" : 2875617,
          "max" : 1432489330,
          "mean" : 459840210.469765,
          "stddev" : 254703741.672103,
          "N" : 16785
        },
        "bw_min" : 73728,
        "bw_max" : 595968,
        "bw_agg" : 99.864476,
        "bw_mean" : 284346.941667,
        "bw_dev" : 27050.380461,
        "bw_samples" : 480,
        "iops_min" : 72,
        "iops_max" : 582,
        "iops_mean" : 277.675000,
        "iops_stddev" : 26.416701,
        "iops_samples" : 480
      },
      "trim" : {
        "io_bytes" : 0,
        "io_kbytes" : 0,
        "bw_bytes" : 0,
        "bw" : 0,
        "iops" : 0.000000,
        "runtime" : 0,
        "total_ios" : 0,
        "short_ios" : 0,
        "drop_ios" : 0,
        "slat_ns" : {
          "min" : 0,
          "max" : 0,
          "mean" : 0.000000,
          "stddev" : 0.000000,
          "N" : 0
        },
        "clat_ns" : {
          "min" : 0,
          "max" : 0,
          "mean" : 0.000000,
          "stddev" : 0.000000,
          "N" : 0
        },
        "lat_ns" : {
          "min" : 0,
          "max" : 0,
          "mean" : 0.000000,
          "stddev" : 0.000000,
          "N" : 0
        },
        "bw_min" : 0,
        "bw_max" : 0,
        "bw_agg" : 0.000000,
        "bw_mean" : 0.000000,
        "bw_dev" : 0.000000,
        "bw_samples" : 0,
        "iops_min" : 0,
        "iops_max" : 0,
        "iops_mean" : 0.000000,
        "iops_stddev" : 0.000000,
        "iops_samples" : 0
      },
      "sync" : {
        "total_ios" : 0,
        "lat_ns" : {
          "min" : 0,
          "max" : 0,
          "mean" : 0.000000,
          "stddev" : 0.000000,
          "N" : 0
        }
      },
      "job_runtime" : 241240,
      "usr_cpu" : 0.222600,
      "sys_cpu" : 0.166225,
      "ctx" : 16666,
      "majf" : 0,
      "minf" : 53,
      "iodepth_level" : {
        "1" : 0.100000,
        "2" : 0.100000,
        "4" : 0.100000,
        "8" : 0.190646,
        "16" : 0.381293,
        "32" : 99.261245,
        ">=64" : 0.000000
      },
      "iodepth_submit" : {
        "0" : 0.000000,
        "4" : 100.000000,
        "8" : 0.000000,
        "16" : 0.000000,
        "32" : 0.000000,
        "64" : 0.000000,
        ">=64" : 0.000000
      },
      "iodepth_complete" : {
        "0" : 0.000000,
        "4" : 99.975998,
        "8" : 0.000000,
        "16" : 0.000000,
        "32" : 0.100000,
        "64" : 0.000000,
        ">=64" : 0.000000
      },
      "latency_ns" : {
        "2" : 0.000000,
        "4" : 0.000000,
        "10" : 0.000000,
        "20" : 0.000000,
        "50" : 0.000000,
        "100" : 0.000000,
        "250" : 0.000000,
        "500" : 0.000000,
        "750" : 0.000000,
        "1000" : 0.000000
      },
      "latency_us" : {
        "2" : 0.000000,
        "4" : 0.000000,
        "10" : 0.000000,
        "20" : 0.000000,
        "50" : 0.000000,
        "100" : 0.000000,
        "250" : 0.000000,
        "500" : 0.000000,
        "750" : 0.000000,
        "1000" : 0.000000
      },
      "latency_ms" : {
        "2" : 0.000000,
        "4" : 0.017873,
        "10" : 0.208520,
        "20" : 0.470658,
        "50" : 1.906464,
        "100" : 2.722669,
        "250" : 17.402443,
        "500" : 36.061960,
        "750" : 28.293119,
        "1000" : 9.663390,
        "2000" : 3.252904,
        ">=2000" : 0.000000
      },
      "latency_depth" : 32,
      "latency_target" : 0,
      "latency_percentile" : 100.000000,
      "latency_window" : 0
    }
  ],
  "disk_util" : [
    {
      "name" : "nvme3n1",
      "read_ios" : 86,
      "write_ios" : 66808,
      "read_merges" : 0,
      "write_merges" : 0,
      "read_ticks" : 9,
      "write_ticks" : 30264158,
      "in_queue" : 30264166,
      "util" : 99.855542
    }
  ]
}
