{
  "fio version" : "fio-3.28",
  "timestamp" : 1728565459,
  "timestamp_ms" : 1728565459123,
  "time" : "Thu Oct 10 22:04:19 2024",
  "global options" : {
    "size" : "127G",
    "direct" : "1",
    "runtime" : "60",
    "ioengine" : "libaio",
    "numjobs" : "4",
    "iodepth" : "32"
  },
  "jobs" : [
    {
      "jobname" : "rand-read-async-1m",
      "groupid" : 0,
      "error" : 0,
      "eta" : 0,
      "elapsed" : 61,
      "job options" : {
        "rw" : "randread",
        "random_distribution" : "random",
        "bs" : "1m",
        "filename" : "/dev/nvme3n1"
      },
      "read" : {
        "io_bytes" : 225401896960,
        "io_kbytes" : 220119040,
        "bw_bytes" : 3754445615,
        "bw" : 3666450,
        "iops" : 3580.518356,
        "runtime" : 60036,
        "total_ios" : 214960,
        "short_ios" : 0,
        "drop_ios" : 0,
        "slat_ns" : {
          "min" : 18089,
          "max" : 531489,
          "mean" : 20863.547358,
          "stddev" : 7471.410050,
          "N" : 214960
        },
        "clat_ns" : {
          "min" : 6851270,
          "max" : 70928276,
          "mean" : 35720360.488710,
          "stddev" : 1581545.700817,
          "N" : 214960,
          "percentile" : {
            "1.000000" : 34340864,
            "5.000000" : 35913728,
            "10.000000" : 35913728,
            "20.000000" : 35913728,
            "30.000000" : 35913728,
            "40.000000" : 35913728,
            "50.000000" : 35913728,
            "60.000000" : 35913728,
            "70.000000" : 35913728,
            "80.000000" : 35913728,
            "90.000000" : 35913728,
            "95.000000" : 35913728,
            "99.000000" : 40108032,
            "99.500000" : 42205184,
            "99.900000" : 44302336,
            "99.950000" : 45350912,
            "99.990000" : 65273856
          }
        },
        "lat_ns" : {
          "min" : 7121285,
          "max" : 70947455,
          "mean" : 35741277.168841,
          "stddev" : 1579519.462455,
          "N" : 214960
        },
        "bw_min" : 3440640,
        "bw_max" : 3903488,
        "bw_agg" : 100.000000,
        "bw_mean" : 3667044.822409,
        "bw_dev" : 13178.818515,
        "bw_samples" : 479,
        "iops_min" : 3360,
        "iops_max" : 3812,
        "iops_mean" : 3581.098459,
        "iops_stddev" : 12.869940,
        "iops_samples" : 479
      },
      "write" : {
        "io_bytes" : 0,
        "io_kbytes" : 0,
        "bw_bytes" : 0,
        "bw" : 0,
        "iops" : 0.000000,
        "runtime" : 0,
        "total_ios" : 0,
        "short_ios" : 0,
        "drop_ios" : 0,
        "slat_ns" : {
          "min" : 0,
          "max" : 0,
          "mean" : 0.000000,
          "stddev" : 0.000000,
          "N" : 0
        },
        "clat_ns" : {
          "min" : 0,
          "max" : 0,
          "mean" : 0.000000,
          "stddev" : 0.000000,
          "N" : 0
        },
        "lat_ns" : {
          "min" : 0,
          "max" : 0,
          "mean" : 0.000000,
          "stddev" : 0.000000,
          "N" : 0
        },
        "bw_min" : 0,
        "bw_max" : 0,
        "bw_agg" : 0.000000,
        "bw_mean" : 0.000000,
        "bw_dev" : 0.000000,
        "bw_samples" : 0,
        "iops_min" : 0,
        "iops_max" : 0,
        "iops_mean" : 0.000000,
        "iops_stddev" : 0.000000,
        "iops_samples" : 0
      },
      "trim" : {
        "io_bytes" : 0,
        "io_kbytes" : 0,
        "bw_bytes" : 0,
        "bw" : 0,
        "iops" : 0.000000,
        "runtime" : 0,
        "total_ios" : 0,
        "short_ios" : 0,
        "drop_ios" : 0,
        "slat_ns" : {
          "min" : 0,
          "max" : 0,
          "mean" : 0.000000,
          "stddev" : 0.000000,
          "N" : 0
        },
        "clat_ns" : {
          "min" : 0,
          "max" : 0,
          "mean" : 0.000000,
          "stddev" : 0.000000,
          "N" : 0
        },
        "lat_ns" : {
          "min" : 0,
          "max" : 0,
          "mean" : 0.000000,
          "stddev" : 0.000000,
          "N" : 0
        },
        "bw_min" : 0,
        "bw_max" : 0,
        "bw_agg" : 0.000000,
        "bw_mean" : 0.000000,
        "bw_dev" : 0.000000,
        "bw_samples" : 0,
        "iops_min" : 0,
        "iops_max" : 0,
        "iops_mean" : 0.000000,
        "iops_stddev" : 0.000000,
        "iops_samples" : 0
      },
      "sync" : {
        "total_ios" : 0,
        "lat_ns" : {
          "min" : 0,
          "max" : 0,
          "mean" : 0.000000,
          "stddev" : 0.000000,
          "N" : 0
        }
      },
      "job_runtime" : 240113,
      "usr_cpu" : 0.083294,
      "sys_cpu" : 2.617101,
      "ctx" : 214818,
      "majf" : 0,
      "minf" : 32816,
      "iodepth_level" : {
        "1" : 0.100000,
        "2" : 0.100000,
        "4" : 0.100000,
        "8" : 0.100000,
        "16" : 0.100000,
        "32" : 99.942315,
        ">=64" : 0.000000
      },
      "iodepth_submit" : {
        "0" : 0.000000,
        "4" : 100.000000,
        "8" : 0.000000,
        "16" : 0.000000,
        "32" : 0.000000,
        "64" : 0.000000,
        ">=64" : 0.000000
      },
      "iodepth_complete" : {
        "0" : 0.000000,
        "4" : 99.998138,
        "8" : 0.000000,
        "16" : 0.000000,
        "32" : 0.100000,
        "64" : 0.000000,
        ">=64" : 0.000000
      },
      "latency_ns" : {
        "2" : 0.000000,
        "4" : 0.000000,
        "10" : 0.000000,
        "20" : 0.000000,
        "50" : 0.000000,
        "100" : 0.000000,
        "250" : 0.000000,
        "500" : 0.000000,
        "750" : 0.000000,
        "1000" : 0.000000
      },
      "latency_us" : {
        "2" : 0.000000,
        "4" : 0.000000,
        "10" : 0.000000,
        "20" : 0.000000,
        "50" : 0.000000,
        "100" : 0.000000,
        "250" : 0.000000,
        "500" : 0.000000,
        "750" : 0.000000,
        "1000" : 0.000000
      },
      "latency_ms" : {
        "2" : 0.000000,
        "4" : 0.000000,
        "10" : 0.028843,
        "20" : 0.264700,
        "50" : 99.676219,
        "100" : 0.030238,
        "250" : 0.000000,
        "500" : 0.000000,
        "750" : 0.000000,
        "1000" : 0.000000,
        "2000" : 0.000000,
        ">=2000" : 0.000000
      },
      "latency_depth" : 32,
      "latency_target" : 0,
      "latency_percentile" : 100.000000,
      "latency_window" : 0
    }
  ],
  "disk_util" : [
    {
      "name" : "nvme3n1",
      "read_ios" : 857826,
      "write_ios" : 0,
      "read_merges" : 0,
      "write_merges" : 0,
      "read_ticks" : 30537424,
      "write_ticks" : 0,
      "in_queue" : 30537424,
      "util" : 99.873272
    }
  ]
}
