{
  "fio version" : "fio-3.28",
  "timestamp" : 1728565640,
  "timestamp_ms" : 1728565640038,
  "time" : "Thu Oct 10 22:07:20 2024",
  "global options" : {
    "size" : "127G",
    "direct" : "1",
    "runtime" : "60",
    "ioengine" : "libaio",
    "numjobs" : "4",
    "iodepth" : "32"
  },
  "jobs" : [
    {
      "jobname" : "rand-read-async-4k",
      "groupid" : 0,
      "error" : 0,
      "eta" : 0,
      "elapsed" : 61,
      "job options" : {
        "rw" : "randread",
        "random_distribution" : "random",
        "bs" : "4k",
        "filename" : "/dev/nvme3n1"
      },
      "read" : {
        "io_bytes" : 90073808896,
        "io_kbytes" : 87962704,
        "bw_bytes" : 1501205128,
        "bw" : 1466020,
        "iops" : 366505.158247,
        "runtime" : 60001,
        "total_ios" : 21990676,
        "short_ios" : 0,
        "drop_ios" : 0,
        "slat_ns" : {
          "min" : 1400,
          "max" : 210130,
          "mean" : 1873.115106,
          "stddev" : 470.489945,
          "N" : 21990676
        },
        "clat_ns" : {
          "min" : 26460,
          "max" : 2601037,
          "mean" : 347041.828349,
          "stddev" : 266781.987465,
          "N" : 21990676,
          "percentile" : {
            "1.000000" : 63744,
            "5.000000" : 76288,
            "10.000000" : 90624,
            "20.000000" : 127488,
            "30.000000" : 168960,
            "40.000000" : 216064,
            "50.000000" : 268288,
            "60.000000" : 333824,
            "70.000000" : 415744,
            "80.000000" : 528384,
            "90.000000" : 708608,
            "95.000000" : 880640,
            "99.000000" : 1253376,
            "99.500000" : 1417216,
            "99.900000" : 1728512,
            "99.950000" : 1859584,
            "99.990000" : 2113536
          }
        },
        "lat_ns" : {
          "min" : 60281,
          "max" : 2602657,
          "mean" : 348962.807574,
          "stddev" : 266781.365355,
          "N" : 21990676
        },
        "bw_min" : 1450568,
        "bw_max" : 1481624,
        "bw_agg" : 100.000000,
        "bw_mean" : 1466578.084034,
        "bw_dev" : 1567.931494,
        "bw_samples" : 476,
        "iops_min" : 362642,
        "iops_max" : 370408,
        "iops_mean" : 366644.537815,
        "iops_stddev" : 392.007179,
        "iops_samples" : 476
      },
      "write" : {
        "io_bytes" : 0,
        "io_kbytes" : 0,
        "bw_bytes" : 0,
        "bw" : 0,
        "iops" : 0.000000,
        "runtime" : 0,
        "total_ios" : 0,
        "short_ios" : 0,
        "drop_ios" : 0,
        "slat_ns" : {
          "min" : 0,
          "max" : 0,
          "mean" : 0.000000,
          "stddev" : 0.000000,
          "N" : 0
        },
        "clat_ns" : {
          "min" : 0,
          "max" : 0,
          "mean" : 0.000000,
          "stddev" : 0.000000,
          "N" : 0
        },
        "lat_ns" : {
          "min" : 0,
          "max" : 0,
          "mean" : 0.000000,
          "stddev" : 0.000000,
          "N" : 0
        },
        "bw_min" : 0,
        "bw_max" : 0,
        "bw_agg" : 0.000000,
        "bw_mean" : 0.000000,
        "bw_dev" : 0.000000,
        "bw_samples" : 0,
        "iops_min" : 0,
        "iops_max" : 0,
        "iops_mean" : 0.000000,
        "iops_stddev" : 0.000000,
        "iops_samples" : 0
      },
      "trim" : {
        "io_bytes" : 0,
        "io_kbytes" : 0,
        "bw_bytes" : 0,
        "bw" : 0,
        "iops" : 0.000000,
        "runtime" : 0,
        "total_ios" : 0,
        "short_ios" : 0,
        "drop_ios" : 0,
        "slat_ns" : {
          "min" : 0,
          "max" : 0,
          "mean" : 0.000000,
          "stddev" : 0.000000,
          "N" : 0
        },
        "clat_ns" : {
          "min" : 0,
          "max" : 0,
          "mean" : 0.000000,
          "stddev" : 0.000000,
          "N" : 0
        },
        "lat_ns" : {
          "min" : 0,
          "max" : 0,
          "mean" : 0.000000,
          "stddev" : 0.000000,
          "N" : 0
        },
        "bw_min" : 0,
        "bw_max" : 0,
        "bw_agg" : 0.000000,
        "bw_mean" : 0.000000,
        "bw_dev" : 0.000000,
        "bw_samples" : 0,
        "iops_min" : 0,
        "iops_max" : 0,
        "iops_mean" : 0.000000,
        "iops_stddev" : 0.000000,
        "iops_samples" : 0
      },
      "sync" : {
        "total_ios" : 0,
        "lat_ns" : {
          "min" : 0,
          "max" : 0,
          "mean" : 0.000000,
          "stddev" : 0.000000,
          "N" : 0
        }
      },
      "job_runtime" : 240000,
      "usr_cpu" : 7.380417,
      "sys_cpu" : 29.882917,
      "ctx" : 13241690,
      "majf" : 0,
      "minf" : 173,
      "iodepth_level" : {
        "1" : 0.100000,
        "2" : 0.100000,
        "4" : 0.100000,
        "8" : 0.100000,
        "16" : 0.100000,
        "32" : 99.999436,
        ">=64" : 0.000000
      },
      "iodepth_submit" : {
        "0" : 0.000000,
        "4" : 100.000000,
        "8" : 0.000000,
        "16" : 0.000000,
        "32" : 0.000000,
        "64" : 0.000000,
        ">=64" : 0.000000
      },
      "iodepth_complete" : {
        "0" : 0.000000,
        "4" : 99.999982,
        "8" : 0.000000,
        "16" : 0.000000,
        "32" : 0.100000,
        "64" : 0.000000,
        ">=64" : 0.000000
      },
      "latency_ns" : {
        "2" : 0.000000,
        "4" : 0.000000,
        "10" : 0.000000,
        "20" : 0.000000,
        "50" : 0.000000,
        "100" : 0.000000,
        "250" : 0.000000,
        "500" : 0.000000,
        "750" : 0.000000,
        "1000" : 0.000000
      },
      "latency_us" : {
        "2" : 0.000000,
        "4" : 0.000000,
        "10" : 0.000000,
        "20" : 0.000000,
        "50" : 0.010000,
        "100" : 12.388610,
        "250" : 34.070717,
        "500" : 31.421049,
        "750" : 13.580324,
        "1000" : 5.464179
      },
      "latency_ms" : {
        "2" : 3.053822,
        "4" : 0.021282,
        "10" : 0.000000,
        "20" : 0.000000,
        "50" : 0.000000,
        "100" : 0.000000,
        "250" : 0.000000,
        "500" : 0.000000,
        "750" : 0.000000,
        "1000" : 0.000000,
        "2000" : 0.000000,
        ">=2000" : 0.000000
      },
      "latency_depth" : 32,
      "latency_target" : 0,
      "latency_percentile" : 100.000000,
      "latency_window" : 0
    }
  ],
  "disk_util" : [
    {
      "name" : "nvme3n1",
      "read_ios" : 21951918,
      "write_ios" : 0,
      "read_merges" : 0,
      "write_merges" : 0,
      "read_ticks" : 7550711,
      "write_ticks" : 0,
      "in_queue" : 7550711,
      "util" : 99.866611
    }
  ]
}
