{
  "fio version" : "fio-3.28",
  "timestamp" : 1744003657,
  "timestamp_ms" : 1744003657009,
  "time" : "Mon Apr  7 14:27:37 2025",
  "global options" : {
    "bs" : "128k",
    "ioengine" : "io_uring",
    "size" : "12G",
    "numjobs" : "4",
    "iodepth" : "16",
    "group_reporting" : "1",
    "direct" : "1",
    "thread" : "1",
    "filename" : "/dev/nvme3n1"
  },
  "jobs" : [
    {
      "jobname" : "randwrite",
      "groupid" : 0,
      "error" : 0,
      "eta" : 0,
      "elapsed" : 23,
      "job options" : {
        "rw" : "randwrite"
      },
      "read" : {
        "io_bytes" : 0,
        "io_kbytes" : 0,
        "bw_bytes" : 0,
        "bw" : 0,
        "iops" : 0.000000,
        "runtime" : 0,
        "total_ios" : 0,
        "short_ios" : 0,
        "drop_ios" : 0,
        "slat_ns" : {
          "min" : 0,
          "max" : 0,
          "mean" : 0.000000,
          "stddev" : 0.000000,
          "N" : 0
        },
        "clat_ns" : {
          "min" : 0,
          "max" : 0,
          "mean" : 0.000000,
          "stddev" : 0.000000,
          "N" : 0
        },
        "lat_ns" : {
          "min" : 0,
          "max" : 0,
          "mean" : 0.000000,
          "stddev" : 0.000000,
          "N" : 0
        },
        "bw_min" : 0,
        "bw_max" : 0,
        "bw_agg" : 0.000000,
        "bw_mean" : 0.000000,
        "bw_dev" : 0.000000,
        "bw_samples" : 0,
        "iops_min" : 0,
        "iops_max" : 0,
        "iops_mean" : 0.000000,
        "iops_stddev" : 0.000000,
        "iops_samples" : 0
      },
      "write" : {
        "io_bytes" : 51539607552,
        "io_kbytes" : 50331648,
        "bw_bytes" : 2344414462,
        "bw" : 2289467,
        "iops" : 17886.462882,
        "runtime" : 21984,
        "total_ios" : 393216,
        "short_ios" : 0,
        "drop_ios" : 0,
        "slat_ns" : {
          "min" : 4180,
          "max" : 42320,
          "mean" : 8145.952835,
          "stddev" : 1436.306917,
          "N" : 393216
        },
        "clat_ns" : {
          "min" : 66100,
          "max" : 24166638,
          "mean" : 3482496.769447,
          "stddev" : 1477606.587097,
          "N" : 393216,
          "percentile" : {
            "1.000000" : 1073152,
            "5.000000" : 1630208,
            "10.000000" : 2007040,
            "20.000000" : 2441216,
            "30.000000" : 2703360,
            "40.000000" : 3031040,
            "50.000000" : 3325952,
            "60.000000" : 3588096,
            "70.000000" : 3948544,
            "80.000000" : 4358144,
            "90.000000" : 5013504,
            "95.000000" : 5734400,
            "99.000000" : 8716288,
            "99.500000" : 11075584,
            "99.900000" : 15269888,
            "99.950000" : 16580608,
            "99.990000" : 19005440
          }
        },
        "lat_ns" : {
          "min" : 92831,
          "max" : 24174008,
          "mean" : 3490716.545100,
          "stddev" : 1477649.985136,
          "N" : 393216
        },
        "bw_min" : 1584384,
        "bw_max" : 3354368,
        "bw_agg" : 100.000000,
        "bw_mean" : 2327194.519186,
        "bw_dev" : 77596.845018,
        "bw_samples" : 169,
        "iops_min" : 12378,
        "iops_max" : 26206,
        "iops_mean" : 18181.138953,
        "iops_stddev" : 606.208292,
        "iops_samples" : 169
      },
      "trim" : {
        "io_bytes" : 0,
        "io_kbytes" : 0,
        "bw_bytes" : 0,
        "bw" : 0,
        "iops" : 0.000000,
        "runtime" : 0,
        "total_ios" : 0,
        "short_ios" : 0,
        "drop_ios" : 0,
        "slat_ns" : {
          "min" : 0,
          "max" : 0,
          "mean" : 0.000000,
          "stddev" : 0.000000,
          "N" : 0
        },
        "clat_ns" : {
          "min" : 0,
          "max" : 0,
          "mean" : 0.000000,
          "stddev" : 0.000000,
          "N" : 0
        },
        "lat_ns" : {
          "min" : 0,
          "max" : 0,
          "mean" : 0.000000,
          "stddev" : 0.000000,
          "N" : 0
        },
        "bw_min" : 0,
        "bw_max" : 0,
        "bw_agg" : 0.000000,
        "bw_mean" : 0.000000,
        "bw_dev" : 0.000000,
        "bw_samples" : 0,
        "iops_min" : 0,
        "iops_max" : 0,
        "iops_mean" : 0.000000,
        "iops_stddev" : 0.000000,
        "iops_samples" : 0
      },
      "sync" : {
        "total_ios" : 0,
        "lat_ns" : {
          "min" : 0,
          "max" : 0,
          "mean" : 0.000000,
          "stddev" : 0.000000,
          "N" : 0
        }
      },
      "job_runtime" : 85796,
      "usr_cpu" : 1.317078,
      "sys_cpu" : 4.445429,
      "ctx" : 295598,
      "majf" : 0,
      "minf" : 0,
      "iodepth_level" : {
        "1" : 0.100000,
        "2" : 0.100000,
        "4" : 0.100000,
        "8" : 0.100000,
        "16" : 99.984741,
        "32" : 0.000000,
        ">=64" : 0.000000
      },
      "iodepth_submit" : {
        "0" : 0.000000,
        "4" : 100.000000,
        "8" : 0.000000,
        "16" : 0.000000,
        "32" : 0.000000,
        "64" : 0.000000,
        ">=64" : 0.000000
      },
      "iodepth_complete" : {
        "0" : 0.000000,
        "4" : 99.998983,
        "8" : 0.000000,
        "16" : 0.100000,
        "32" : 0.000000,
        "64" : 0.000000,
        ">=64" : 0.000000
      },
      "latency_ns" : {
        "2" : 0.000000,
        "4" : 0.000000,
        "10" : 0.000000,
        "20" : 0.000000,
        "50" : 0.000000,
        "100" : 0.000000,
        "250" : 0.000000,
        "500" : 0.000000,
        "750" : 0.000000,
        "1000" : 0.000000
      },
      "latency_us" : {
        "2" : 0.000000,
        "4" : 0.000000,
        "10" : 0.000000,
        "20" : 0.000000,
        "50" : 0.000000,
        "100" : 0.010000,
        "250" : 0.119781,
        "500" : 0.192769,
        "750" : 0.175476,
        "1000" : 0.406901
      },
      "latency_ms" : {
        "2" : 8.992513,
        "4" : 61.649831,
        "10" : 27.788289,
        "20" : 0.664520,
        "50" : 0.010000,
        "100" : 0.000000,
        "250" : 0.000000,
        "500" : 0.000000,
        "750" : 0.000000,
        "1000" : 0.000000,
        "2000" : 0.000000,
        ">=2000" : 0.000000
      },
      "latency_depth" : 16,
      "latency_target" : 0,
      "latency_percentile" : 100.000000,
      "latency_window" : 0
    }
  ],
  "disk_util" : [
    {
      "name" : "nvme3n1",
      "read_ios" : 150,
      "write_ios" : 391632,
      "read_merges" : 0,
      "write_merges" : 0,
      "read_ticks" : 754,
      "write_ticks" : 1364311,
      "in_queue" : 1365065,
      "util" : 99.572533
    }
  ]
}
