{
  "fio version" : "fio-3.28",
  "timestamp" : 1743442456,
  "timestamp_ms" : 1743442456616,
  "time" : "Tue Apr  1 02:34:16 2025",
  "global options" : {
    "bs" : "256k",
    "ioengine" : "psync",
    "size" : "12G",
    "numjobs" : "1",
    "iodepth" : "1",
    "group_reporting" : "1",
    "direct" : "1",
    "thread" : "1",
    "filename" : "/dev/nvme3n1"
  },
  "jobs" : [
    {
      "jobname" : "seqwrite",
      "groupid" : 0,
      "error" : 0,
      "eta" : 0,
      "elapsed" : 7,
      "job options" : {
        "rw" : "rw"
      },
      "read" : {
        "io_bytes" : 6451363840,
        "io_kbytes" : 6300160,
        "bw_bytes" : 978517190,
        "bw" : 955583,
        "iops" : 3732.746853,
        "runtime" : 6593,
        "total_ios" : 24610,
        "short_ios" : 0,
        "drop_ios" : 0,
        "slat_ns" : {
          "min" : 0,
          "max" : 0,
          "mean" : 0.000000,
          "stddev" : 0.000000,
          "N" : 0
        },
        "clat_ns" : {
          "min" : 21899,
          "max" : 268958,
          "mean" : 140470.229378,
          "stddev" : 96708.199202,
          "N" : 24610,
          "percentile" : {
            "1.000000" : 24704,
            "5.000000" : 26496,
            "10.000000" : 27520,
            "20.000000" : 29568,
            "30.000000" : 33024,
            "40.000000" : 35584,
            "50.000000" : 203776,
            "60.000000" : 207872,
            "70.000000" : 224256,
            "80.000000" : 228352,
            "90.000000" : 236544,
            "95.000000" : 257024,
            "99.000000" : 261120,
            "99.500000" : 261120,
            "99.900000" : 264192,
            "99.950000" : 264192,
            "99.990000" : 268288
          }
        },
        "lat_ns" : {
          "min" : 21919,
          "max" : 268988,
          "mean" : 140501.851199,
          "stddev" : 96710.141304,
          "N" : 24610
        },
        "bw_min" : 720896,
        "bw_max" : 1612800,
        "bw_agg" : 99.176294,
        "bw_mean" : 947712.000000,
        "bw_dev" : 309820.150634,
        "bw_samples" : 13,
        "iops_min" : 2816,
        "iops_max" : 6300,
        "iops_mean" : 3702.000000,
        "iops_stddev" : 1210.234963,
        "iops_samples" : 13
      },
      "write" : {
        "io_bytes" : 6433538048,
        "io_kbytes" : 6282752,
        "bw_bytes" : 975813445,
        "bw" : 952942,
        "iops" : 3722.432883,
        "runtime" : 6593,
        "total_ios" : 24542,
        "short_ios" : 0,
        "drop_ios" : 0,
        "slat_ns" : {
          "min" : 0,
          "max" : 0,
          "mean" : 0.000000,
          "stddev" : 0.000000,
          "N" : 0
        },
        "clat_ns" : {
          "min" : 118619,
          "max" : 163139,
          "mean" : 121995.287548,
          "stddev" : 1322.443421,
          "N" : 24542,
          "percentile" : {
            "1.000000" : 119296,
            "5.000000" : 120320,
            "10.000000" : 120320,
            "20.000000" : 121344,
            "30.000000" : 121344,
            "40.000000" : 121344,
            "50.000000" : 122368,
            "60.000000" : 122368,
            "70.000000" : 122368,
            "80.000000" : 122368,
            "90.000000" : 123392,
            "95.000000" : 124416,
            "99.000000" : 126464,
            "99.500000" : 127488,
            "99.900000" : 136192,
            "99.950000" : 142336,
            "99.990000" : 156672
          }
        },
        "lat_ns" : {
          "min" : 121168,
          "max" : 174038,
          "mean" : 127126.559612,
          "stddev" : 1742.717467,
          "N" : 24542
        },
        "bw_min" : 704000,
        "bw_max" : 1561088,
        "bw_agg" : 99.041829,
        "bw_mean" : 943812.923077,
        "bw_dev" : 298111.645583,
        "bw_samples" : 13,
        "iops_min" : 2750,
        "iops_max" : 6098,
        "iops_mean" : 3686.769231,
        "iops_stddev" : 1164.498616,
        "iops_samples" : 13
      },
      "trim" : {
        "io_bytes" : 0,
        "io_kbytes" : 0,
        "bw_bytes" : 0,
        "bw" : 0,
        "iops" : 0.000000,
        "runtime" : 0,
        "total_ios" : 0,
        "short_ios" : 0,
        "drop_ios" : 0,
        "slat_ns" : {
          "min" : 0,
          "max" : 0,
          "mean" : 0.000000,
          "stddev" : 0.000000,
          "N" : 0
        },
        "clat_ns" : {
          "min" : 0,
          "max" : 0,
          "mean" : 0.000000,
          "stddev" : 0.000000,
          "N" : 0
        },
        "lat_ns" : {
          "min" : 0,
          "max" : 0,
          "mean" : 0.000000,
          "stddev" : 0.000000,
          "N" : 0
        },
        "bw_min" : 0,
        "bw_max" : 0,
        "bw_agg" : 0.000000,
        "bw_mean" : 0.000000,
        "bw_dev" : 0.000000,
        "bw_samples" : 0,
        "iops_min" : 0,
        "iops_max" : 0,
        "iops_mean" : 0.000000,
        "iops_stddev" : 0.000000,
        "iops_samples" : 0
      },
      "sync" : {
        "total_ios" : 0,
        "lat_ns" : {
          "min" : 0,
          "max" : 0,
          "mean" : 0.000000,
          "stddev" : 0.000000,
          "N" : 0
        }
      },
      "job_runtime" : 6592,
      "usr_cpu" : 2.487864,
      "sys_cpu" : 8.980583,
      "ctx" : 49155,
      "majf" : 0,
      "minf" : 0,
      "iodepth_level" : {
        "1" : 100.000000,
        "2" : 0.000000,
        "4" : 0.000000,
        "8" : 0.000000,
        "16" : 0.000000,
        "32" : 0.000000,
        ">=64" : 0.000000
      },
      "iodepth_submit" : {
        "0" : 0.000000,
        "4" : 100.000000,
        "8" : 0.000000,
        "16" : 0.000000,
        "32" : 0.000000,
        "64" : 0.000000,
        ">=64" : 0.000000
      },
      "iodepth_complete" : {
        "0" : 0.000000,
        "4" : 100.000000,
        "8" : 0.000000,
        "16" : 0.000000,
        "32" : 0.000000,
        "64" : 0.000000,
        ">=64" : 0.000000
      },
      "latency_ns" : {
        "2" : 0.000000,
        "4" : 0.000000,
        "10" : 0.000000,
        "20" : 0.000000,
        "50" : 0.000000,
        "100" : 0.000000,
        "250" : 0.000000,
        "500" : 0.000000,
        "750" : 0.000000,
        "1000" : 0.000000
      },
      "latency_us" : {
        "2" : 0.000000,
        "4" : 0.000000,
        "10" : 0.000000,
        "20" : 0.000000,
        "50" : 21.610514,
        "100" : 0.010173,
        "250" : 74.763997,
        "500" : 3.615316,
        "750" : 0.000000,
        "1000" : 0.000000
      },
      "latency_ms" : {
        "2" : 0.000000,
        "4" : 0.000000,
        "10" : 0.000000,
        "20" : 0.000000,
        "50" : 0.000000,
        "100" : 0.000000,
        "250" : 0.000000,
        "500" : 0.000000,
        "750" : 0.000000,
        "1000" : 0.000000,
        "2000" : 0.000000,
        ">=2000" : 0.000000
      },
      "latency_depth" : 1,
      "latency_target" : 0,
      "latency_percentile" : 100.000000,
      "latency_window" : 0
    }
  ],
  "disk_util" : [
    {
      "name" : "nvme3n1",
      "read_ios" : 23498,
      "write_ios" : 23280,
      "read_merges" : 0,
      "write_merges" : 0,
      "read_ticks" : 3181,
      "write_ticks" : 2629,
      "in_queue" : 5810,
      "util" : 92.269787
    }
  ]
}
