{
  "fio version" : "fio-3.28",
  "timestamp" : 1740557377,
  "timestamp_ms" : 1740557377960,
  "time" : "Wed Feb 26 17:09:37 2025",
  "global options" : {
    "bs" : "256k",
    "ioengine" : "io_uring",
    "size" : "12G",
    "numjobs" : "4",
    "iodepth" : "16",
    "group_reporting" : "1",
    "direct" : "1",
    "thread" : "1",
    "filename" : "/dev/nvme3n1"
  },
  "jobs" : [
    {
      "jobname" : "randwrite",
      "groupid" : 0,
      "error" : 0,
      "eta" : 0,
      "elapsed" : 23,
      "job options" : {
        "rw" : "randwrite"
      },
      "read" : {
        "io_bytes" : 0,
        "io_kbytes" : 0,
        "bw_bytes" : 0,
        "bw" : 0,
        "iops" : 0.000000,
        "runtime" : 0,
        "total_ios" : 0,
        "short_ios" : 0,
        "drop_ios" : 0,
        "slat_ns" : {
          "min" : 0,
          "max" : 0,
          "mean" : 0.000000,
          "stddev" : 0.000000,
          "N" : 0
        },
        "clat_ns" : {
          "min" : 0,
          "max" : 0,
          "mean" : 0.000000,
          "stddev" : 0.000000,
          "N" : 0
        },
        "lat_ns" : {
          "min" : 0,
          "max" : 0,
          "mean" : 0.000000,
          "stddev" : 0.000000,
          "N" : 0
        },
        "bw_min" : 0,
        "bw_max" : 0,
        "bw_agg" : 0.000000,
        "bw_mean" : 0.000000,
        "bw_dev" : 0.000000,
        "bw_samples" : 0,
        "iops_min" : 0,
        "iops_max" : 0,
        "iops_mean" : 0.000000,
        "iops_stddev" : 0.000000,
        "iops_samples" : 0
      },
      "write" : {
        "io_bytes" : 51539607552,
        "io_kbytes" : 50331648,
        "bw_bytes" : 2341432289,
        "bw" : 2286554,
        "iops" : 8931.855352,
        "runtime" : 22012,
        "total_ios" : 196608,
        "short_ios" : 0,
        "drop_ios" : 0,
        "slat_ns" : {
          "min" : 6710,
          "max" : 159269,
          "mean" : 12999.286265,
          "stddev" : 2212.467060,
          "N" : 196608
        },
        "clat_ns" : {
          "min" : 94179,
          "max" : 24295784,
          "mean" : 7092401.424001,
          "stddev" : 2344165.710913,
          "N" : 196608,
          "percentile" : {
            "1.000000" : 1695744,
            "5.000000" : 3784704,
            "10.000000" : 4489216,
            "20.000000" : 5275648,
            "30.000000" : 5799936,
            "40.000000" : 6389760,
            "50.000000" : 6914048,
            "60.000000" : 7438336,
            "70.000000" : 8093696,
            "80.000000" : 8847360,
            "90.000000" : 10027008,
            "95.000000" : 11206656,
            "99.000000" : 13697024,
            "99.500000" : 14745600,
            "99.900000" : 17170432,
            "99.950000" : 17694720,
            "99.990000" : 19529728
          }
        },
        "lat_ns" : {
          "min" : 109469,
          "max" : 24308574,
          "mean" : 7105462.342550,
          "stddev" : 2344151.969177,
          "N" : 196608
        },
        "bw_min" : 1982464,
        "bw_max" : 2679296,
        "bw_agg" : 100.000000,
        "bw_mean" : 2287234.976744,
        "bw_dev" : 43173.555058,
        "bw_samples" : 172,
        "iops_min" : 7744,
        "iops_max" : 10466,
        "iops_mean" : 8934.511628,
        "iops_stddev" : 168.646699,
        "iops_samples" : 172
      },
      "trim" : {
        "io_bytes" : 0,
        "io_kbytes" : 0,
        "bw_bytes" : 0,
        "bw" : 0,
        "iops" : 0.000000,
        "runtime" : 0,
        "total_ios" : 0,
        "short_ios" : 0,
        "drop_ios" : 0,
        "slat_ns" : {
          "min" : 0,
          "max" : 0,
          "mean" : 0.000000,
          "stddev" : 0.000000,
          "N" : 0
        },
        "clat_ns" : {
          "min" : 0,
          "max" : 0,
          "mean" : 0.000000,
          "stddev" : 0.000000,
          "N" : 0
        },
        "lat_ns" : {
          "min" : 0,
          "max" : 0,
          "mean" : 0.000000,
          "stddev" : 0.000000,
          "N" : 0
        },
        "bw_min" : 0,
        "bw_max" : 0,
        "bw_agg" : 0.000000,
        "bw_mean" : 0.000000,
        "bw_dev" : 0.000000,
        "bw_samples" : 0,
        "iops_min" : 0,
        "iops_max" : 0,
        "iops_mean" : 0.000000,
        "iops_stddev" : 0.000000,
        "iops_samples" : 0
      },
      "sync" : {
        "total_ios" : 0,
        "lat_ns" : {
          "min" : 0,
          "max" : 0,
          "mean" : 0.000000,
          "stddev" : 0.000000,
          "N" : 0
        }
      },
      "job_runtime" : 87315,
      "usr_cpu" : 0.692894,
      "sys_cpu" : 3.475921,
      "ctx" : 165627,
      "majf" : 0,
      "minf" : 0,
      "iodepth_level" : {
        "1" : 0.100000,
        "2" : 0.100000,
        "4" : 0.100000,
        "8" : 0.100000,
        "16" : 99.969482,
        "32" : 0.000000,
        ">=64" : 0.000000
      },
      "iodepth_submit" : {
        "0" : 0.000000,
        "4" : 100.000000,
        "8" : 0.000000,
        "16" : 0.000000,
        "32" : 0.000000,
        "64" : 0.000000,
        ">=64" : 0.000000
      },
      "iodepth_complete" : {
        "0" : 0.000000,
        "4" : 99.997965,
        "8" : 0.000000,
        "16" : 0.100000,
        "32" : 0.000000,
        "64" : 0.000000,
        ">=64" : 0.000000
      },
      "latency_ns" : {
        "2" : 0.000000,
        "4" : 0.000000,
        "10" : 0.000000,
        "20" : 0.000000,
        "50" : 0.000000,
        "100" : 0.000000,
        "250" : 0.000000,
        "500" : 0.000000,
        "750" : 0.000000,
        "1000" : 0.000000
      },
      "latency_us" : {
        "2" : 0.000000,
        "4" : 0.000000,
        "10" : 0.000000,
        "20" : 0.000000,
        "50" : 0.000000,
        "100" : 0.010000,
        "250" : 0.103760,
        "500" : 0.152079,
        "750" : 0.146484,
        "1000" : 0.145976
      },
      "latency_ms" : {
        "2" : 1.470947,
        "4" : 4.146830,
        "10" : 83.408101,
        "20" : 10.419210,
        "50" : 0.010000,
        "100" : 0.000000,
        "250" : 0.000000,
        "500" : 0.000000,
        "750" : 0.000000,
        "1000" : 0.000000,
        "2000" : 0.000000,
        ">=2000" : 0.000000
      },
      "latency_depth" : 16,
      "latency_target" : 0,
      "latency_percentile" : 100.000000,
      "latency_window" : 0
    }
  ],
  "disk_util" : [
    {
      "name" : "nvme3n1",
      "read_ios" : 216,
      "write_ios" : 195545,
      "read_merges" : 0,
      "write_merges" : 0,
      "read_ticks" : 54,
      "write_ticks" : 1391300,
      "in_queue" : 1391354,
      "util" : 99.563438
    }
  ]
}
