{
  "fio version" : "fio-3.28",
  "timestamp" : 1740404832,
  "timestamp_ms" : 1740404832845,
  "time" : "Mon Feb 24 22:47:12 2025",
  "global options" : {
    "bs" : "16k",
    "ioengine" : "io_uring",
    "size" : "12G",
    "numjobs" : "4",
    "iodepth" : "16",
    "group_reporting" : "1",
    "direct" : "1",
    "thread" : "1",
    "filename" : "/dev/nvme3n1"
  },
  "jobs" : [
    {
      "jobname" : "randwrite",
      "groupid" : 0,
      "error" : 0,
      "eta" : 0,
      "elapsed" : 23,
      "job options" : {
        "rw" : "randwrite"
      },
      "read" : {
        "io_bytes" : 0,
        "io_kbytes" : 0,
        "bw_bytes" : 0,
        "bw" : 0,
        "iops" : 0.000000,
        "runtime" : 0,
        "total_ios" : 0,
        "short_ios" : 0,
        "drop_ios" : 0,
        "slat_ns" : {
          "min" : 0,
          "max" : 0,
          "mean" : 0.000000,
          "stddev" : 0.000000,
          "N" : 0
        },
        "clat_ns" : {
          "min" : 0,
          "max" : 0,
          "mean" : 0.000000,
          "stddev" : 0.000000,
          "N" : 0
        },
        "lat_ns" : {
          "min" : 0,
          "max" : 0,
          "mean" : 0.000000,
          "stddev" : 0.000000,
          "N" : 0
        },
        "bw_min" : 0,
        "bw_max" : 0,
        "bw_agg" : 0.000000,
        "bw_mean" : 0.000000,
        "bw_dev" : 0.000000,
        "bw_samples" : 0,
        "iops_min" : 0,
        "iops_max" : 0,
        "iops_mean" : 0.000000,
        "iops_stddev" : 0.000000,
        "iops_samples" : 0
      },
      "write" : {
        "io_bytes" : 51539607552,
        "io_kbytes" : 50331648,
        "bw_bytes" : 2266772553,
        "bw" : 2213645,
        "iops" : 138352.816994,
        "runtime" : 22737,
        "total_ios" : 3145728,
        "short_ios" : 0,
        "drop_ios" : 0,
        "slat_ns" : {
          "min" : 1670,
          "max" : 49380,
          "mean" : 2913.723645,
          "stddev" : 939.666726,
          "N" : 3145728
        },
        "clat_ns" : {
          "min" : 10399,
          "max" : 1707947,
          "mean" : 456850.201193,
          "stddev" : 157410.843195,
          "N" : 3145728,
          "percentile" : {
            "1.000000" : 162816,
            "5.000000" : 228352,
            "10.000000" : 268288,
            "20.000000" : 321536,
            "30.000000" : 366592,
            "40.000000" : 403456,
            "50.000000" : 440320,
            "60.000000" : 477184,
            "70.000000" : 528384,
            "80.000000" : 585728,
            "90.000000" : 667648,
            "95.000000" : 741376,
            "99.000000" : 897024,
            "99.500000" : 954368,
            "99.900000" : 1089536,
            "99.950000" : 1155072,
            "99.990000" : 1286144
          }
        },
        "lat_ns" : {
          "min" : 15959,
          "max" : 1710297,
          "mean" : 459822.479108,
          "stddev" : 157310.623928,
          "N" : 3145728
        },
        "bw_min" : 2083360,
        "bw_max" : 2427904,
        "bw_agg" : 100.000000,
        "bw_mean" : 2215968.614141,
        "bw_dev" : 22017.673139,
        "bw_samples" : 179,
        "iops_min" : 130210,
        "iops_max" : 151744,
        "iops_mean" : 138498.038384,
        "iops_stddev" : 1376.104571,
        "iops_samples" : 179
      },
      "trim" : {
        "io_bytes" : 0,
        "io_kbytes" : 0,
        "bw_bytes" : 0,
        "bw" : 0,
        "iops" : 0.000000,
        "runtime" : 0,
        "total_ios" : 0,
        "short_ios" : 0,
        "drop_ios" : 0,
        "slat_ns" : {
          "min" : 0,
          "max" : 0,
          "mean" : 0.000000,
          "stddev" : 0.000000,
          "N" : 0
        },
        "clat_ns" : {
          "min" : 0,
          "max" : 0,
          "mean" : 0.000000,
          "stddev" : 0.000000,
          "N" : 0
        },
        "lat_ns" : {
          "min" : 0,
          "max" : 0,
          "mean" : 0.000000,
          "stddev" : 0.000000,
          "N" : 0
        },
        "bw_min" : 0,
        "bw_max" : 0,
        "bw_agg" : 0.000000,
        "bw_mean" : 0.000000,
        "bw_dev" : 0.000000,
        "bw_samples" : 0,
        "iops_min" : 0,
        "iops_max" : 0,
        "iops_mean" : 0.000000,
        "iops_stddev" : 0.000000,
        "iops_samples" : 0
      },
      "sync" : {
        "total_ios" : 0,
        "lat_ns" : {
          "min" : 0,
          "max" : 0,
          "mean" : 0.000000,
          "stddev" : 0.000000,
          "N" : 0
        }
      },
      "job_runtime" : 90460,
      "usr_cpu" : 3.837055,
      "sys_cpu" : 14.037143,
      "ctx" : 1752314,
      "majf" : 0,
      "minf" : 0,
      "iodepth_level" : {
        "1" : 0.100000,
        "2" : 0.100000,
        "4" : 0.100000,
        "8" : 0.100000,
        "16" : 99.998093,
        "32" : 0.000000,
        ">=64" : 0.000000
      },
      "iodepth_submit" : {
        "0" : 0.000000,
        "4" : 100.000000,
        "8" : 0.000000,
        "16" : 0.000000,
        "32" : 0.000000,
        "64" : 0.000000,
        ">=64" : 0.000000
      },
      "iodepth_complete" : {
        "0" : 0.000000,
        "4" : 99.999873,
        "8" : 0.000000,
        "16" : 0.100000,
        "32" : 0.000000,
        "64" : 0.000000,
        ">=64" : 0.000000
      },
      "latency_ns" : {
        "2" : 0.000000,
        "4" : 0.000000,
        "10" : 0.000000,
        "20" : 0.000000,
        "50" : 0.000000,
        "100" : 0.000000,
        "250" : 0.000000,
        "500" : 0.000000,
        "750" : 0.000000,
        "1000" : 0.000000
      },
      "latency_us" : {
        "2" : 0.000000,
        "4" : 0.000000,
        "10" : 0.000000,
        "20" : 0.010000,
        "50" : 0.038020,
        "100" : 0.170199,
        "250" : 7.292239,
        "500" : 57.375876,
        "750" : 30.618350,
        "1000" : 4.187965
      },
      "latency_ms" : {
        "2" : 0.312996,
        "4" : 0.000000,
        "10" : 0.000000,
        "20" : 0.000000,
        "50" : 0.000000,
        "100" : 0.000000,
        "250" : 0.000000,
        "500" : 0.000000,
        "750" : 0.000000,
        "1000" : 0.000000,
        "2000" : 0.000000,
        ">=2000" : 0.000000
      },
      "latency_depth" : 16,
      "latency_target" : 0,
      "latency_percentile" : 100.000000,
      "latency_window" : 0
    }
  ],
  "disk_util" : [
    {
      "name" : "nvme3n1",
      "read_ios" : 172,
      "write_ios" : 3133242,
      "read_merges" : 0,
      "write_merges" : 0,
      "read_ticks" : 19,
      "write_ticks" : 1425636,
      "in_queue" : 1425655,
      "util" : 99.586631
    }
  ]
}
