{
  "fio version" : "fio-3.28",
<<<<<<< HEAD
<<<<<<<< HEAD:output/FULL/4k/seqwrite-async-16k.json
  "timestamp" : 1740487537,
  "timestamp_ms" : 1740487537929,
  "time" : "Tue Feb 25 21:45:37 2025",
========
  "timestamp" : 1740505804,
  "timestamp_ms" : 1740505804586,
  "time" : "Wed Feb 26 02:50:04 2025",
>>>>>>>> d8b1a8d99ab034e5217abcf6c4f0f6f935bfa4f6:output/HALF/4k/seqwrite-async-16k.json
=======
  "timestamp" : 1740404808,
  "timestamp_ms" : 1740404808294,
  "time" : "Mon Feb 24 22:46:48 2025",
>>>>>>> d8b1a8d99ab034e5217abcf6c4f0f6f935bfa4f6
  "global options" : {
    "bs" : "16k",
    "ioengine" : "io_uring",
    "size" : "12G",
    "numjobs" : "4",
    "iodepth" : "16",
    "group_reporting" : "1",
    "direct" : "1",
    "thread" : "1",
    "filename" : "/dev/nvme3n1"
  },
  "jobs" : [
    {
      "jobname" : "seqwrite",
      "groupid" : 0,
      "error" : 0,
      "eta" : 0,
      "elapsed" : 23,
      "job options" : {
        "rw" : "write"
      },
      "read" : {
        "io_bytes" : 0,
        "io_kbytes" : 0,
        "bw_bytes" : 0,
        "bw" : 0,
        "iops" : 0.000000,
        "runtime" : 0,
        "total_ios" : 0,
        "short_ios" : 0,
        "drop_ios" : 0,
        "slat_ns" : {
          "min" : 0,
          "max" : 0,
          "mean" : 0.000000,
          "stddev" : 0.000000,
          "N" : 0
        },
        "clat_ns" : {
          "min" : 0,
          "max" : 0,
          "mean" : 0.000000,
          "stddev" : 0.000000,
          "N" : 0
        },
        "lat_ns" : {
          "min" : 0,
          "max" : 0,
          "mean" : 0.000000,
          "stddev" : 0.000000,
          "N" : 0
        },
        "bw_min" : 0,
        "bw_max" : 0,
        "bw_agg" : 0.000000,
        "bw_mean" : 0.000000,
        "bw_dev" : 0.000000,
        "bw_samples" : 0,
        "iops_min" : 0,
        "iops_max" : 0,
        "iops_mean" : 0.000000,
        "iops_stddev" : 0.000000,
        "iops_samples" : 0
      },
      "write" : {
        "io_bytes" : 51539607552,
        "io_kbytes" : 50331648,
<<<<<<< HEAD
        "bw_bytes" : 2341325923,
        "bw" : 2286451,
        "iops" : 142903.193567,
        "runtime" : 22013,
=======
        "bw_bytes" : 2341432289,
        "bw" : 2286554,
        "iops" : 142909.685626,
        "runtime" : 22012,
>>>>>>> d8b1a8d99ab034e5217abcf6c4f0f6f935bfa4f6
        "total_ios" : 3145728,
        "short_ios" : 0,
        "drop_ios" : 0,
        "slat_ns" : {
<<<<<<< HEAD
          "min" : 1670,
<<<<<<<< HEAD:output/FULL/4k/seqwrite-async-16k.json
          "max" : 42210,
          "mean" : 3075.700276,
          "stddev" : 1004.309895,
          "N" : 3145728
        },
        "clat_ns" : {
          "min" : 13080,
          "max" : 1910014,
          "mean" : 443531.740357,
          "stddev" : 175690.793451,
          "N" : 3145728,
          "percentile" : {
            "1.000000" : 128512,
            "5.000000" : 214016,
            "10.000000" : 238592,
            "20.000000" : 280576,
            "30.000000" : 337920,
========
          "max" : 542798,
          "mean" : 2882.859959,
          "stddev" : 1074.181998,
          "N" : 3145728
        },
        "clat_ns" : {
          "min" : 4340,
          "max" : 1802429,
          "mean" : 444219.739653,
          "stddev" : 180338.713308,
          "N" : 3145728,
          "percentile" : {
            "1.000000" : 125440,
            "5.000000" : 209920,
            "10.000000" : 234496,
            "20.000000" : 276480,
            "30.000000" : 333824,
>>>>>>>> d8b1a8d99ab034e5217abcf6c4f0f6f935bfa4f6:output/HALF/4k/seqwrite-async-16k.json
            "40.000000" : 391168,
            "50.000000" : 423936,
            "60.000000" : 456704,
            "70.000000" : 501760,
            "80.000000" : 585728,
            "90.000000" : 675840,
<<<<<<<< HEAD:output/FULL/4k/seqwrite-async-16k.json
            "95.000000" : 774144,
            "99.000000" : 946176,
            "99.500000" : 1044480,
            "99.900000" : 1204224,
            "99.950000" : 1286144,
            "99.990000" : 1449984
          }
        },
        "lat_ns" : {
          "min" : 17680,
          "max" : 1912384,
          "mean" : 446670.776635,
          "stddev" : 175630.473466,
          "N" : 3145728
        },
        "bw_min" : 2118464,
        "bw_max" : 2595456,
        "bw_agg" : 100.000000,
        "bw_mean" : 2289412.617336,
        "bw_dev" : 23678.013405,
        "bw_samples" : 173,
        "iops_min" : 132404,
        "iops_max" : 162216,
        "iops_mean" : 143088.288584,
        "iops_stddev" : 1479.875838,
        "iops_samples" : 173
========
            "95.000000" : 782336,
            "99.000000" : 970752,
            "99.500000" : 1073152,
            "99.900000" : 1236992,
            "99.950000" : 1318912,
            "99.990000" : 1482752
          }
        },
        "lat_ns" : {
          "min" : 19531,
          "max" : 1804469,
          "mean" : 447161.432384,
          "stddev" : 180272.654663,
          "N" : 3145728
        },
        "bw_min" : 2127904,
        "bw_max" : 2489632,
        "bw_agg" : 100.000000,
        "bw_mean" : 2288228.025370,
        "bw_dev" : 17858.181814,
        "bw_samples" : 174,
        "iops_min" : 132994,
        "iops_max" : 155602,
        "iops_mean" : 143014.251586,
        "iops_stddev" : 1116.136363,
        "iops_samples" : 174
>>>>>>>> d8b1a8d99ab034e5217abcf6c4f0f6f935bfa4f6:output/HALF/4k/seqwrite-async-16k.json
=======
          "min" : 1660,
          "max" : 140478,
          "mean" : 2813.262797,
          "stddev" : 998.622611,
          "N" : 3145728
        },
        "clat_ns" : {
          "min" : 14799,
          "max" : 2388668,
          "mean" : 443987.689929,
          "stddev" : 192170.635228,
          "N" : 3145728,
          "percentile" : {
            "1.000000" : 109056,
            "5.000000" : 197632,
            "10.000000" : 224256,
            "20.000000" : 268288,
            "30.000000" : 321536,
            "40.000000" : 382976,
            "50.000000" : 423936,
            "60.000000" : 456704,
            "70.000000" : 509952,
            "80.000000" : 602112,
            "90.000000" : 692224,
            "95.000000" : 806912,
            "99.000000" : 1019904,
            "99.500000" : 1105920,
            "99.900000" : 1302528,
            "99.950000" : 1368064,
            "99.990000" : 1548288
          }
        },
        "lat_ns" : {
          "min" : 19830,
          "max" : 2391578,
          "mean" : 446860.231925,
          "stddev" : 192107.298667,
          "N" : 3145728
        },
        "bw_min" : 2171520,
        "bw_max" : 2475040,
        "bw_agg" : 100.000000,
        "bw_mean" : 2289504.473573,
        "bw_dev" : 14736.172280,
        "bw_samples" : 174,
        "iops_min" : 135720,
        "iops_max" : 154690,
        "iops_mean" : 143094.029598,
        "iops_stddev" : 921.020684,
        "iops_samples" : 174
>>>>>>> d8b1a8d99ab034e5217abcf6c4f0f6f935bfa4f6
      },
      "trim" : {
        "io_bytes" : 0,
        "io_kbytes" : 0,
        "bw_bytes" : 0,
        "bw" : 0,
        "iops" : 0.000000,
        "runtime" : 0,
        "total_ios" : 0,
        "short_ios" : 0,
        "drop_ios" : 0,
        "slat_ns" : {
          "min" : 0,
          "max" : 0,
          "mean" : 0.000000,
          "stddev" : 0.000000,
          "N" : 0
        },
        "clat_ns" : {
          "min" : 0,
          "max" : 0,
          "mean" : 0.000000,
          "stddev" : 0.000000,
          "N" : 0
        },
        "lat_ns" : {
          "min" : 0,
          "max" : 0,
          "mean" : 0.000000,
          "stddev" : 0.000000,
          "N" : 0
        },
        "bw_min" : 0,
        "bw_max" : 0,
        "bw_agg" : 0.000000,
        "bw_mean" : 0.000000,
        "bw_dev" : 0.000000,
        "bw_samples" : 0,
        "iops_min" : 0,
        "iops_max" : 0,
        "iops_mean" : 0.000000,
        "iops_stddev" : 0.000000,