{
  "fio version" : "fio-3.28",
  "timestamp" : 1743416879,
  "timestamp_ms" : 1743416879603,
  "time" : "Mon Mar 31 19:27:59 2025",
  "global options" : {
    "bs" : "128k",
    "ioengine" : "io_uring",
    "size" : "12G",
    "numjobs" : "4",
    "iodepth" : "16",
    "group_reporting" : "1",
    "direct" : "1",
    "thread" : "1",
    "filename" : "/dev/nvme3n1"
  },
  "jobs" : [
    {
      "jobname" : "randwrite",
      "groupid" : 0,
      "error" : 0,
      "eta" : 0,
      "elapsed" : 23,
      "job options" : {
        "rw" : "randwrite"
      },
      "read" : {
        "io_bytes" : 0,
        "io_kbytes" : 0,
        "bw_bytes" : 0,
        "bw" : 0,
        "iops" : 0.000000,
        "runtime" : 0,
        "total_ios" : 0,
        "short_ios" : 0,
        "drop_ios" : 0,
        "slat_ns" : {
          "min" : 0,
          "max" : 0,
          "mean" : 0.000000,
          "stddev" : 0.000000,
          "N" : 0
        },
        "clat_ns" : {
          "min" : 0,
          "max" : 0,
          "mean" : 0.000000,
          "stddev" : 0.000000,
          "N" : 0
        },
        "lat_ns" : {
          "min" : 0,
          "max" : 0,
          "mean" : 0.000000,
          "stddev" : 0.000000,
          "N" : 0
        },
        "bw_min" : 0,
        "bw_max" : 0,
        "bw_agg" : 0.000000,
        "bw_mean" : 0.000000,
        "bw_dev" : 0.000000,
        "bw_samples" : 0,
        "iops_min" : 0,
        "iops_max" : 0,
        "iops_mean" : 0.000000,
        "iops_stddev" : 0.000000,
        "iops_samples" : 0
      },
      "write" : {
        "io_bytes" : 51539607552,
        "io_kbytes" : 50331648,
        "bw_bytes" : 2344414462,
        "bw" : 2289467,
        "iops" : 17886.462882,
        "runtime" : 21984,
        "total_ios" : 393216,
        "short_ios" : 0,
        "drop_ios" : 0,
        "slat_ns" : {
          "min" : 3660,
          "max" : 42680,
          "mean" : 7774.616521,
          "stddev" : 1253.514856,
          "N" : 393216
        },
        "clat_ns" : {
          "min" : 79220,
          "max" : 32472670,
          "mean" : 3334532.582095,
          "stddev" : 2695600.345525,
          "N" : 393216,
          "percentile" : {
            "1.000000" : 716800,
            "5.000000" : 1105920,
            "10.000000" : 1335296,
            "20.000000" : 1597440,
            "30.000000" : 1892352,
            "40.000000" : 2211840,
            "50.000000" : 2473984,
            "60.000000" : 2867200,
            "70.000000" : 3358720,
            "80.000000" : 4227072,
            "90.000000" : 6455296,
            "95.000000" : 9240576,
            "99.000000" : 14352384,
            "99.500000" : 15925248,
            "99.900000" : 19529728,
            "99.950000" : 20840448,
            "99.990000" : 27918336
          }
        },
        "lat_ns" : {
          "min" : 92430,
          "max" : 32483590,
          "mean" : 3342378.783379,
          "stddev" : 2695715.843666,
          "N" : 393216
        },
        "bw_min" : 1033984,
        "bw_max" : 4477952,
        "bw_agg" : 100.000000,
        "bw_mean" : 2430589.799076,
        "bw_dev" : 204604.384218,
        "bw_samples" : 162,
        "iops_min" : 8078,
        "iops_max" : 34984,
        "iops_mean" : 18988.982805,
        "iops_stddev" : 1598.471752,
        "iops_samples" : 162
      },
      "trim" : {
        "io_bytes" : 0,
        "io_kbytes" : 0,
        "bw_bytes" : 0,
        "bw" : 0,
        "iops" : 0.000000,
        "runtime" : 0,
        "total_ios" : 0,
        "short_ios" : 0,
        "drop_ios" : 0,
        "slat_ns" : {
          "min" : 0,
          "max" : 0,
          "mean" : 0.000000,
          "stddev" : 0.000000,
          "N" : 0
        },
        "clat_ns" : {
          "min" : 0,
          "max" : 0,
          "mean" : 0.000000,
          "stddev" : 0.000000,
          "N" : 0
        },
        "lat_ns" : {
          "min" : 0,
          "max" : 0,
          "mean" : 0.000000,
          "stddev" : 0.000000,
          "N" : 0
        },
        "bw_min" : 0,
        "bw_max" : 0,
        "bw_agg" : 0.000000,
        "bw_mean" : 0.000000,
        "bw_dev" : 0.000000,
        "bw_samples" : 0,
        "iops_min" : 0,
        "iops_max" : 0,
        "iops_mean" : 0.000000,
        "iops_stddev" : 0.000000,
        "iops_samples" : 0
      },
      "sync" : {
        "total_ios" : 0,
        "lat_ns" : {
          "min" : 0,
          "max" : 0,
          "mean" : 0.000000,
          "stddev" : 0.000000,
          "N" : 0
        }
      },
      "job_runtime" : 82149,
      "usr_cpu" : 1.556927,
      "sys_cpu" : 4.023177,
      "ctx" : 254294,
      "majf" : 0,
      "minf" : 0,
      "iodepth_level" : {
        "1" : 0.100000,
        "2" : 0.100000,
        "4" : 0.100000,
        "8" : 0.100000,
        "16" : 99.984741,
        "32" : 0.000000,
        ">=64" : 0.000000
      },
      "iodepth_submit" : {
        "0" : 0.000000,
        "4" : 100.000000,
        "8" : 0.000000,
        "16" : 0.000000,
        "32" : 0.000000,
        "64" : 0.000000,
        ">=64" : 0.000000
      },
      "iodepth_complete" : {
        "0" : 0.000000,
        "4" : 99.998983,
        "8" : 0.000000,
        "16" : 0.100000,
        "32" : 0.000000,
        "64" : 0.000000,
        ">=64" : 0.000000
      },
      "latency_ns" : {
        "2" : 0.000000,
        "4" : 0.000000,
        "10" : 0.000000,
        "20" : 0.000000,
        "50" : 0.000000,
        "100" : 0.000000,
        "250" : 0.000000,
        "500" : 0.000000,
        "750" : 0.000000,
        "1000" : 0.000000
      },
      "latency_us" : {
        "2" : 0.000000,
        "4" : 0.000000,
        "10" : 0.000000,
        "20" : 0.000000,
        "50" : 0.000000,
        "100" : 0.010000,
        "250" : 0.210571,
        "500" : 0.371043,
        "750" : 0.481923,
        "1000" : 2.295431
      },
      "latency_ms" : {
        "2" : 30.250041,
        "4" : 43.886312,
        "10" : 18.366750,
        "20" : 4.060618,
        "50" : 0.075277,
        "100" : 0.000000,
        "250" : 0.000000,
        "500" : 0.000000,
        "750" : 0.000000,
        "1000" : 0.000000,
        "2000" : 0.000000,
        ">=2000" : 0.000000
      },
      "latency_depth" : 16,
      "latency_target" : 0,
      "latency_percentile" : 100.000000,
      "latency_window" : 0
    }
  ],
  "disk_util" : [
    {
      "name" : "nvme3n1",
      "read_ios" : 195,
      "write_ios" : 391626,
      "read_merges" : 0,
      "write_merges" : 0,
      "read_ticks" : 1389,
      "write_ticks" : 1306613,
      "in_queue" : 1308002,
      "util" : 99.567985
    }
  ]
}
