{
  "fio version" : "fio-3.28",
  "timestamp" : 1743417145,
  "timestamp_ms" : 1743417145266,
  "time" : "Mon Mar 31 19:32:25 2025",
  "global options" : {
    "bs" : "8k",
    "ioengine" : "io_uring",
    "size" : "12G",
    "numjobs" : "4",
    "iodepth" : "16",
    "group_reporting" : "1",
    "direct" : "1",
    "thread" : "1",
    "filename" : "/dev/nvme3n1"
  },
  "jobs" : [
    {
      "jobname" : "randwrite",
      "groupid" : 0,
      "error" : 0,
      "eta" : 0,
      "elapsed" : 18,
      "job options" : {
        "rw" : "randrw"
      },
      "read" : {
        "io_bytes" : 25776840704,
        "io_kbytes" : 25172696,
        "bw_bytes" : 1516463154,
        "bw" : 1480921,
        "iops" : 185115.131192,
        "runtime" : 16998,
        "total_ios" : 3146587,
        "short_ios" : 0,
        "drop_ios" : 0,
        "slat_ns" : {
          "min" : 1550,
          "max" : 213720,
          "mean" : 2058.421106,
          "stddev" : 654.125085,
          "N" : 3146587
        },
        "clat_ns" : {
          "min" : 40,
          "max" : 9422678,
          "mean" : 321252.835402,
          "stddev" : 473001.466676,
          "N" : 3146587,
          "percentile" : {
            "1.000000" : 4896,
            "5.000000" : 5920,
            "10.000000" : 6624,
            "20.000000" : 8032,
            "30.000000" : 10048,
            "40.000000" : 16768,
            "50.000000" : 166912,
            "60.000000" : 301056,
            "70.000000" : 428032,
            "80.000000" : 585728,
            "90.000000" : 839680,
            "95.000000" : 1073152,
            "99.000000" : 1679360,
            "99.500000" : 2113536,
            "99.900000" : 6127616,
            "99.950000" : 7110656,
            "99.990000" : 8224768
          }
        },
        "lat_ns" : {
          "min" : 4820,
          "max" : 9424768,
          "mean" : 323358.500434,
          "stddev" : 472997.115816,
          "N" : 3146587
        },
        "bw_min" : 1261568,
        "bw_max" : 2191584,
        "bw_agg" : 100.000000,
        "bw_mean" : 1488175.030303,
        "bw_dev" : 58624.892324,
        "bw_samples" : 132,
        "iops_min" : 157696,
        "iops_max" : 273948,
        "iops_mean" : 186021.878788,
        "iops_stddev" : 7328.111540,
        "iops_samples" : 132
      },
      "write" : {
        "io_bytes" : 25762766848,
        "io_kbytes" : 25158952,
        "bw_bytes" : 1515635183,
        "bw" : 1480112,
        "iops" : 185014.060478,
        "runtime" : 16998,
        "total_ios" : 3144869,
        "short_ios" : 0,
        "drop_ios" : 0,
        "slat_ns" : {
          "min" : 1500,
          "max" : 539600,
          "mean" : 2092.114948,
          "stddev" : 739.257024,
          "N" : 3144869
        },
        "clat_ns" : {
          "min" : 60,
          "max" : 677500,
          "mean" : 19612.036753,
          "stddev" : 9614.884712,
          "N" : 3144869,
          "percentile" : {
            "1.000000" : 10816,
            "5.000000" : 11840,
            "10.000000" : 12480,
            "20.000000" : 13760,
            "30.000000" : 15296,
            "40.000000" : 16512,
            "50.000000" : 17536,
            "60.000000" : 18816,
            "70.000000" : 20608,
            "80.000000" : 22912,
            "90.000000" : 27264,
            "95.000000" : 32128,
            "99.000000" : 61184,
            "99.500000" : 84480,
            "99.900000" : 118272,
            "99.950000" : 126464,
            "99.990000" : 138240
          }
        },
        "lat_ns" : {
          "min" : 10360,
          "max" : 679130,
          "mean" : 21751.813263,
          "stddev" : 9667.836045,
          "N" : 3144869
        },
        "bw_min" : 1247152,
        "bw_max" : 2196608,
        "bw_agg" : 100.000000,
        "bw_mean" : 1487645.090909,
        "bw_dev" : 59092.578856,
        "bw_samples" : 132,
        "iops_min" : 155894,
        "iops_max" : 274576,
        "iops_mean" : 185955.636364,
        "iops_stddev" : 7386.572357,
        "iops_samples" : 132
      },
      "trim" : {
        "io_bytes" : 0,
        "io_kbytes" : 0,
        "bw_bytes" : 0,
        "bw" : 0,
        "iops" : 0.000000,
        "runtime" : 0,
        "total_ios" : 0,
        "short_ios" : 0,
        "drop_ios" : 0,
        "slat_ns" : {
          "min" : 0,
          "max" : 0,
          "mean" : 0.000000,
          "stddev" : 0.000000,
          "N" : 0
        },
        "clat_ns" : {
          "min" : 0,
          "max" : 0,
          "mean" : 0.000000,
          "stddev" : 0.000000,
          "N" : 0
        },
        "lat_ns" : {
          "min" : 0,
          "max" : 0,
          "mean" : 0.000000,
          "stddev" : 0.000000,
          "N" : 0
        },
        "bw_min" : 0,
        "bw_max" : 0,
        "bw_agg" : 0.000000,
        "bw_mean" : 0.000000,
        "bw_dev" : 0.000000,
        "bw_samples" : 0,
        "iops_min" : 0,
        "iops_max" : 0,
        "iops_mean" : 0.000000,
        "iops_stddev" : 0.000000,
        "iops_samples" : 0
      },
      "sync" : {
        "total_ios" : 0,
        "lat_ns" : {
          "min" : 0,
          "max" : 0,
          "mean" : 0.000000,
          "stddev" : 0.000000,
          "N" : 0
        }
      },
      "job_runtime" : 67952,
      "usr_cpu" : 5.964504,
      "sys_cpu" : 32.549447,
      "ctx" : 3747906,
      "majf" : 0,
      "minf" : 0,
      "iodepth_level" : {
        "1" : 0.100000,
        "2" : 0.100000,
        "4" : 0.100000,
        "8" : 0.100000,
        "16" : 99.999046,
        "32" : 0.000000,
        ">=64" : 0.000000
      },
      "iodepth_submit" : {
        "0" : 0.000000,
        "4" : 100.000000,
        "8" : 0.000000,
        "16" : 0.000000,
        "32" : 0.000000,
        "64" : 0.000000,
        ">=64" : 0.000000
      },
      "iodepth_complete" : {
        "0" : 0.000000,
        "4" : 99.999936,
        "8" : 0.000000,
        "16" : 0.100000,
        "32" : 0.000000,
        "64" : 0.000000,
        ">=64" : 0.000000
      },
      "latency_ns" : {
        "2" : 0.000000,
        "4" : 0.000000,
        "10" : 0.000000,
        "20" : 0.000000,
        "50" : 0.010000,
        "100" : 0.010000,
        "250" : 0.010000,
        "500" : 0.010000,
        "750" : 0.010000,
        "1000" : 0.000000
      },
      "latency_us" : {
        "2" : 0.010000,
        "4" : 0.212733,
        "10" : 14.796480,
        "20" : 38.790083,
        "50" : 16.679684,
        "100" : 2.372392,
        "250" : 5.105511,
        "500" : 9.472005,
        "750" : 6.117900,
        "1000" : 3.350178
      },
      "latency_ms" : {
        "2" : 2.809938,
        "4" : 0.183392,
        "10" : 0.108528,
        "20" : 0.000000,
        "50" : 0.000000,
        "100" : 0.000000,
        "250" : 0.000000,
        "500" : 0.000000,
        "750" : 0.000000,
        "1000" : 0.000000,
        "2000" : 0.000000,
        ">=2000" : 0.000000
      },
      "latency_depth" : 16,
      "latency_target" : 0,
      "latency_percentile" : 100.000000,
      "latency_window" : 0
    }
  ],
  "disk_util" : [
    {
      "name" : "nvme3n1",
      "read_ios" : 3130882,
      "write_ios" : 3129202,
      "read_merges" : 0,
      "write_merges" : 0,
      "read_ticks" : 996544,
      "write_ticks" : 52189,
      "in_queue" : 1048733,
      "util" : 99.440880
    }
  ]
}
