{
  "fio version" : "fio-3.28",
  "timestamp" : 1743416747,
  "timestamp_ms" : 1743416747655,
  "time" : "Mon Mar 31 19:25:47 2025",
  "global options" : {
    "bs" : "32k",
    "ioengine" : "io_uring",
    "size" : "12G",
    "numjobs" : "4",
    "iodepth" : "16",
    "group_reporting" : "1",
    "direct" : "1",
    "thread" : "1",
    "filename" : "/dev/nvme3n1"
  },
  "jobs" : [
    {
      "jobname" : "randwrite",
      "groupid" : 0,
      "error" : 0,
      "eta" : 0,
      "elapsed" : 23,
      "job options" : {
        "rw" : "randwrite"
      },
      "read" : {
        "io_bytes" : 0,
        "io_kbytes" : 0,
        "bw_bytes" : 0,
        "bw" : 0,
        "iops" : 0.000000,
        "runtime" : 0,
        "total_ios" : 0,
        "short_ios" : 0,
        "drop_ios" : 0,
        "slat_ns" : {
          "min" : 0,
          "max" : 0,
          "mean" : 0.000000,
          "stddev" : 0.000000,
          "N" : 0
        },
        "clat_ns" : {
          "min" : 0,
          "max" : 0,
          "mean" : 0.000000,
          "stddev" : 0.000000,
          "N" : 0
        },
        "lat_ns" : {
          "min" : 0,
          "max" : 0,
          "mean" : 0.000000,
          "stddev" : 0.000000,
          "N" : 0
        },
        "bw_min" : 0,
        "bw_max" : 0,
        "bw_agg" : 0.000000,
        "bw_mean" : 0.000000,
        "bw_dev" : 0.000000,
        "bw_samples" : 0,
        "iops_min" : 0,
        "iops_max" : 0,
        "iops_mean" : 0.000000,
        "iops_stddev" : 0.000000,
        "iops_samples" : 0
      },
      "write" : {
        "io_bytes" : 51539607552,
        "io_kbytes" : 50331648,
        "bw_bytes" : 2341006883,
        "bw" : 2286139,
        "iops" : 71441.860465,
        "runtime" : 22016,
        "total_ios" : 1572864,
        "short_ios" : 0,
        "drop_ios" : 0,
        "slat_ns" : {
          "min" : 1990,
          "max" : 45070,
          "mean" : 3048.789804,
          "stddev" : 944.265993,
          "N" : 1572864
        },
        "clat_ns" : {
          "min" : 28440,
          "max" : 1787171,
          "mean" : 892026.979907,
          "stddev" : 64039.403190,
          "N" : 1572864,
          "percentile" : {
            "1.000000" : 684032,
            "5.000000" : 823296,
            "10.000000" : 847872,
            "20.000000" : 864256,
            "30.000000" : 880640,
            "40.000000" : 888832,
            "50.000000" : 897024,
            "60.000000" : 897024,
            "70.000000" : 905216,
            "80.000000" : 921600,
            "90.000000" : 937984,
            "95.000000" : 970752,
            "99.000000" : 1056768,
            "99.500000" : 1089536,
            "99.900000" : 1155072,
            "99.950000" : 1187840,
            "99.990000" : 1253376
          }
        },
        "lat_ns" : {
          "min" : 40960,
          "max" : 1789331,
          "mean" : 895130.907080,
          "stddev" : 63960.554517,
          "N" : 1572864
        },
        "bw_min" : 2251840,
        "bw_max" : 2398881,
        "bw_agg" : 100.000000,
        "bw_mean" : 2287480.655920,
        "bw_dev" : 5073.882331,
        "bw_samples" : 174,
        "iops_min" : 70370,
        "iops_max" : 74964,
        "iops_mean" : 71483.746829,
        "iops_stddev" : 158.525036,
        "iops_samples" : 174
      },
      "trim" : {
        "io_bytes" : 0,
        "io_kbytes" : 0,
        "bw_bytes" : 0,
        "bw" : 0,
        "iops" : 0.000000,
        "runtime" : 0,
        "total_ios" : 0,
        "short_ios" : 0,
        "drop_ios" : 0,
        "slat_ns" : {
          "min" : 0,
          "max" : 0,
          "mean" : 0.000000,
          "stddev" : 0.000000,
          "N" : 0
        },
        "clat_ns" : {
          "min" : 0,
          "max" : 0,
          "mean" : 0.000000,
          "stddev" : 0.000000,
          "N" : 0
        },
        "lat_ns" : {
          "min" : 0,
          "max" : 0,
          "mean" : 0.000000,
          "stddev" : 0.000000,
          "N" : 0
        },
        "bw_min" : 0,
        "bw_max" : 0,
        "bw_agg" : 0.000000,
        "bw_mean" : 0.000000,
        "bw_dev" : 0.000000,
        "bw_samples" : 0,
        "iops_min" : 0,
        "iops_max" : 0,
        "iops_mean" : 0.000000,
        "iops_stddev" : 0.000000,
        "iops_samples" : 0
      },
      "sync" : {
        "total_ios" : 0,
        "lat_ns" : {
          "min" : 0,
          "max" : 0,
          "mean" : 0.000000,
          "stddev" : 0.000000,
          "N" : 0
        }
      },
      "job_runtime" : 88016,
      "usr_cpu" : 2.074623,
      "sys_cpu" : 7.065761,
      "ctx" : 692382,
      "majf" : 0,
      "minf" : 0,
      "iodepth_level" : {
        "1" : 0.100000,
        "2" : 0.100000,
        "4" : 0.100000,
        "8" : 0.100000,
        "16" : 99.996185,
        "32" : 0.000000,
        ">=64" : 0.000000
      },
      "iodepth_submit" : {
        "0" : 0.000000,
        "4" : 100.000000,
        "8" : 0.000000,
        "16" : 0.000000,
        "32" : 0.000000,
        "64" : 0.000000,
        ">=64" : 0.000000
      },
      "iodepth_complete" : {
        "0" : 0.000000,
        "4" : 99.999746,
        "8" : 0.000000,
        "16" : 0.100000,
        "32" : 0.000000,
        "64" : 0.000000,
        ">=64" : 0.000000
      },
      "latency_ns" : {
        "2" : 0.000000,
        "4" : 0.000000,
        "10" : 0.000000,
        "20" : 0.000000,
        "50" : 0.000000,
        "100" : 0.000000,
        "250" : 0.000000,
        "500" : 0.000000,
        "750" : 0.000000,
        "1000" : 0.000000
      },
      "latency_us" : {
        "2" : 0.000000,
        "4" : 0.000000,
        "10" : 0.000000,
        "20" : 0.000000,
        "50" : 0.010000,
        "100" : 0.010000,
        "250" : 0.141144,
        "500" : 0.313123,
        "750" : 1.046689,
        "1000" : 95.611445
      },
      "latency_ms" : {
        "2" : 2.880351,
        "4" : 0.000000,
        "10" : 0.000000,
        "20" : 0.000000,
        "50" : 0.000000,
        "100" : 0.000000,
        "250" : 0.000000,
        "500" : 0.000000,
        "750" : 0.000000,
        "1000" : 0.000000,
        "2000" : 0.000000,
        ">=2000" : 0.000000
      },
      "latency_depth" : 16,
      "latency_target" : 0,
      "latency_percentile" : 100.000000,
      "latency_window" : 0
    }
  ],
  "disk_util" : [
    {
      "name" : "nvme3n1",
      "read_ios" : 86,
      "write_ios" : 1564465,
      "read_merges" : 0,
      "write_merges" : 0,
      "read_ticks" : 1,
      "write_ticks" : 1384877,
      "in_queue" : 1384878,
      "util" : 99.572514
    }
  ]
}
