{
  "fio version" : "fio-3.28",
  "timestamp" : 1743416978,
  "timestamp_ms" : 1743416978533,
  "time" : "Mon Mar 31 19:29:38 2025",
  "global options" : {
    "bs" : "4k",
    "ioengine" : "psync",
    "size" : "12G",
    "numjobs" : "1",
    "iodepth" : "1",
    "group_reporting" : "1",
    "direct" : "1",
    "thread" : "1",
    "filename" : "/dev/nvme3n1"
  },
  "jobs" : [
    {
      "jobname" : "seqwrite",
      "groupid" : 0,
      "error" : 0,
      "eta" : 0,
      "elapsed" : 34,
      "job options" : {
        "rw" : "rw"
      },
      "read" : {
        "io_bytes" : 6446026752,
        "io_kbytes" : 6294948,
        "bw_bytes" : 194555920,
        "bw" : 189996,
        "iops" : 47499.003984,
        "runtime" : 33132,
        "total_ios" : 1573737,
        "short_ios" : 0,
        "drop_ios" : 0,
        "slat_ns" : {
          "min" : 0,
          "max" : 0,
          "mean" : 0.000000,
          "stddev" : 0.000000,
          "N" : 0
        },
        "clat_ns" : {
          "min" : 4020,
          "max" : 263301,
          "mean" : 10245.946631,
          "stddev" : 17737.983495,
          "N" : 1573737,
          "percentile" : {
            "1.000000" : 5024,
            "5.000000" : 5024,
            "10.000000" : 5088,
            "20.000000" : 5152,
            "30.000000" : 5152,
            "40.000000" : 5216,
            "50.000000" : 5280,
            "60.000000" : 5344,
            "70.000000" : 5408,
            "80.000000" : 5536,
            "90.000000" : 5984,
            "95.000000" : 63232,
            "99.000000" : 75264,
            "99.500000" : 75264,
            "99.900000" : 78336,
            "99.950000" : 203776,
            "99.990000" : 226304
          }
        },
        "lat_ns" : {
          "min" : 4040,
          "max" : 263331,
          "mean" : 10267.071193,
          "stddev" : 17740.131604,
          "N" : 1573737
        },
        "bw_min" : 48200,
        "bw_max" : 252520,
        "bw_agg" : 99.911569,
        "bw_mean" : 189828.484848,
        "bw_dev" : 88041.607195,
        "bw_samples" : 66,
        "iops_min" : 12050,
        "iops_max" : 63130,
        "iops_mean" : 47457.121212,
        "iops_stddev" : 22010.401799,
        "iops_samples" : 66
      },
      "write" : {
        "io_bytes" : 6438875136,
        "io_kbytes" : 6287964,
        "bw_bytes" : 194340068,
        "bw" : 189785,
        "iops" : 47446.305686,
        "runtime" : 33132,
        "total_ios" : 1571991,
        "short_ios" : 0,
        "drop_ios" : 0,
        "slat_ns" : {
          "min" : 0,
          "max" : 0,
          "mean" : 0.000000,
          "stddev" : 0.000000,
          "N" : 0
        },
        "clat_ns" : {
          "min" : 9890,
          "max" : 136590,
          "mean" : 10434.208678,
          "stddev" : 549.597617,
          "N" : 1571991,
          "percentile" : {
            "1.000000" : 10048,
            "5.000000" : 10176,
            "10.000000" : 10176,
            "20.000000" : 10176,
            "30.000000" : 10176,
            "40.000000" : 10304,
            "50.000000" : 10304,
            "60.000000" : 10432,
            "70.000000" : 10432,
            "80.000000" : 10432,
            "90.000000" : 10688,
            "95.000000" : 11200,
            "99.000000" : 12480,
            "99.500000" : 13120,
            "99.900000" : 14528,
            "99.950000" : 15936,
            "99.990000" : 22912
          }
        },
        "lat_ns" : {
          "min" : 9920,
          "max" : 136650,
          "mean" : 10469.471752,
          "stddev" : 553.853117,
          "N" : 1571991
        },
        "bw_min" : 47280,
        "bw_max" : 251952,
        "bw_agg" : 99.907146,
        "bw_mean" : 189609.333333,
        "bw_dev" : 87918.268536,
        "bw_samples" : 66,
        "iops_min" : 11820,
        "iops_max" : 62988,
        "iops_mean" : 47402.333333,
        "iops_stddev" : 21979.627260,
        "iops_samples" : 66
      },
      "trim" : {
        "io_bytes" : 0,
        "io_kbytes" : 0,
        "bw_bytes" : 0,
        "bw" : 0,
        "iops" : 0.000000,
        "runtime" : 0,
        "total_ios" : 0,
        "short_ios" : 0,
        "drop_ios" : 0,
        "slat_ns" : {
          "min" : 0,
          "max" : 0,
          "mean" : 0.000000,
          "stddev" : 0.000000,
          "N" : 0
        },
        "clat_ns" : {
          "min" : 0,
          "max" : 0,
          "mean" : 0.000000,
          "stddev" : 0.000000,
          "N" : 0
        },
        "lat_ns" : {
          "min" : 0,
          "max" : 0,
          "mean" : 0.000000,
          "stddev" : 0.000000,
          "N" : 0
        },
        "bw_min" : 0,
        "bw_max" : 0,
        "bw_agg" : 0.000000,
        "bw_mean" : 0.000000,
        "bw_dev" : 0.000000,
        "bw_samples" : 0,
        "iops_min" : 0,
        "iops_max" : 0,
        "iops_mean" : 0.000000,
        "iops_stddev" : 0.000000,
        "iops_samples" : 0
      },
      "sync" : {
        "total_ios" : 0,
        "lat_ns" : {
          "min" : 0,
          "max" : 0,
          "mean" : 0.000000,
          "stddev" : 0.000000,
          "N" : 0
        }
      },
      "job_runtime" : 33131,
      "usr_cpu" : 5.484290,
      "sys_cpu" : 29.319972,
      "ctx" : 3145695,
      "majf" : 0,
      "minf" : 0,
      "iodepth_level" : {
        "1" : 100.000000,
        "2" : 0.000000,
        "4" : 0.000000,
        "8" : 0.000000,
        "16" : 0.000000,
        "32" : 0.000000,
        ">=64" : 0.000000
      },
      "iodepth_submit" : {
        "0" : 0.000000,
        "4" : 100.000000,
        "8" : 0.000000,
        "16" : 0.000000,
        "32" : 0.000000,
        "64" : 0.000000,
        ">=64" : 0.000000
      },
      "iodepth_complete" : {
        "0" : 0.000000,
        "4" : 100.000000,
        "8" : 0.000000,
        "16" : 0.000000,
        "32" : 0.000000,
        "64" : 0.000000,
        ">=64" : 0.000000
      },
      "latency_ns" : {
        "2" : 0.000000,
        "4" : 0.000000,
        "10" : 0.000000,
        "20" : 0.000000,
        "50" : 0.000000,
        "100" : 0.000000,
        "250" : 0.000000,
        "500" : 0.000000,
        "750" : 0.000000,
        "1000" : 0.000000
      },
      "latency_us" : {
        "2" : 0.000000,
        "4" : 0.000000,
        "10" : 46.237564,
        "20" : 49.972566,
        "50" : 0.010000,
        "100" : 3.738562,
        "250" : 0.041866,
        "500" : 0.010000,
        "750" : 0.000000,
        "1000" : 0.000000
      },
      "latency_ms" : {
        "2" : 0.000000,
        "4" : 0.000000,
        "10" : 0.000000,
        "20" : 0.000000,
        "50" : 0.000000,
        "100" : 0.000000,
        "250" : 0.000000,
        "500" : 0.000000,
        "750" : 0.000000,
        "1000" : 0.000000,
        "2000" : 0.000000,
        ">=2000" : 0.000000
      },
      "latency_depth" : 1,
      "latency_target" : 0,
      "latency_percentile" : 100.000000,
      "latency_window" : 0
    }
  ],
  "disk_util" : [
    {
      "name" : "nvme3n1",
      "read_ios" : 1559290,
      "write_ios" : 1557280,
      "read_merges" : 0,
      "write_merges" : 0,
      "read_ticks" : 11233,
      "write_ticks" : 11328,
      "in_queue" : 22562,
      "util" : 72.265672
    }
  ]
}
