{
  "fio version" : "fio-3.28",
  "timestamp" : 1744006365,
  "timestamp_ms" : 1744006365760,
  "time" : "Mon Apr  7 15:12:45 2025",
  "global options" : {
    "bs" : "4k",
    "ioengine" : "io_uring",
    "size" : "12G",
    "numjobs" : "4",
    "iodepth" : "16",
    "group_reporting" : "1",
    "direct" : "1",
    "thread" : "1",
    "filename" : "/dev/nvme3n1"
  },
  "jobs" : [
    {
      "jobname" : "randwrite",
      "groupid" : 0,
      "error" : 0,
      "eta" : 0,
      "elapsed" : 108,
      "job options" : {
        "rw" : "randrw"
      },
      "read" : {
        "io_bytes" : 25780232192,
        "io_kbytes" : 25176008,
        "bw_bytes" : 239486401,
        "bw" : 233873,
        "iops" : 58468.359839,
        "runtime" : 107648,
        "total_ios" : 6294002,
        "short_ios" : 0,
        "drop_ios" : 0,
        "slat_ns" : {
          "min" : 1250,
          "max" : 200748,
          "mean" : 1600.509754,
          "stddev" : 417.977148,
          "N" : 6294002
        },
        "clat_ns" : {
          "min" : 40,
          "max" : 17890896,
          "mean" : 1074885.704658,
          "stddev" : 920080.688670,
          "N" : 6294002,
          "percentile" : {
            "1.000000" : 7392,
            "5.000000" : 18560,
            "10.000000" : 132096,
            "20.000000" : 321536,
            "30.000000" : 497664,
            "40.000000" : 684032,
            "50.000000" : 880640,
            "60.000000" : 1105920,
            "70.000000" : 1384448,
            "80.000000" : 1728512,
            "90.000000" : 2244608,
            "95.000000" : 2703360,
            "99.000000" : 3653632,
            "99.500000" : 4145152,
            "99.900000" : 8454144,
            "99.950000" : 11075584,
            "99.990000" : 15269888
          }
        },
        "lat_ns" : {
          "min" : 4480,
          "max" : 17892506,
          "mean" : 1076532.460431,
          "stddev" : 920079.785645,
          "N" : 6294002
        },
        "bw_min" : 224608,
        "bw_max" : 293848,
        "bw_agg" : 100.000000,
        "bw_mean" : 233947.125581,
        "bw_dev" : 2044.883358,
        "bw_samples" : 860,
        "iops_min" : 56152,
        "iops_max" : 73462,
        "iops_mean" : 58486.781395,
        "iops_stddev" : 511.220840,
        "iops_samples" : 860
      },
      "write" : {
        "io_bytes" : 25759375360,
        "io_kbytes" : 25155640,
        "bw_bytes" : 239292651,
        "bw" : 233684,
        "iops" : 58421.057521,
        "runtime" : 107648,
        "total_ios" : 6288910,
        "short_ios" : 0,
        "drop_ios" : 0,
        "slat_ns" : {
          "min" : 1220,
          "max" : 139589,
          "mean" : 1607.265591,
          "stddev" : 412.797071,
          "N" : 6288910
        },
        "clat_ns" : {
          "min" : 50,
          "max" : 1972878,
          "mean" : 15705.248816,
          "stddev" : 19363.827037,
          "N" : 6288910,
          "percentile" : {
            "1.000000" : 10176,
            "5.000000" : 10816,
            "10.000000" : 11200,
            "20.000000" : 11840,
            "30.000000" : 12352,
            "40.000000" : 12992,
            "50.000000" : 13504,
            "60.000000" : 14272,
            "70.000000" : 15168,
            "80.000000" : 16512,
            "90.000000" : 19328,
            "95.000000" : 22656,
            "99.000000" : 35072,
            "99.500000" : 63744,
            "99.900000" : 288768,
            "99.950000" : 354304,
            "99.990000" : 724992
          }
        },
        "lat_ns" : {
          "min" : 8820,
          "max" : 1974408,
          "mean" : 17358.770860,
          "stddev" : 19380.595349,
          "N" : 6288910
        },
        "bw_min" : 221904,
        "bw_max" : 297688,
        "bw_agg" : 100.000000,
        "bw_mean" : 233759.590698,
        "bw_dev" : 2224.649754,
        "bw_samples" : 860,
        "iops_min" : 55476,
        "iops_max" : 74422,
        "iops_mean" : 58439.897674,
        "iops_stddev" : 556.162439,
        "iops_samples" : 860
      },
      "trim" : {
        "io_bytes" : 0,
        "io_kbytes" : 0,
        "bw_bytes" : 0,
        "bw" : 0,
        "iops" : 0.000000,
        "runtime" : 0,
        "total_ios" : 0,
        "short_ios" : 0,
        "drop_ios" : 0,
        "slat_ns" : {
          "min" : 0,
          "max" : 0,
          "mean" : 0.000000,
          "stddev" : 0.000000,
          "N" : 0
        },
        "clat_ns" : {
          "min" : 0,
          "max" : 0,
          "mean" : 0.000000,
          "stddev" : 0.000000,
          "N" : 0
        },
        "lat_ns" : {
          "min" : 0,
          "max" : 0,
          "mean" : 0.000000,
          "stddev" : 0.000000,
          "N" : 0
        },
        "bw_min" : 0,
        "bw_max" : 0,
        "bw_agg" : 0.000000,
        "bw_mean" : 0.000000,
        "bw_dev" : 0.000000,
        "bw_samples" : 0,
        "iops_min" : 0,
        "iops_max" : 0,
        "iops_mean" : 0.000000,
        "iops_stddev" : 0.000000,
        "iops_samples" : 0
      },
      "sync" : {
        "total_ios" : 0,
        "lat_ns" : {
          "min" : 0,
          "max" : 0,
          "mean" : 0.000000,
          "stddev" : 0.000000,
          "N" : 0
        }
      },
      "job_runtime" : 430480,
      "usr_cpu" : 2.080468,
      "sys_cpu" : 10.487595,
      "ctx" : 10961706,
      "majf" : 0,
      "minf" : 0,
      "iodepth_level" : {
        "1" : 0.100000,
        "2" : 0.100000,
        "4" : 0.100000,
        "8" : 0.100000,
        "16" : 99.999523,
        "32" : 0.000000,
        ">=64" : 0.000000
      },
      "iodepth_submit" : {
        "0" : 0.000000,
        "4" : 100.000000,
        "8" : 0.000000,
        "16" : 0.000000,
        "32" : 0.000000,
        "64" : 0.000000,
        ">=64" : 0.000000
      },
      "iodepth_complete" : {
        "0" : 0.000000,
        "4" : 99.999968,
        "8" : 0.000000,
        "16" : 0.100000,
        "32" : 0.000000,
        "64" : 0.000000,
        ">=64" : 0.000000
      },
      "latency_ns" : {
        "2" : 0.000000,
        "4" : 0.000000,
        "10" : 0.000000,
        "20" : 0.000000,
        "50" : 0.010000,
        "100" : 0.010000,
        "250" : 0.010000,
        "500" : 0.010000,
        "750" : 0.000000,
        "1000" : 0.010000
      },
      "latency_us" : {
        "2" : 0.010000,
        "4" : 0.010000,
        "10" : 1.647925,
        "20" : 46.533163,
        "50" : 4.379352,
        "100" : 1.674668,
        "250" : 3.326933,
        "500" : 7.420627,
        "750" : 6.795939,
        "1000" : 5.967291
      },
      "latency_ms" : {
        "2" : 15.227962,
        "4" : 6.727203,
        "10" : 0.263802,
        "20" : 0.031837,
        "50" : 0.000000,
        "100" : 0.000000,
        "250" : 0.000000,
        "500" : 0.000000,
        "750" : 0.000000,
        "1000" : 0.000000,
        "2000" : 0.000000,
        ">=2000" : 0.000000
      },
      "latency_depth" : 16,
      "latency_target" : 0,
      "latency_percentile" : 100.000000,
      "latency_window" : 0
    }
  ],
  "disk_util" : [
    {
      "name" : "nvme3n1",
      "read_ios" : 6294040,
      "write_ios" : 6288811,
      "read_merges" : 0,
      "write_merges" : 0,
      "read_ticks" : 6749549,
      "write_ticks" : 84756,
      "in_queue" : 6834306,
      "util" : 99.935943
    }
  ]
}
