{
  "fio version" : "fio-3.28",
  "timestamp" : 1740565039,
  "timestamp_ms" : 1740565039724,
  "time" : "Wed Feb 26 19:17:19 2025",
  "global options" : {
    "bs" : "128k",
    "ioengine" : "io_uring",
    "size" : "12G",
    "numjobs" : "4",
    "iodepth" : "16",
    "group_reporting" : "1",
    "direct" : "1",
    "thread" : "1",
    "filename" : "/dev/nvme3n1"
  },
  "jobs" : [
    {
      "jobname" : "seqwrite",
      "groupid" : 0,
      "error" : 0,
      "eta" : 0,
      "elapsed" : 23,
      "job options" : {
        "rw" : "write"
      },
      "read" : {
        "io_bytes" : 0,
        "io_kbytes" : 0,
        "bw_bytes" : 0,
        "bw" : 0,
        "iops" : 0.000000,
        "runtime" : 0,
        "total_ios" : 0,
        "short_ios" : 0,
        "drop_ios" : 0,
        "slat_ns" : {
          "min" : 0,
          "max" : 0,
          "mean" : 0.000000,
          "stddev" : 0.000000,
          "N" : 0
        },
        "clat_ns" : {
          "min" : 0,
          "max" : 0,
          "mean" : 0.000000,
          "stddev" : 0.000000,
          "N" : 0
        },
        "lat_ns" : {
          "min" : 0,
          "max" : 0,
          "mean" : 0.000000,
          "stddev" : 0.000000,
          "N" : 0
        },
        "bw_min" : 0,
        "bw_max" : 0,
        "bw_agg" : 0.000000,
        "bw_mean" : 0.000000,
        "bw_dev" : 0.000000,
        "bw_samples" : 0,
        "iops_min" : 0,
        "iops_max" : 0,
        "iops_mean" : 0.000000,
        "iops_stddev" : 0.000000,
        "iops_samples" : 0
      },
      "write" : {
        "io_bytes" : 51539607552,
        "io_kbytes" : 50331648,
        "bw_bytes" : 2341432289,
        "bw" : 2286554,
        "iops" : 17863.710703,
        "runtime" : 22012,
        "total_ios" : 393216,
        "short_ios" : 0,
        "drop_ios" : 0,
        "slat_ns" : {
          "min" : 2960,
          "max" : 224369,
          "mean" : 5946.886614,
          "stddev" : 2410.092167,
          "N" : 393216
        },
        "clat_ns" : {
          "min" : 64440,
          "max" : 17022592,
          "mean" : 3533201.277293,
          "stddev" : 1620945.441028,
          "N" : 393216,
          "percentile" : {
            "1.000000" : 284672,
            "5.000000" : 962560,
            "10.000000" : 1630208,
            "20.000000" : 2244608,
            "30.000000" : 2637824,
            "40.000000" : 2965504,
            "50.000000" : 3358720,
            "60.000000" : 3751936,
            "70.000000" : 4227072,
            "80.000000" : 4751360,
            "90.000000" : 5668864,
            "95.000000" : 6389760,
            "99.000000" : 8028160,
            "99.500000" : 8716288,
            "99.900000" : 10420224,
            "99.950000" : 11206656,
            "99.990000" : 14221312
          }
        },
        "lat_ns" : {
          "min" : 72000,
          "max" : 17027332,
          "mean" : 3539208.830508,
          "stddev" : 1620711.290086,
          "N" : 393216
        },
        "bw_min" : 1730048,
        "bw_max" : 2941440,
        "bw_agg" : 100.000000,
        "bw_mean" : 2287419.534884,
        "bw_dev" : 69783.269231,
        "bw_samples" : 172,
        "iops_min" : 13516,
        "iops_max" : 22980,
        "iops_mean" : 17870.465116,
        "iops_stddev" : 545.181791,
        "iops_samples" : 172
      },
      "trim" : {
        "io_bytes" : 0,
        "io_kbytes" : 0,
        "bw_bytes" : 0,
        "bw" : 0,
        "iops" : 0.000000,
        "runtime" : 0,
        "total_ios" : 0,
        "short_ios" : 0,
        "drop_ios" : 0,
        "slat_ns" : {
          "min" : 0,
          "max" : 0,
          "mean" : 0.000000,
          "stddev" : 0.000000,
          "N" : 0
        },
        "clat_ns" : {
          "min" : 0,
          "max" : 0,
          "mean" : 0.000000,
          "stddev" : 0.000000,
          "N" : 0
        },
        "lat_ns" : {
          "min" : 0,
          "max" : 0,
          "mean" : 0.000000,
          "stddev" : 0.000000,
          "N" : 0
        },
        "bw_min" : 0,
        "bw_max" : 0,
        "bw_agg" : 0.000000,
        "bw_mean" : 0.000000,
        "bw_dev" : 0.000000,
        "bw_samples" : 0,
        "iops_min" : 0,
        "iops_max" : 0,
        "iops_mean" : 0.000000,
        "iops_stddev" : 0.000000,
        "iops_samples" : 0
      },
      "sync" : {
        "total_ios" : 0,
        "lat_ns" : {
          "min" : 0,
          "max" : 0,
          "mean" : 0.000000,
          "stddev" : 0.000000,
          "N" : 0
        }
      },
      "job_runtime" : 86986,
      "usr_cpu" : 1.361139,
      "sys_cpu" : 3.395949,
      "ctx" : 393183,
      "majf" : 0,
      "minf" : 0,
      "iodepth_level" : {
        "1" : 0.100000,
        "2" : 0.100000,
        "4" : 0.100000,
        "8" : 0.100000,
        "16" : 99.984741,
        "32" : 0.000000,
        ">=64" : 0.000000
      },
      "iodepth_submit" : {
        "0" : 0.000000,
        "4" : 100.000000,
        "8" : 0.000000,
        "16" : 0.000000,
        "32" : 0.000000,
        "64" : 0.000000,
        ">=64" : 0.000000
      },
      "iodepth_complete" : {
        "0" : 0.000000,
        "4" : 99.998983,
        "8" : 0.000000,
        "16" : 0.100000,
        "32" : 0.000000,
        "64" : 0.000000,
        ">=64" : 0.000000
      },
      "latency_ns" : {
        "2" : 0.000000,
        "4" : 0.000000,
        "10" : 0.000000,
        "20" : 0.000000,
        "50" : 0.000000,
        "100" : 0.000000,
        "250" : 0.000000,
        "500" : 0.000000,
        "750" : 0.000000,
        "1000" : 0.000000
      },
      "latency_us" : {
        "2" : 0.000000,
        "4" : 0.000000,
        "10" : 0.000000,
        "20" : 0.000000,
        "50" : 0.000000,
        "100" : 0.029246,
        "250" : 0.768534,
        "500" : 1.275380,
        "750" : 1.192983,
        "1000" : 1.903534
      },
      "latency_ms" : {
        "2" : 9.467061,
        "4" : 50.826772,
        "10" : 34.382629,
        "20" : 0.153859,
        "50" : 0.000000,
        "100" : 0.000000,
        "250" : 0.000000,
        "500" : 0.000000,
        "750" : 0.000000,
        "1000" : 0.000000,
        "2000" : 0.000000,
        ">=2000" : 0.000000
      },
      "latency_depth" : 16,
      "latency_target" : 0,
      "latency_percentile" : 100.000000,
      "latency_window" : 0
    }
  ],
  "disk_util" : [
    {
      "name" : "nvme3n1",
      "read_ios" : 215,
      "write_ios" : 391120,
      "read_merges" : 0,
      "write_merges" : 0,
      "read_ticks" : 50,
      "write_ticks" : 1386109,
      "in_queue" : 1386160,
      "util" : 99.577042
    }
  ]
}
