{
  "fio version" : "fio-3.28",
  "timestamp" : 1740564167,
  "timestamp_ms" : 1740564167872,
  "time" : "Wed Feb 26 19:02:47 2025",
  "global options" : {
    "bs" : "64k",
    "ioengine" : "io_uring",
    "size" : "12G",
    "numjobs" : "4",
    "iodepth" : "16",
    "group_reporting" : "1",
    "direct" : "1",
    "thread" : "1",
    "filename" : "/dev/nvme3n1"
  },
  "jobs" : [
    {
      "jobname" : "randwrite",
      "groupid" : 0,
      "error" : 0,
      "eta" : 0,
      "elapsed" : 23,
      "job options" : {
        "rw" : "randwrite"
      },
      "read" : {
        "io_bytes" : 0,
        "io_kbytes" : 0,
        "bw_bytes" : 0,
        "bw" : 0,
        "iops" : 0.000000,
        "runtime" : 0,
        "total_ios" : 0,
        "short_ios" : 0,
        "drop_ios" : 0,
        "slat_ns" : {
          "min" : 0,
          "max" : 0,
          "mean" : 0.000000,
          "stddev" : 0.000000,
          "N" : 0
        },
        "clat_ns" : {
          "min" : 0,
          "max" : 0,
          "mean" : 0.000000,
          "stddev" : 0.000000,
          "N" : 0
        },
        "lat_ns" : {
          "min" : 0,
          "max" : 0,
          "mean" : 0.000000,
          "stddev" : 0.000000,
          "N" : 0
        },
        "bw_min" : 0,
        "bw_max" : 0,
        "bw_agg" : 0.000000,
        "bw_mean" : 0.000000,
        "bw_dev" : 0.000000,
        "bw_samples" : 0,
        "iops_min" : 0,
        "iops_max" : 0,
        "iops_mean" : 0.000000,
        "iops_stddev" : 0.000000,
        "iops_samples" : 0
      },
      "write" : {
        "io_bytes" : 51539607552,
        "io_kbytes" : 50331648,
        "bw_bytes" : 2252605225,
        "bw" : 2199809,
        "iops" : 34372.027972,
        "runtime" : 22880,
        "total_ios" : 786432,
        "short_ios" : 0,
        "drop_ios" : 0,
        "slat_ns" : {
          "min" : 2520,
          "max" : 55589,
          "mean" : 5241.710729,
          "stddev" : 893.708877,
          "N" : 786432
        },
        "clat_ns" : {
          "min" : 35810,
          "max" : 6306292,
          "mean" : 1821499.517736,
          "stddev" : 681868.604069,
          "N" : 786432,
          "percentile" : {
            "1.000000" : 522240,
            "5.000000" : 864256,
            "10.000000" : 1019904,
            "20.000000" : 1236992,
            "30.000000" : 1400832,
            "40.000000" : 1564672,
            "50.000000" : 1744896,
            "60.000000" : 1925120,
            "70.000000" : 2146304,
            "80.000000" : 2408448,
            "90.000000" : 2736128,
            "95.000000" : 3031040,
            "99.000000" : 3686400,
            "99.500000" : 3915776,
            "99.900000" : 4423680,
            "99.950000" : 4685824,
            "99.990000" : 5341184
          }
        },
        "lat_ns" : {
          "min" : 40780,
          "max" : 6315332,
          "mean" : 1826798.099876,
          "stddev" : 681853.948499,
          "N" : 786432
        },
        "bw_min" : 1696384,
        "bw_max" : 3262207,
        "bw_agg" : 100.000000,
        "bw_mean" : 2226155.519239,
        "bw_dev" : 77989.975880,
        "bw_samples" : 177,
        "iops_min" : 26506,
        "iops_max" : 50971,
        "iops_mean" : 34783.632229,
        "iops_stddev" : 1218.564765,
        "iops_samples" : 177
      },
      "trim" : {
        "io_bytes" : 0,
        "io_kbytes" : 0,
        "bw_bytes" : 0,
        "bw" : 0,
        "iops" : 0.000000,
        "runtime" : 0,
        "total_ios" : 0,
        "short_ios" : 0,
        "drop_ios" : 0,
        "slat_ns" : {
          "min" : 0,
          "max" : 0,
          "mean" : 0.000000,
          "stddev" : 0.000000,
          "N" : 0
        },
        "clat_ns" : {
          "min" : 0,
          "max" : 0,
          "mean" : 0.000000,
          "stddev" : 0.000000,
          "N" : 0
        },
        "lat_ns" : {
          "min" : 0,
          "max" : 0,
          "mean" : 0.000000,
          "stddev" : 0.000000,
          "N" : 0
        },
        "bw_min" : 0,
        "bw_max" : 0,
        "bw_agg" : 0.000000,
        "bw_mean" : 0.000000,
        "bw_dev" : 0.000000,
        "bw_samples" : 0,
        "iops_min" : 0,
        "iops_max" : 0,
        "iops_mean" : 0.000000,
        "iops_stddev" : 0.000000,
        "iops_samples" : 0
      },
      "sync" : {
        "total_ios" : 0,
        "lat_ns" : {
          "min" : 0,
          "max" : 0,
          "mean" : 0.000000,
          "stddev" : 0.000000,
          "N" : 0
        }
      },
      "job_runtime" : 89804,
      "usr_cpu" : 3.048862,
      "sys_cpu" : 5.159013,
      "ctx" : 783436,
      "majf" : 0,
      "minf" : 0,
      "iodepth_level" : {
        "1" : 0.100000,
        "2" : 0.100000,
        "4" : 0.100000,
        "8" : 0.100000,
        "16" : 99.992371,
        "32" : 0.000000,
        ">=64" : 0.000000
      },
      "iodepth_submit" : {
        "0" : 0.000000,
        "4" : 100.000000,
        "8" : 0.000000,
        "16" : 0.000000,
        "32" : 0.000000,
        "64" : 0.000000,
        ">=64" : 0.000000
      },
      "iodepth_complete" : {
        "0" : 0.000000,
        "4" : 99.999491,
        "8" : 0.000000,
        "16" : 0.100000,
        "32" : 0.000000,
        "64" : 0.000000,
        ">=64" : 0.000000
      },
      "latency_ns" : {
        "2" : 0.000000,
        "4" : 0.000000,
        "10" : 0.000000,
        "20" : 0.000000,
        "50" : 0.000000,
        "100" : 0.000000,
        "250" : 0.000000,
        "500" : 0.000000,
        "750" : 0.000000,
        "1000" : 0.000000
      },
      "latency_us" : {
        "2" : 0.000000,
        "4" : 0.000000,
        "10" : 0.000000,
        "20" : 0.000000,
        "50" : 0.010000,
        "100" : 0.066503,
        "250" : 0.249227,
        "500" : 0.617218,
        "750" : 1.886368,
        "1000" : 6.444041
      },
      "latency_ms" : {
        "2" : 54.346975,
        "4" : 35.978953,
        "10" : 0.403086,
        "20" : 0.000000,
        "50" : 0.000000,
        "100" : 0.000000,
        "250" : 0.000000,
        "500" : 0.000000,
        "750" : 0.000000,
        "1000" : 0.000000,
        "2000" : 0.000000,
        ">=2000" : 0.000000
      },
      "latency_depth" : 16,
      "latency_target" : 0,
      "latency_percentile" : 100.000000,
      "latency_window" : 0
    }
  ],
  "disk_util" : [
    {
      "name" : "nvme3n1",
      "read_ios" : 172,
      "write_ios" : 778356,
      "read_merges" : 0,
      "write_merges" : 0,
      "read_ticks" : 70,
      "write_ticks" : 1424096,
      "in_queue" : 1424166,
      "util" : 99.582234
    }
  ]
}
