{
  "fio version" : "fio-3.28",
  "timestamp" : 1740563592,
  "timestamp_ms" : 1740563592420,
  "time" : "Wed Feb 26 18:53:12 2025",
  "global options" : {
    "bs" : "4k",
    "ioengine" : "io_uring",
    "size" : "12G",
    "numjobs" : "4",
    "iodepth" : "16",
    "group_reporting" : "1",
    "direct" : "1",
    "thread" : "1",
    "filename" : "/dev/nvme3n1"
  },
  "jobs" : [
    {
      "jobname" : "seqwrite",
      "groupid" : 0,
      "error" : 0,
      "eta" : 0,
      "elapsed" : 25,
      "job options" : {
        "rw" : "write"
      },
      "read" : {
        "io_bytes" : 0,
        "io_kbytes" : 0,
        "bw_bytes" : 0,
        "bw" : 0,
        "iops" : 0.000000,
        "runtime" : 0,
        "total_ios" : 0,
        "short_ios" : 0,
        "drop_ios" : 0,
        "slat_ns" : {
          "min" : 0,
          "max" : 0,
          "mean" : 0.000000,
          "stddev" : 0.000000,
          "N" : 0
        },
        "clat_ns" : {
          "min" : 0,
          "max" : 0,
          "mean" : 0.000000,
          "stddev" : 0.000000,
          "N" : 0
        },
        "lat_ns" : {
          "min" : 0,
          "max" : 0,
          "mean" : 0.000000,
          "stddev" : 0.000000,
          "N" : 0
        },
        "bw_min" : 0,
        "bw_max" : 0,
        "bw_agg" : 0.000000,
        "bw_mean" : 0.000000,
        "bw_dev" : 0.000000,
        "bw_samples" : 0,
        "iops_min" : 0,
        "iops_max" : 0,
        "iops_mean" : 0.000000,
        "iops_stddev" : 0.000000,
        "iops_samples" : 0
      },
      "write" : {
        "io_bytes" : 51539607552,
        "io_kbytes" : 50331648,
        "bw_bytes" : 2119401577,
        "bw" : 2069728,
        "iops" : 517432.025660,
        "runtime" : 24318,
        "total_ios" : 12582912,
        "short_ios" : 0,
        "drop_ios" : 0,
        "slat_ns" : {
          "min" : 1220,
          "max" : 237967,
          "mean" : 1833.890292,
          "stddev" : 1073.550147,
          "N" : 12582912
        },
        "clat_ns" : {
          "min" : 1970,
          "max" : 1269138,
          "mean" : 120088.764512,
          "stddev" : 77131.989962,
          "N" : 12582912,
          "percentile" : {
            "1.000000" : 28032,
            "5.000000" : 34560,
            "10.000000" : 41728,
            "20.000000" : 54528,
            "30.000000" : 68096,
            "40.000000" : 83456,
            "50.000000" : 100864,
            "60.000000" : 122368,
            "70.000000" : 146432,
            "80.000000" : 177152,
            "90.000000" : 220160,
            "95.000000" : 264192,
            "99.000000" : 382976,
            "99.500000" : 428032,
            "99.900000" : 536576,
            "99.950000" : 585728,
            "99.990000" : 692224
          }
        },
        "lat_ns" : {
          "min" : 10210,
          "max" : 1270528,
          "mean" : 121986.761951,
          "stddev" : 77002.687433,
          "N" : 12582912
        },
        "bw_min" : 1939216,
        "bw_max" : 2422800,
        "bw_agg" : 100.000000,
        "bw_mean" : 2083160.088652,
        "bw_dev" : 22883.816424,
        "bw_samples" : 190,
        "iops_min" : 484804,
        "iops_max" : 605700,
        "iops_mean" : 520790.022163,
        "iops_stddev" : 5720.954106,
        "iops_samples" : 190
      },
      "trim" : {
        "io_bytes" : 0,
        "io_kbytes" : 0,
        "bw_bytes" : 0,
        "bw" : 0,
        "iops" : 0.000000,
        "runtime" : 0,
        "total_ios" : 0,
        "short_ios" : 0,
        "drop_ios" : 0,
        "slat_ns" : {
          "min" : 0,
          "max" : 0,
          "mean" : 0.000000,
          "stddev" : 0.000000,
          "N" : 0
        },
        "clat_ns" : {
          "min" : 0,
          "max" : 0,
          "mean" : 0.000000,
          "stddev" : 0.000000,
          "N" : 0
        },
        "lat_ns" : {
          "min" : 0,
          "max" : 0,
          "mean" : 0.000000,
          "stddev" : 0.000000,
          "N" : 0
        },
        "bw_min" : 0,
        "bw_max" : 0,
        "bw_agg" : 0.000000,
        "bw_mean" : 0.000000,
        "bw_dev" : 0.000000,
        "bw_samples" : 0,
        "iops_min" : 0,
        "iops_max" : 0,
        "iops_mean" : 0.000000,
        "iops_stddev" : 0.000000,
        "iops_samples" : 0
      },
      "sync" : {
        "total_ios" : 0,
        "lat_ns" : {
          "min" : 0,
          "max" : 0,
          "mean" : 0.000000,
          "stddev" : 0.000000,
          "N" : 0
        }
      },
      "job_runtime" : 96095,
      "usr_cpu" : 5.954524,
      "sys_cpu" : 28.093033,
      "ctx" : 1160137,
      "majf" : 0,
      "minf" : 0,
      "iodepth_level" : {
        "1" : 0.100000,
        "2" : 0.100000,
        "4" : 0.100000,
        "8" : 0.100000,
        "16" : 99.999523,
        "32" : 0.000000,
        ">=64" : 0.000000
      },
      "iodepth_submit" : {
        "0" : 0.000000,
        "4" : 100.000000,
        "8" : 0.000000,
        "16" : 0.000000,
        "32" : 0.000000,
        "64" : 0.000000,
        ">=64" : 0.000000
      },
      "iodepth_complete" : {
        "0" : 0.000000,
        "4" : 99.999968,
        "8" : 0.000000,
        "16" : 0.100000,
        "32" : 0.000000,
        "64" : 0.000000,
        ">=64" : 0.000000
      },
      "latency_ns" : {
        "2" : 0.000000,
        "4" : 0.000000,
        "10" : 0.000000,
        "20" : 0.000000,
        "50" : 0.000000,
        "100" : 0.000000,
        "250" : 0.000000,
        "500" : 0.000000,
        "750" : 0.000000,
        "1000" : 0.000000
      },
      "latency_us" : {
        "2" : 0.010000,
        "4" : 0.000000,
        "10" : 0.010000,
        "20" : 0.013566,
        "50" : 16.265567,
        "100" : 33.095535,
        "250" : 44.612074,
        "500" : 5.857237,
        "750" : 0.151372,
        "1000" : 0.010000
      },
      "latency_ms" : {
        "2" : 0.010000,
        "4" : 0.000000,
        "10" : 0.000000,
        "20" : 0.000000,
        "50" : 0.000000,
        "100" : 0.000000,
        "250" : 0.000000,
        "500" : 0.000000,
        "750" : 0.000000,
        "1000" : 0.000000,
        "2000" : 0.000000,
        ">=2000" : 0.000000
      },
      "latency_depth" : 16,
      "latency_target" : 0,
      "latency_percentile" : 100.000000,
      "latency_window" : 0
    }
  ],
  "disk_util" : [
    {
      "name" : "nvme3n1",
      "read_ios" : 172,
      "write_ios" : 12519080,
      "read_merges" : 0,
      "write_merges" : 0,
      "read_ticks" : 17,
      "write_ticks" : 1345806,
      "in_queue" : 1345823,
      "util" : 99.628682
    }
  ]
}
