{
  "fio version" : "fio-3.28",
  "timestamp" : 1728829373,
  "timestamp_ms" : 1728829373146,
  "time" : "Sun Oct 13 23:22:53 2024",
  "global options" : {
    "bs" : "256k",
    "filesize" : "4G",
    "numjobs" : "4",
    "iodepth" : "32",
    "group_reporting" : "1",
    "runtime" : "300",
    "direct" : "1",
    "filename" : "/dev/nvme3n1"
  },
  "jobs" : [
    {
      "jobname" : "seqwrite",
      "groupid" : 0,
      "error" : 0,
      "eta" : 0,
      "elapsed" : 8,
      "job options" : {
        "rw" : "write"
      },
      "read" : {
        "io_bytes" : 0,
        "io_kbytes" : 0,
        "bw_bytes" : 0,
        "bw" : 0,
        "iops" : 0.000000,
        "runtime" : 0,
        "total_ios" : 0,
        "short_ios" : 0,
        "drop_ios" : 0,
        "slat_ns" : {
          "min" : 0,
          "max" : 0,
          "mean" : 0.000000,
          "stddev" : 0.000000,
          "N" : 0
        },
        "clat_ns" : {
          "min" : 0,
          "max" : 0,
          "mean" : 0.000000,
          "stddev" : 0.000000,
          "N" : 0
        },
        "lat_ns" : {
          "min" : 0,
          "max" : 0,
          "mean" : 0.000000,
          "stddev" : 0.000000,
          "N" : 0
        },
        "bw_min" : 0,
        "bw_max" : 0,
        "bw_agg" : 0.000000,
        "bw_mean" : 0.000000,
        "bw_dev" : 0.000000,
        "bw_samples" : 0,
        "iops_min" : 0,
        "iops_max" : 0,
        "iops_mean" : 0.000000,
        "iops_stddev" : 0.000000,
        "iops_samples" : 0
      },
      "write" : {
        "io_bytes" : 17179869184,
        "io_kbytes" : 16777216,
        "bw_bytes" : 2340262795,
        "bw" : 2285412,
        "iops" : 8927.394088,
        "runtime" : 7341,
        "total_ios" : 65536,
        "short_ios" : 0,
        "drop_ios" : 0,
        "slat_ns" : {
          "min" : 0,
          "max" : 0,
          "mean" : 0.000000,
          "stddev" : 0.000000,
          "N" : 0
        },
        "clat_ns" : {
          "min" : 116629,
          "max" : 4998585,
          "mean" : 428993.284409,
          "stddev" : 331520.670306,
          "N" : 65536,
          "percentile" : {
            "1.000000" : 140288,
            "5.000000" : 142336,
            "10.000000" : 148480,
            "20.000000" : 218112,
            "30.000000" : 220160,
            "40.000000" : 224256,
            "50.000000" : 296960,
            "60.000000" : 436224,
            "70.000000" : 444416,
            "80.000000" : 593920,
            "90.000000" : 823296,
            "95.000000" : 1105920,
            "99.000000" : 1712128,
            "99.500000" : 2007040,
            "99.900000" : 2703360,
            "99.950000" : 3063808,
            "99.990000" : 4014080
          }
        },
        "lat_ns" : {
          "min" : 117548,
          "max" : 5002955,
          "mean" : 432759.127686,
          "stddev" : 331503.339939,
          "N" : 65536
        },
        "bw_min" : 1850368,
        "bw_max" : 3056951,
        "bw_agg" : 100.000000,
        "bw_mean" : 2312279.087912,
        "bw_dev" : 102058.210677,
        "bw_samples" : 54,
        "iops_min" : 7228,
        "iops_max" : 11941,
        "iops_mean" : 9032.263736,
        "iops_stddev" : 398.632098,
        "iops_samples" : 54
      },
      "trim" : {
        "io_bytes" : 0,
        "io_kbytes" : 0,
        "bw_bytes" : 0,
        "bw" : 0,
        "iops" : 0.000000,
        "runtime" : 0,
        "total_ios" : 0,
        "short_ios" : 0,
        "drop_ios" : 0,
        "slat_ns" : {
          "min" : 0,
          "max" : 0,
          "mean" : 0.000000,
          "stddev" : 0.000000,
          "N" : 0
        },
        "clat_ns" : {
          "min" : 0,
          "max" : 0,
          "mean" : 0.000000,
          "stddev" : 0.000000,
          "N" : 0
        },
        "lat_ns" : {
          "min" : 0,
          "max" : 0,
          "mean" : 0.000000,
          "stddev" : 0.000000,
          "N" : 0
        },
        "bw_min" : 0,
        "bw_max" : 0,
        "bw_agg" : 0.000000,
        "bw_mean" : 0.000000,
        "bw_dev" : 0.000000,
        "bw_samples" : 0,
        "iops_min" : 0,
        "iops_max" : 0,
        "iops_mean" : 0.000000,
        "iops_stddev" : 0.000000,
        "iops_samples" : 0
      },
      "sync" : {
        "total_ios" : 0,
        "lat_ns" : {
          "min" : 0,
          "max" : 0,
          "mean" : 0.000000,
          "stddev" : 0.000000,
          "N" : 0
        }
      },
      "job_runtime" : 28377,
      "usr_cpu" : 0.419354,
      "sys_cpu" : 2.466786,
      "ctx" : 65538,
      "majf" : 0,
      "minf" : 55,
      "iodepth_level" : {
        "1" : 100.000000,
        "2" : 0.000000,
        "4" : 0.000000,
        "8" : 0.000000,
        "16" : 0.000000,
        "32" : 0.000000,
        ">=64" : 0.000000
      },
      "iodepth_submit" : {
        "0" : 0.000000,
        "4" : 100.000000,
        "8" : 0.000000,
        "16" : 0.000000,
        "32" : 0.000000,
        "64" : 0.000000,
        ">=64" : 0.000000
      },
      "iodepth_complete" : {
        "0" : 0.000000,
        "4" : 100.000000,
        "8" : 0.000000,
        "16" : 0.000000,
        "32" : 0.000000,
        "64" : 0.000000,
        ">=64" : 0.000000
      },
      "latency_ns" : {
        "2" : 0.000000,
        "4" : 0.000000,
        "10" : 0.000000,
        "20" : 0.000000,
        "50" : 0.000000,
        "100" : 0.000000,
        "250" : 0.000000,
        "500" : 0.000000,
        "750" : 0.000000,
        "1000" : 0.000000
      },
      "latency_us" : {
        "2" : 0.000000,
        "4" : 0.000000,
        "10" : 0.000000,
        "20" : 0.000000,
        "50" : 0.000000,
        "100" : 0.000000,
        "250" : 41.416931,
        "500" : 30.667114,
        "750" : 16.627502,
        "1000" : 5.418396
      },
      "latency_ms" : {
        "2" : 5.299377,
        "4" : 0.559998,
        "10" : 0.010681,
        "20" : 0.000000,
        "50" : 0.000000,
        "100" : 0.000000,
        "250" : 0.000000,
        "500" : 0.000000,
        "750" : 0.000000,
        "1000" : 0.000000,
        "2000" : 0.000000,
        ">=2000" : 0.000000
      },
      "latency_depth" : 32,
      "latency_target" : 0,
      "latency_percentile" : 100.000000,
      "latency_window" : 0
    }
  ],
  "disk_util" : [
    {
      "name" : "nvme3n1",
      "read_ios" : 172,
      "write_ios" : 63769,
      "read_merges" : 0,
      "write_merges" : 0,
      "read_ticks" : 33,
      "write_ticks" : 27255,
      "in_queue" : 27288,
      "util" : 98.591744
    }
  ]
}
