{
  "fio version" : "fio-3.28",
  "timestamp" : 1732731188,
  "timestamp_ms" : 1732731188187,
  "time" : "Thu Nov 28 03:13:08 2024",
  "global options" : {
    "bs" : "8k",
    "ioengine" : "io_uring",
    "filesize" : "8G",
    "numjobs" : "4",
    "iodepth" : "32",
    "group_reporting" : "1",
    "runtime" : "30",
    "direct" : "1",
    "thread" : "1",
    "time_based" : "1",
    "filename" : "/dev/nvme3n1"
  },
  "jobs" : [
    {
      "jobname" : "randread",
      "groupid" : 0,
      "error" : 0,
      "eta" : 0,
      "elapsed" : 31,
      "job options" : {
        "rw" : "randread"
      },
      "read" : {
        "io_bytes" : 310247694336,
        "io_kbytes" : 302976264,
        "bw_bytes" : 10341245103,
        "bw" : 10098872,
        "iops" : 1262359.021366,
        "runtime" : 30001,
        "total_ios" : 37872033,
        "short_ios" : 0,
        "drop_ios" : 0,
        "slat_ns" : {
          "min" : 1440,
          "max" : 167488,
          "mean" : 2746.839088,
          "stddev" : 1494.136679,
          "N" : 37872033
        },
        "clat_ns" : {
          "min" : 30,
          "max" : 799010,
          "mean" : 98328.055083,
          "stddev" : 24941.670297,
          "N" : 37872033,
          "percentile" : {
            "1.000000" : 66048,
            "5.000000" : 74240,
            "10.000000" : 78336,
            "20.000000" : 83456,
            "30.000000" : 86528,
            "40.000000" : 89600,
            "50.000000" : 91648,
            "60.000000" : 95744,
            "70.000000" : 99840,
            "80.000000" : 108032,
            "90.000000" : 121344,
            "95.000000" : 156672,
            "99.000000" : 195584,
            "99.500000" : 211968,
            "99.900000" : 248832,
            "99.950000" : 264192,
            "99.990000" : 301056
          }
        },
        "lat_ns" : {
          "min" : 13900,
          "max" : 801300,
          "mean" : 101136.991586,
          "stddev" : 25059.796928,
          "N" : 37872033
        },
        "bw_min" : 9086896,
        "bw_max" : 11052960,
        "bw_agg" : 100.000000,
        "bw_mean" : 10106633.491525,
        "bw_dev" : 156466.146627,
        "bw_samples" : 236,
        "iops_min" : 1135862,
        "iops_max" : 1381620,
        "iops_mean" : 1263329.186441,
        "iops_stddev" : 19558.247652,
        "iops_samples" : 236
      },
      "write" : {
        "io_bytes" : 0,
        "io_kbytes" : 0,
        "bw_bytes" : 0,
        "bw" : 0,
        "iops" : 0.000000,
        "runtime" : 0,
        "total_ios" : 0,
        "short_ios" : 0,
        "drop_ios" : 0,
        "slat_ns" : {
          "min" : 0,
          "max" : 0,
          "mean" : 0.000000,
          "stddev" : 0.000000,
          "N" : 0
        },
        "clat_ns" : {
          "min" : 0,
          "max" : 0,
          "mean" : 0.000000,
          "stddev" : 0.000000,
          "N" : 0
        },
        "lat_ns" : {
          "min" : 0,
          "max" : 0,
          "mean" : 0.000000,
          "stddev" : 0.000000,
          "N" : 0
        },
        "bw_min" : 0,
        "bw_max" : 0,
        "bw_agg" : 0.000000,
        "bw_mean" : 0.000000,
        "bw_dev" : 0.000000,
        "bw_samples" : 0,
        "iops_min" : 0,
        "iops_max" : 0,
        "iops_mean" : 0.000000,
        "iops_stddev" : 0.000000,
        "iops_samples" : 0
      },
      "trim" : {
        "io_bytes" : 0,
        "io_kbytes" : 0,
        "bw_bytes" : 0,
        "bw" : 0,
        "iops" : 0.000000,
        "runtime" : 0,
        "total_ios" : 0,
        "short_ios" : 0,
        "drop_ios" : 0,
        "slat_ns" : {
          "min" : 0,
          "max" : 0,
          "mean" : 0.000000,
          "stddev" : 0.000000,
          "N" : 0
        },
        "clat_ns" : {
          "min" : 0,
          "max" : 0,
          "mean" : 0.000000,
          "stddev" : 0.000000,
          "N" : 0
        },
        "lat_ns" : {
          "min" : 0,
          "max" : 0,
          "mean" : 0.000000,
          "stddev" : 0.000000,
          "N" : 0
        },
        "bw_min" : 0,
        "bw_max" : 0,
        "bw_agg" : 0.000000,
        "bw_mean" : 0.000000,
        "bw_dev" : 0.000000,
        "bw_samples" : 0,
        "iops_min" : 0,
        "iops_max" : 0,
        "iops_mean" : 0.000000,
        "iops_stddev" : 0.000000,
        "iops_samples" : 0
      },
      "sync" : {
        "total_ios" : 0,
        "lat_ns" : {
          "min" : 0,
          "max" : 0,
          "mean" : 0.000000,
          "stddev" : 0.000000,
          "N" : 0
        }
      },
      "job_runtime" : 120000,
      "usr_cpu" : 11.290000,
      "sys_cpu" : 87.965000,
      "ctx" : 55513,
      "majf" : 0,
      "minf" : 256,
      "iodepth_level" : {
        "1" : 0.100000,
        "2" : 0.100000,
        "4" : 0.100000,
        "8" : 0.100000,
        "16" : 0.100000,
        "32" : 99.999673,
        ">=64" : 0.000000
      },
      "iodepth_submit" : {
        "0" : 0.000000,
        "4" : 100.000000,
        "8" : 0.000000,
        "16" : 0.000000,
        "32" : 0.000000,
        "64" : 0.000000,
        ">=64" : 0.000000
      },
      "iodepth_complete" : {
        "0" : 0.000000,
        "4" : 99.999989,
        "8" : 0.000000,
        "16" : 0.000000,
        "32" : 0.100000,
        "64" : 0.000000,
        ">=64" : 0.000000
      },
      "latency_ns" : {
        "2" : 0.000000,
        "4" : 0.000000,
        "10" : 0.000000,
        "20" : 0.000000,
        "50" : 0.010000,
        "100" : 0.010000,
        "250" : 0.000000,
        "500" : 0.000000,
        "750" : 0.000000,
        "1000" : 0.000000
      },
      "latency_us" : {
        "2" : 0.010000,
        "4" : 0.010000,
        "10" : 0.010000,
        "20" : 0.010000,
        "50" : 0.273819,
        "100" : 70.369346,
        "250" : 29.256808,
        "500" : 0.094695,
        "750" : 0.010000,
        "1000" : 0.010000
      },
      "latency_ms" : {
        "2" : 0.000000,
        "4" : 0.000000,
        "10" : 0.000000,
        "20" : 0.000000,
        "50" : 0.000000,
        "100" : 0.000000,
        "250" : 0.000000,
        "500" : 0.000000,
        "750" : 0.000000,
        "1000" : 0.000000,
        "2000" : 0.000000,
        ">=2000" : 0.000000
      },
      "latency_depth" : 32,
      "latency_target" : 0,
      "latency_percentile" : 100.000000,
      "latency_window" : 0
    }
  ],
  "disk_util" : [
    {
      "name" : "nvme3n1",
      "read_ios" : 37743585,
      "write_ios" : 0,
      "read_merges" : 0,
      "write_merges" : 0,
      "read_ticks" : 717362,
      "write_ticks" : 0,
      "in_queue" : 717362,
      "util" : 99.696535
    }
  ]
}
