{
  "fio version" : "fio-3.28",
  "timestamp" : 1734889360,
  "timestamp_ms" : 1734889360739,
  "time" : "Mon Dec 23 02:42:40 2024",
  "global options" : {
    "bs" : "32k",
    "ioengine" : "io_uring",
    "filesize" : "4G",
    "numjobs" : "4",
    "iodepth" : "32",
    "group_reporting" : "1",
    "runtime" : "60",
    "direct" : "1",
    "thread" : "1",
    "time_based" : "1",
    "filename" : "/dev/nvme3n1"
  },
  "jobs" : [
    {
      "jobname" : "randread",
      "groupid" : 0,
      "error" : 0,
      "eta" : 0,
      "elapsed" : 61,
      "job options" : {
        "rw" : "randread"
      },
      "read" : {
        "io_bytes" : 163806216192,
        "io_kbytes" : 159967008,
        "bw_bytes" : 2730012602,
        "bw" : 2666027,
        "iops" : 83313.372888,
        "runtime" : 60002,
        "total_ios" : 4998969,
        "short_ios" : 0,
        "drop_ios" : 0,
        "slat_ns" : {
          "min" : 2050,
          "max" : 84578,
          "mean" : 3368.559113,
          "stddev" : 961.411802,
          "N" : 4998969
        },
        "clat_ns" : {
          "min" : 121668,
          "max" : 3113947,
          "mean" : 1532634.573286,
          "stddev" : 60108.474589,
          "N" : 4998969,
          "percentile" : {
            "1.000000" : 1400832,
            "5.000000" : 1466368,
            "10.000000" : 1482752,
            "20.000000" : 1499136,
            "30.000000" : 1515520,
            "40.000000" : 1515520,
            "50.000000" : 1531904,
            "60.000000" : 1531904,
            "70.000000" : 1548288,
            "80.000000" : 1564672,
            "90.000000" : 1597440,
            "95.000000" : 1630208,
            "99.000000" : 1695744,
            "99.500000" : 1744896,
            "99.900000" : 1859584,
            "99.950000" : 1925120,
            "99.990000" : 2146304
          }
        },
        "lat_ns" : {
          "min" : 131408,
          "max" : 3117607,
          "mean" : 1536061.502647,
          "stddev" : 60066.320648,
          "N" : 4998969
        },
        "bw_min" : 2635008,
        "bw_max" : 2695680,
        "bw_agg" : 100.000000,
        "bw_mean" : 2666854.184874,
        "bw_dev" : 2661.811741,
        "bw_samples" : 476,
        "iops_min" : 82344,
        "iops_max" : 84240,
        "iops_mean" : 83339.193277,
        "iops_stddev" : 83.181617,
        "iops_samples" : 476
      },
      "write" : {
        "io_bytes" : 0,
        "io_kbytes" : 0,
        "bw_bytes" : 0,
        "bw" : 0,
        "iops" : 0.000000,
        "runtime" : 0,
        "total_ios" : 0,
        "short_ios" : 0,
        "drop_ios" : 0,
        "slat_ns" : {
          "min" : 0,
          "max" : 0,
          "mean" : 0.000000,
          "stddev" : 0.000000,
          "N" : 0
        },
        "clat_ns" : {
          "min" : 0,
          "max" : 0,
          "mean" : 0.000000,
          "stddev" : 0.000000,
          "N" : 0
        },
        "lat_ns" : {
          "min" : 0,
          "max" : 0,
          "mean" : 0.000000,
          "stddev" : 0.000000,
          "N" : 0
        },
        "bw_min" : 0,
        "bw_max" : 0,
        "bw_agg" : 0.000000,
        "bw_mean" : 0.000000,
        "bw_dev" : 0.000000,
        "bw_samples" : 0,
        "iops_min" : 0,
        "iops_max" : 0,
        "iops_mean" : 0.000000,
        "iops_stddev" : 0.000000,
        "iops_samples" : 0
      },
      "trim" : {
        "io_bytes" : 0,
        "io_kbytes" : 0,
        "bw_bytes" : 0,
        "bw" : 0,
        "iops" : 0.000000,
        "runtime" : 0,
        "total_ios" : 0,
        "short_ios" : 0,
        "drop_ios" : 0,
        "slat_ns" : {
          "min" : 0,
          "max" : 0,
          "mean" : 0.000000,
          "stddev" : 0.000000,
          "N" : 0
        },
        "clat_ns" : {
          "min" : 0,
          "max" : 0,
          "mean" : 0.000000,
          "stddev" : 0.000000,
          "N" : 0
        },
        "lat_ns" : {
          "min" : 0,
          "max" : 0,
          "mean" : 0.000000,
          "stddev" : 0.000000,
          "N" : 0
        },
        "bw_min" : 0,
        "bw_max" : 0,
        "bw_agg" : 0.000000,
        "bw_mean" : 0.000000,
        "bw_dev" : 0.000000,
        "bw_samples" : 0,
        "iops_min" : 0,
        "iops_max" : 0,
        "iops_mean" : 0.000000,
        "iops_stddev" : 0.000000,
        "iops_samples" : 0
      },
      "sync" : {
        "total_ios" : 0,
        "lat_ns" : {
          "min" : 0,
          "max" : 0,
          "mean" : 0.000000,
          "stddev" : 0.000000,
          "N" : 0
        }
      },
      "job_runtime" : 240003,
      "usr_cpu" : 1.386233,
      "sys_cpu" : 11.305692,
      "ctx" : 2971676,
      "majf" : 0,
      "minf" : 1024,
      "iodepth_level" : {
        "1" : 0.100000,
        "2" : 0.100000,
        "4" : 0.100000,
        "8" : 0.100000,
        "16" : 0.100000,
        "32" : 99.997519,
        ">=64" : 0.000000
      },
      "iodepth_submit" : {
        "0" : 0.000000,
        "4" : 100.000000,
        "8" : 0.000000,
        "16" : 0.000000,
        "32" : 0.000000,
        "64" : 0.000000,
        ">=64" : 0.000000
      },
      "iodepth_complete" : {
        "0" : 0.000000,
        "4" : 99.999920,
        "8" : 0.000000,
        "16" : 0.000000,
        "32" : 0.100000,
        "64" : 0.000000,
        ">=64" : 0.000000
      },
      "latency_ns" : {
        "2" : 0.000000,
        "4" : 0.000000,
        "10" : 0.000000,
        "20" : 0.000000,
        "50" : 0.000000,
        "100" : 0.000000,
        "250" : 0.000000,
        "500" : 0.000000,
        "750" : 0.000000,
        "1000" : 0.000000
      },
      "latency_us" : {
        "2" : 0.000000,
        "4" : 0.000000,
        "10" : 0.000000,
        "20" : 0.000000,
        "50" : 0.000000,
        "100" : 0.000000,
        "250" : 0.010000,
        "500" : 0.037248,
        "750" : 0.018104,
        "1000" : 0.020504
      },
      "latency_ms" : {
        "2" : 99.891758,
        "4" : 0.029606,
        "10" : 0.000000,
        "20" : 0.000000,
        "50" : 0.000000,
        "100" : 0.000000,
        "250" : 0.000000,
        "500" : 0.000000,
        "750" : 0.000000,
        "1000" : 0.000000,
        "2000" : 0.000000,
        ">=2000" : 0.000000
      },
      "latency_depth" : 32,
      "latency_target" : 0,
      "latency_percentile" : 100.000000,
      "latency_window" : 0
    }
  ],
  "disk_util" : [
    {
      "name" : "nvme3n1",
      "read_ios" : 4990111,
      "write_ios" : 0,
      "read_merges" : 0,
      "write_merges" : 0,
      "read_ticks" : 7631136,
      "write_ticks" : 0,
      "in_queue" : 7631137,
      "util" : 99.861618
    }
  ]
}
