{
  "fio version" : "fio-3.28",
  "timestamp" : 1734890291,
  "timestamp_ms" : 1734890291396,
  "time" : "Mon Dec 23 02:58:11 2024",
  "global options" : {
    "bs" : "256k",
    "ioengine" : "io_uring",
    "filesize" : "4G",
    "numjobs" : "4",
    "iodepth" : "32",
    "group_reporting" : "1",
    "runtime" : "60",
    "direct" : "1",
    "thread" : "1",
    "time_based" : "1",
    "filename" : "/dev/nvme3n1"
  },
  "jobs" : [
    {
      "jobname" : "seqread",
      "groupid" : 0,
      "error" : 0,
      "eta" : 0,
      "elapsed" : 61,
      "job options" : {
        "rw" : "read"
      },
      "read" : {
        "io_bytes" : 171452399616,
        "io_kbytes" : 167433984,
        "bw_bytes" : 2857016207,
        "bw" : 2790054,
        "iops" : 10898.651914,
        "runtime" : 60011,
        "total_ios" : 654039,
        "short_ios" : 0,
        "drop_ios" : 0,
        "slat_ns" : {
          "min" : 5190,
          "max" : 323517,
          "mean" : 9098.680958,
          "stddev" : 2371.118898,
          "N" : 654039
        },
        "clat_ns" : {
          "min" : 170149,
          "max" : 20940661,
          "mean" : 11733823.609818,
          "stddev" : 1027431.306128,
          "N" : 654039,
          "percentile" : {
            "1.000000" : 10420224,
            "5.000000" : 10551296,
            "10.000000" : 10551296,
            "20.000000" : 10682368,
            "30.000000" : 10682368,
            "40.000000" : 11993088,
            "50.000000" : 12124160,
            "60.000000" : 12255232,
            "70.000000" : 12386304,
            "80.000000" : 12517376,
            "90.000000" : 12648448,
            "95.000000" : 12779520,
            "99.000000" : 13303808,
            "99.500000" : 14221312,
            "99.900000" : 15663104,
            "99.950000" : 16318464,
            "99.990000" : 17432576
          }
        },
        "lat_ns" : {
          "min" : 188949,
          "max" : 20949801,
          "mean" : 11742978.380555,
          "stddev" : 1027164.983824,
          "N" : 654039
        },
        "bw_min" : 2546176,
        "bw_max" : 3127808,
        "bw_agg" : 99.940650,
        "bw_mean" : 2788399.327731,
        "bw_dev" : 52987.119198,
        "bw_samples" : 476,
        "iops_min" : 9946,
        "iops_max" : 12218,
        "iops_mean" : 10892.184874,
        "iops_stddev" : 206.980934,
        "iops_samples" : 476
      },
      "write" : {
        "io_bytes" : 0,
        "io_kbytes" : 0,
        "bw_bytes" : 0,
        "bw" : 0,
        "iops" : 0.000000,
        "runtime" : 0,
        "total_ios" : 0,
        "short_ios" : 0,
        "drop_ios" : 0,
        "slat_ns" : {
          "min" : 0,
          "max" : 0,
          "mean" : 0.000000,
          "stddev" : 0.000000,
          "N" : 0
        },
        "clat_ns" : {
          "min" : 0,
          "max" : 0,
          "mean" : 0.000000,
          "stddev" : 0.000000,
          "N" : 0
        },
        "lat_ns" : {
          "min" : 0,
          "max" : 0,
          "mean" : 0.000000,
          "stddev" : 0.000000,
          "N" : 0
        },
        "bw_min" : 0,
        "bw_max" : 0,
        "bw_agg" : 0.000000,
        "bw_mean" : 0.000000,
        "bw_dev" : 0.000000,
        "bw_samples" : 0,
        "iops_min" : 0,
        "iops_max" : 0,
        "iops_mean" : 0.000000,
        "iops_stddev" : 0.000000,
        "iops_samples" : 0
      },
      "trim" : {
        "io_bytes" : 0,
        "io_kbytes" : 0,
        "bw_bytes" : 0,
        "bw" : 0,
        "iops" : 0.000000,
        "runtime" : 0,
        "total_ios" : 0,
        "short_ios" : 0,
        "drop_ios" : 0,
        "slat_ns" : {
          "min" : 0,
          "max" : 0,
          "mean" : 0.000000,
          "stddev" : 0.000000,
          "N" : 0
        },
        "clat_ns" : {
          "min" : 0,
          "max" : 0,
          "mean" : 0.000000,
          "stddev" : 0.000000,
          "N" : 0
        },
        "lat_ns" : {
          "min" : 0,
          "max" : 0,
          "mean" : 0.000000,
          "stddev" : 0.000000,
          "N" : 0
        },
        "bw_min" : 0,
        "bw_max" : 0,
        "bw_agg" : 0.000000,
        "bw_mean" : 0.000000,
        "bw_dev" : 0.000000,
        "bw_samples" : 0,
        "iops_min" : 0,
        "iops_max" : 0,
        "iops_mean" : 0.000000,
        "iops_stddev" : 0.000000,
        "iops_samples" : 0
      },
      "sync" : {
        "total_ios" : 0,
        "lat_ns" : {
          "min" : 0,
          "max" : 0,
          "mean" : 0.000000,
          "stddev" : 0.000000,
          "N" : 0
        }
      },
      "job_runtime" : 240025,
      "usr_cpu" : 0.232059,
      "sys_cpu" : 3.945006,
      "ctx" : 653988,
      "majf" : 0,
      "minf" : 8196,
      "iodepth_level" : {
        "1" : 0.100000,
        "2" : 0.100000,
        "4" : 0.100000,
        "8" : 0.100000,
        "16" : 0.100000,
        "32" : 99.981041,
        ">=64" : 0.000000
      },
      "iodepth_submit" : {
        "0" : 0.000000,
        "4" : 100.000000,
        "8" : 0.000000,
        "16" : 0.000000,
        "32" : 0.000000,
        "64" : 0.000000,
        ">=64" : 0.000000
      },
      "iodepth_complete" : {
        "0" : 0.000000,
        "4" : 99.999388,
        "8" : 0.000000,
        "16" : 0.000000,
        "32" : 0.100000,
        "64" : 0.000000,
        ">=64" : 0.000000
      },
      "latency_ns" : {
        "2" : 0.000000,
        "4" : 0.000000,
        "10" : 0.000000,
        "20" : 0.000000,
        "50" : 0.000000,
        "100" : 0.000000,
        "250" : 0.000000,
        "500" : 0.000000,
        "750" : 0.000000,
        "1000" : 0.000000
      },
      "latency_us" : {
        "2" : 0.000000,
        "4" : 0.000000,
        "10" : 0.000000,
        "20" : 0.000000,
        "50" : 0.000000,
        "100" : 0.000000,
        "250" : 0.010000,
        "500" : 0.010000,
        "750" : 0.010000,
        "1000" : 0.010000
      },
      "latency_ms" : {
        "2" : 0.022934,
        "4" : 0.125986,
        "10" : 0.240811,
        "20" : 99.603235,
        "50" : 0.010000,
        "100" : 0.000000,
        "250" : 0.000000,
        "500" : 0.000000,
        "750" : 0.000000,
        "1000" : 0.000000,
        "2000" : 0.000000,
        ">=2000" : 0.000000
      },
      "latency_depth" : 32,
      "latency_target" : 0,
      "latency_percentile" : 100.000000,
      "latency_window" : 0
    }
  ],
  "disk_util" : [
    {
      "name" : "nvme3n1",
      "read_ios" : 652659,
      "write_ios" : 0,
      "read_merges" : 0,
      "write_merges" : 0,
      "read_ticks" : 7657352,
      "write_ticks" : 0,
      "in_queue" : 7657352,
      "util" : 99.859953
    }
  ]
}
