{
  "fio version" : "fio-3.28",
  "timestamp" : 1733755117,
  "timestamp_ms" : 1733755117228,
  "time" : "Mon Dec  9 23:38:37 2024",
  "global options" : {
    "bs" : "256k",
    "ioengine" : "io_uring",
    "filesize" : "4G",
    "numjobs" : "4",
    "iodepth" : "32",
    "group_reporting" : "1",
    "runtime" : "30",
    "direct" : "1",
    "thread" : "1",
    "time_based" : "1",
    "filename" : "/dev/nvme3n1"
  },
  "jobs" : [
    {
      "jobname" : "seqwrite",
      "groupid" : 0,
      "error" : 0,
      "eta" : 0,
      "elapsed" : 31,
      "job options" : {
        "rw" : "write"
      },
      "read" : {
        "io_bytes" : 0,
        "io_kbytes" : 0,
        "bw_bytes" : 0,
        "bw" : 0,
        "iops" : 0.000000,
        "runtime" : 0,
        "total_ios" : 0,
        "short_ios" : 0,
        "drop_ios" : 0,
        "slat_ns" : {
          "min" : 0,
          "max" : 0,
          "mean" : 0.000000,
          "stddev" : 0.000000,
          "N" : 0
        },
        "clat_ns" : {
          "min" : 0,
          "max" : 0,
          "mean" : 0.000000,
          "stddev" : 0.000000,
          "N" : 0
        },
        "lat_ns" : {
          "min" : 0,
          "max" : 0,
          "mean" : 0.000000,
          "stddev" : 0.000000,
          "N" : 0
        },
        "bw_min" : 0,
        "bw_max" : 0,
        "bw_agg" : 0.000000,
        "bw_mean" : 0.000000,
        "bw_dev" : 0.000000,
        "bw_samples" : 0,
        "iops_min" : 0,
        "iops_max" : 0,
        "iops_mean" : 0.000000,
        "iops_stddev" : 0.000000,
        "iops_samples" : 0
      },
      "write" : {
        "io_bytes" : 129504641024,
        "io_kbytes" : 126469376,
        "bw_bytes" : 4315382906,
        "bw" : 4214241,
        "iops" : 16461.879374,
        "runtime" : 30010,
        "total_ios" : 494021,
        "short_ios" : 0,
        "drop_ios" : 0,
        "slat_ns" : {
          "min" : 3830,
          "max" : 160677,
          "mean" : 11734.810314,
          "stddev" : 1766.724164,
          "N" : 494021
        },
        "clat_ns" : {
          "min" : 159856,
          "max" : 18971884,
          "mean" : 7746136.244593,
          "stddev" : 3357825.042486,
          "N" : 494021,
          "percentile" : {
            "1.000000" : 175104,
            "5.000000" : 440320,
            "10.000000" : 741376,
            "20.000000" : 8093696,
            "30.000000" : 8978432,
            "40.000000" : 9240576,
            "50.000000" : 9371648,
            "60.000000" : 9502720,
            "70.000000" : 9502720,
            "80.000000" : 9502720,
            "90.000000" : 9502720,
            "95.000000" : 9633792,
            "99.000000" : 9895936,
            "99.500000" : 10027008,
            "99.900000" : 13041664,
            "99.950000" : 15138816,
            "99.990000" : 17694720
          }
        },
        "lat_ns" : {
          "min" : 170496,
          "max" : 18984224,
          "mean" : 7757923.491052,
          "stddev" : 3357807.979319,
          "N" : 494021
        },
        "bw_min" : 3853824,
        "bw_max" : 4649984,
        "bw_agg" : 100.000000,
        "bw_mean" : 4215650.928814,
        "bw_dev" : 49266.097308,
        "bw_samples" : 239,
        "iops_min" : 15054,
        "iops_max" : 18164,
        "iops_mean" : 16467.386441,
        "iops_stddev" : 192.445693,
        "iops_samples" : 239
      },
      "trim" : {
        "io_bytes" : 0,
        "io_kbytes" : 0,
        "bw_bytes" : 0,
        "bw" : 0,
        "iops" : 0.000000,
        "runtime" : 0,
        "total_ios" : 0,
        "short_ios" : 0,
        "drop_ios" : 0,
        "slat_ns" : {
          "min" : 0,
          "max" : 0,
          "mean" : 0.000000,
          "stddev" : 0.000000,
          "N" : 0
        },
        "clat_ns" : {
          "min" : 0,
          "max" : 0,
          "mean" : 0.000000,
          "stddev" : 0.000000,
          "N" : 0
        },
        "lat_ns" : {
          "min" : 0,
          "max" : 0,
          "mean" : 0.000000,
          "stddev" : 0.000000,
          "N" : 0
        },
        "bw_min" : 0,
        "bw_max" : 0,
        "bw_agg" : 0.000000,
        "bw_mean" : 0.000000,
        "bw_dev" : 0.000000,
        "bw_samples" : 0,
        "iops_min" : 0,
        "iops_max" : 0,
        "iops_mean" : 0.000000,
        "iops_stddev" : 0.000000,
        "iops_samples" : 0
      },
      "sync" : {
        "total_ios" : 0,
        "lat_ns" : {
          "min" : 0,
          "max" : 0,
          "mean" : 0.000000,
          "stddev" : 0.000000,
          "N" : 0
        }
      },
      "job_runtime" : 120032,
      "usr_cpu" : 1.607905,
      "sys_cpu" : 5.395228,
      "ctx" : 465452,
      "majf" : 0,
      "minf" : 0,
      "iodepth_level" : {
        "1" : 0.100000,
        "2" : 0.100000,
        "4" : 0.100000,
        "8" : 0.100000,
        "16" : 0.113356,
        "32" : 99.780374,
        ">=64" : 0.000000
      },
      "iodepth_submit" : {
        "0" : 0.000000,
        "4" : 100.000000,
        "8" : 0.000000,
        "16" : 0.000000,
        "32" : 0.000000,
        "64" : 0.000000,
        ">=64" : 0.000000
      },
      "iodepth_complete" : {
        "0" : 0.000000,
        "4" : 99.992900,
        "8" : 0.000000,
        "16" : 0.000000,
        "32" : 0.100000,
        "64" : 0.000000,
        ">=64" : 0.000000
      },
      "latency_ns" : {
        "2" : 0.000000,
        "4" : 0.000000,
        "10" : 0.000000,
        "20" : 0.000000,
        "50" : 0.000000,
        "100" : 0.000000,
        "250" : 0.000000,
        "500" : 0.000000,
        "750" : 0.000000,
        "1000" : 0.000000
      },
      "latency_us" : {
        "2" : 0.000000,
        "4" : 0.000000,
        "10" : 0.000000,
        "20" : 0.000000,
        "50" : 0.000000,
        "100" : 0.000000,
        "250" : 2.657984,
        "500" : 3.206746,
        "750" : 4.339289,
        "1000" : 3.555517
      },
      "latency_ms" : {
        "2" : 4.065617,
        "4" : 0.575886,
        "10" : 80.847980,
        "20" : 0.750980,
        "50" : 0.000000,
        "100" : 0.000000,
        "250" : 0.000000,
        "500" : 0.000000,
        "750" : 0.000000,
        "1000" : 0.000000,
        "2000" : 0.000000,
        ">=2000" : 0.000000
      },
      "latency_depth" : 32,
      "latency_target" : 0,
      "latency_percentile" : 100.000000,
      "latency_window" : 0
    }
  ],
  "disk_util" : [
    {
      "name" : "nvme3n1",
      "read_ios" : 822,
      "write_ios" : 492215,
      "read_merges" : 0,
      "write_merges" : 0,
      "read_ticks" : 5532,
      "write_ticks" : 3805713,
      "in_queue" : 3811246,
      "util" : 99.679872
    }
  ]
}
