{
  "fio version" : "fio-3.36",
  "timestamp" : 1739806473,
  "timestamp_ms" : 1739806473753,
  "time" : "Tue Feb 18 00:34:33 2025",
  "global options" : {
    "bs" : "64k",
    "ioengine" : "io_uring",
    "size" : "2G",
    "numjobs" : "4",
    "iodepth" : "16",
    "group_reporting" : "1",
    "direct" : "1",
    "thread" : "1",
    "filename" : "/dev/nvme2n1"
  },
  "jobs" : [
    {
      "jobname" : "seqwrite",
      "groupid" : 0,
      "job_start" : 1739806469907,
      "error" : 0,
      "eta" : 0,
      "elapsed" : 4,
      "job options" : {
        "rw" : "write"
      },
      "read" : {
        "io_bytes" : 0,
        "io_kbytes" : 0,
        "bw_bytes" : 0,
        "bw" : 0,
        "iops" : 0.000000,
        "runtime" : 0,
        "total_ios" : 0,
        "short_ios" : 0,
        "drop_ios" : 0,
        "slat_ns" : {
          "min" : 0,
          "max" : 0,
          "mean" : 0.000000,
          "stddev" : 0.000000,
          "N" : 0
        },
        "clat_ns" : {
          "min" : 0,
          "max" : 0,
          "mean" : 0.000000,
          "stddev" : 0.000000,
          "N" : 0
        },
        "lat_ns" : {
          "min" : 0,
          "max" : 0,
          "mean" : 0.000000,
          "stddev" : 0.000000,
          "N" : 0
        },
        "bw_min" : 0,
        "bw_max" : 0,
        "bw_agg" : 0.000000,
        "bw_mean" : 0.000000,
        "bw_dev" : 0.000000,
        "bw_samples" : 0,
        "iops_min" : 0,
        "iops_max" : 0,
        "iops_mean" : 0.000000,
        "iops_stddev" : 0.000000,
        "iops_samples" : 0
      },
      "write" : {
        "io_bytes" : 8589934592,
        "io_kbytes" : 8388608,
        "bw_bytes" : 2242802765,
        "bw" : 2190237,
        "iops" : 34222.454308,
        "runtime" : 3830,
        "total_ios" : 131072,
        "short_ios" : 0,
        "drop_ios" : 0,
        "slat_ns" : {
          "min" : 2230,
          "max" : 135753,
          "mean" : 5314.542931,
          "stddev" : 3829.057744,
          "N" : 131072
        },
        "clat_ns" : {
          "min" : 97910,
          "max" : 3712605,
          "mean" : 1863982.845650,
          "stddev" : 92292.491176,
          "N" : 131072,
          "percentile" : {
            "1.000000" : 1646592,
            "5.000000" : 1695744,
            "10.000000" : 1712128,
            "20.000000" : 1777664,
            "30.000000" : 1826816,
            "40.000000" : 1908736,
            "50.000000" : 1908736,
            "60.000000" : 1908736,
            "70.000000" : 1925120,
            "80.000000" : 1925120,
            "90.000000" : 1925120,
            "95.000000" : 1941504,
            "99.000000" : 1941504,
            "99.500000" : 1957888,
            "99.900000" : 2146304,
            "99.950000" : 2441216,
            "99.990000" : 2867200
          }
        },
        "lat_ns" : {
          "min" : 106022,
          "max" : 3717746,
          "mean" : 1869297.388580,
          "stddev" : 92232.783060,
          "N" : 131072
        },
        "bw_min" : 2124416,
        "bw_max" : 2352768,
        "bw_agg" : 100.000000,
        "bw_mean" : 2194048.000000,
        "bw_dev" : 18626.515076,
        "bw_samples" : 28,
        "iops_min" : 33194,
        "iops_max" : 36762,
        "iops_mean" : 34282.000000,
        "iops_stddev" : 291.039298,
        "iops_samples" : 28
      },
      "trim" : {
        "io_bytes" : 0,
        "io_kbytes" : 0,
        "bw_bytes" : 0,
        "bw" : 0,
        "iops" : 0.000000,
        "runtime" : 0,
        "total_ios" : 0,
        "short_ios" : 0,
        "drop_ios" : 0,
        "slat_ns" : {
          "min" : 0,
          "max" : 0,
          "mean" : 0.000000,
          "stddev" : 0.000000,
          "N" : 0
        },
        "clat_ns" : {
          "min" : 0,
          "max" : 0,
          "mean" : 0.000000,
          "stddev" : 0.000000,
          "N" : 0
        },
        "lat_ns" : {
          "min" : 0,
          "max" : 0,
          "mean" : 0.000000,
          "stddev" : 0.000000,
          "N" : 0
        },
        "bw_min" : 0,
        "bw_max" : 0,
        "bw_agg" : 0.000000,
        "bw_mean" : 0.000000,
        "bw_dev" : 0.000000,
        "bw_samples" : 0,
        "iops_min" : 0,
        "iops_max" : 0,
        "iops_mean" : 0.000000,
        "iops_stddev" : 0.000000,
        "iops_samples" : 0
      },
      "sync" : {
        "total_ios" : 0,
        "lat_ns" : {
          "min" : 0,
          "max" : 0,
          "mean" : 0.000000,
          "stddev" : 0.000000,
          "N" : 0
        }
      },
      "job_runtime" : 15315,
      "usr_cpu" : 2.324518,
      "sys_cpu" : 4.766569,
      "ctx" : 124992,
      "majf" : 0,
      "minf" : 0,
      "iodepth_level" : {
        "1" : 0.100000,
        "2" : 0.100000,
        "4" : 0.100000,
        "8" : 0.100000,
        "16" : 99.954224,
        "32" : 0.000000,
        ">=64" : 0.000000
      },
      "iodepth_submit" : {
        "0" : 0.000000,
        "4" : 100.000000,
        "8" : 0.000000,
        "16" : 0.000000,
        "32" : 0.000000,
        "64" : 0.000000,
        ">=64" : 0.000000
      },
      "iodepth_complete" : {
        "0" : 0.000000,
        "4" : 99.996947,
        "8" : 0.000000,
        "16" : 0.100000,
        "32" : 0.000000,
        "64" : 0.000000,
        ">=64" : 0.000000
      },
      "latency_ns" : {
        "2" : 0.000000,
        "4" : 0.000000,
        "10" : 0.000000,
        "20" : 0.000000,
        "50" : 0.000000,
        "100" : 0.000000,
        "250" : 0.000000,
        "500" : 0.000000,
        "750" : 0.000000,
        "1000" : 0.000000
      },
      "latency_us" : {
        "2" : 0.000000,
        "4" : 0.000000,
        "10" : 0.000000,
        "20" : 0.000000,
        "50" : 0.000000,
        "100" : 0.010000,
        "250" : 0.011444,
        "500" : 0.010000,
        "750" : 0.010000,
        "1000" : 0.010000
      },
      "latency_ms" : {
        "2" : 99.739838,
        "4" : 0.226593,
        "10" : 0.000000,
        "20" : 0.000000,
        "50" : 0.000000,
        "100" : 0.000000,
        "250" : 0.000000,
        "500" : 0.000000,
        "750" : 0.000000,
        "1000" : 0.000000,
        "2000" : 0.000000,
        ">=2000" : 0.000000
      },
      "latency_depth" : 16,
      "latency_target" : 0,
      "latency_percentile" : 100.000000,
      "latency_window" : 0
    }
  ],
  "disk_util" : [
    {
      "name" : "nvme2n1",
      "read_ios" : 0,
      "write_ios" : 124715,
      "read_sectors" : 0,
      "write_sectors" : 15963520,
      "read_merges" : 0,
      "write_merges" : 0,
      "read_ticks" : 0,
      "write_ticks" : 231902,
      "in_queue" : 231903,
      "util" : 97.195513
    }
  ]
}
