{
  "fio version" : "fio-3.28",
  "timestamp" : 1734977036,
  "timestamp_ms" : 1734977036539,
  "time" : "Tue Dec 24 03:03:56 2024",
  "global options" : {
    "bs" : "128k",
    "ioengine" : "io_uring",
    "filesize" : "4G",
    "numjobs" : "4",
    "iodepth" : "32",
    "group_reporting" : "1",
    "runtime" : "60",
    "direct" : "1",
    "thread" : "1",
    "time_based" : "1",
    "filename" : "/dev/nvme3n1"
  },
  "jobs" : [
    {
      "jobname" : "seqwrite",
      "groupid" : 0,
      "error" : 0,
      "eta" : 0,
      "elapsed" : 61,
      "job options" : {
        "rw" : "write"
      },
      "read" : {
        "io_bytes" : 0,
        "io_kbytes" : 0,
        "bw_bytes" : 0,
        "bw" : 0,
        "iops" : 0.000000,
        "runtime" : 0,
        "total_ios" : 0,
        "short_ios" : 0,
        "drop_ios" : 0,
        "slat_ns" : {
          "min" : 0,
          "max" : 0,
          "mean" : 0.000000,
          "stddev" : 0.000000,
          "N" : 0
        },
        "clat_ns" : {
          "min" : 0,
          "max" : 0,
          "mean" : 0.000000,
          "stddev" : 0.000000,
          "N" : 0
        },
        "lat_ns" : {
          "min" : 0,
          "max" : 0,
          "mean" : 0.000000,
          "stddev" : 0.000000,
          "N" : 0
        },
        "bw_min" : 0,
        "bw_max" : 0,
        "bw_agg" : 0.000000,
        "bw_mean" : 0.000000,
        "bw_dev" : 0.000000,
        "bw_samples" : 0,
        "iops_min" : 0,
        "iops_max" : 0,
        "iops_mean" : 0.000000,
        "iops_stddev" : 0.000000,
        "iops_samples" : 0
      },
      "write" : {
        "io_bytes" : 21177696256,
        "io_kbytes" : 20681344,
        "bw_bytes" : 352667714,
        "bw" : 344402,
        "iops" : 2690.641132,
        "runtime" : 60050,
        "total_ios" : 161573,
        "short_ios" : 0,
        "drop_ios" : 0,
        "slat_ns" : {
          "min" : 4510,
          "max" : 22609,
          "mean" : 8382.244280,
          "stddev" : 1320.401538,
          "N" : 161573
        },
        "clat_ns" : {
          "min" : 201947,
          "max" : 158854457,
          "mean" : 47551817.306598,
          "stddev" : 23984667.085763,
          "N" : 161573,
          "percentile" : {
            "1.000000" : 13303808,
            "5.000000" : 17170432,
            "10.000000" : 19529728,
            "20.000000" : 24772608,
            "30.000000" : 29491200,
            "40.000000" : 35389440,
            "50.000000" : 42729472,
            "60.000000" : 51642368,
            "70.000000" : 61079552,
            "80.000000" : 70778880,
            "90.000000" : 82313216,
            "95.000000" : 89653248,
            "99.000000" : 105381888,
            "99.500000" : 111673344,
            "99.900000" : 127401984,
            "99.950000" : 131596288,
            "99.990000" : 143654912
          }
        },
        "lat_ns" : {
          "min" : 214947,
          "max" : 158862057,
          "mean" : 47560263.415416,
          "stddev" : 23984702.634523,
          "N" : 161573
        },
        "bw_min" : 183296,
        "bw_max" : 601600,
        "bw_agg" : 99.879483,
        "bw_mean" : 343987.253782,
        "bw_dev" : 29210.291046,
        "bw_samples" : 479,
        "iops_min" : 1432,
        "iops_max" : 4700,
        "iops_mean" : 2687.400420,
        "iops_stddev" : 228.205399,
        "iops_samples" : 479
      },
      "trim" : {
        "io_bytes" : 0,
        "io_kbytes" : 0,
        "bw_bytes" : 0,
        "bw" : 0,
        "iops" : 0.000000,
        "runtime" : 0,
        "total_ios" : 0,
        "short_ios" : 0,
        "drop_ios" : 0,
        "slat_ns" : {
          "min" : 0,
          "max" : 0,
          "mean" : 0.000000,
          "stddev" : 0.000000,
          "N" : 0
        },
        "clat_ns" : {
          "min" : 0,
          "max" : 0,
          "mean" : 0.000000,
          "stddev" : 0.000000,
          "N" : 0
        },
        "lat_ns" : {
          "min" : 0,
          "max" : 0,
          "mean" : 0.000000,
          "stddev" : 0.000000,
          "N" : 0
        },
        "bw_min" : 0,
        "bw_max" : 0,
        "bw_agg" : 0.000000,
        "bw_mean" : 0.000000,
        "bw_dev" : 0.000000,
        "bw_samples" : 0,
        "iops_min" : 0,
        "iops_max" : 0,
        "iops_mean" : 0.000000,
        "iops_stddev" : 0.000000,
        "iops_samples" : 0
      },
      "sync" : {
        "total_ios" : 0,
        "lat_ns" : {
          "min" : 0,
          "max" : 0,
          "mean" : 0.000000,
          "stddev" : 0.000000,
          "N" : 0
        }
      },
      "job_runtime" : 240143,
      "usr_cpu" : 0.182391,
      "sys_cpu" : 0.777453,
      "ctx" : 161570,
      "majf" : 0,
      "minf" : 0,
      "iodepth_level" : {
        "1" : 0.100000,
        "2" : 0.100000,
        "4" : 0.100000,
        "8" : 0.100000,
        "16" : 0.100000,
        "32" : 99.923255,
        ">=64" : 0.000000
      },
      "iodepth_submit" : {
        "0" : 0.000000,
        "4" : 100.000000,
        "8" : 0.000000,
        "16" : 0.000000,
        "32" : 0.000000,
        "64" : 0.000000,
        ">=64" : 0.000000
      },
      "iodepth_complete" : {
        "0" : 0.000000,
        "4" : 99.997522,
        "8" : 0.000000,
        "16" : 0.000000,
        "32" : 0.100000,
        "64" : 0.000000,
        ">=64" : 0.000000
      },
      "latency_ns" : {
        "2" : 0.000000,
        "4" : 0.000000,
        "10" : 0.000000,
        "20" : 0.000000,
        "50" : 0.000000,
        "100" : 0.000000,
        "250" : 0.000000,
        "500" : 0.000000,
        "750" : 0.000000,
        "1000" : 0.000000
      },
      "latency_us" : {
        "2" : 0.000000,
        "4" : 0.000000,
        "10" : 0.000000,
        "20" : 0.000000,
        "50" : 0.000000,
        "100" : 0.000000,
        "250" : 0.010000,
        "500" : 0.010000,
        "750" : 0.010000,
        "1000" : 0.000000
      },
      "latency_ms" : {
        "2" : 0.030946,
        "4" : 0.084172,
        "10" : 0.173915,
        "20" : 10.421296,
        "50" : 47.792639,
        "100" : 39.752310,
        "250" : 1.739771,
        "500" : 0.000000,
        "750" : 0.000000,
        "1000" : 0.000000,
        "2000" : 0.000000,
        ">=2000" : 0.000000
      },
      "latency_depth" : 32,
      "latency_target" : 0,
      "latency_percentile" : 100.000000,
      "latency_window" : 0
    }
  ],
  "disk_util" : [
    {
      "name" : "nvme3n1",
      "read_ios" : 92,
      "write_ios" : 161172,
      "read_merges" : 0,
      "write_merges" : 0,
      "read_ticks" : 1,
      "write_ticks" : 7661026,
      "in_queue" : 7661028,
      "util" : 99.859953
    }
  ]
}
