{
  "fio version" : "fio-3.28",
  "timestamp" : 1733754339,
  "timestamp_ms" : 1733754339738,
  "time" : "Mon Dec  9 23:25:39 2024",
  "global options" : {
    "bs" : "4k",
    "ioengine" : "io_uring",
    "filesize" : "4G",
    "numjobs" : "4",
    "iodepth" : "32",
    "group_reporting" : "1",
    "runtime" : "30",
    "direct" : "1",
    "thread" : "1",
    "time_based" : "1",
    "filename" : "/dev/nvme3n1"
  },
  "jobs" : [
    {
      "jobname" : "seqwrite",
      "groupid" : 0,
      "error" : 0,
      "eta" : 0,
      "elapsed" : 31,
      "job options" : {
        "rw" : "write"
      },
      "read" : {
        "io_bytes" : 0,
        "io_kbytes" : 0,
        "bw_bytes" : 0,
        "bw" : 0,
        "iops" : 0.000000,
        "runtime" : 0,
        "total_ios" : 0,
        "short_ios" : 0,
        "drop_ios" : 0,
        "slat_ns" : {
          "min" : 0,
          "max" : 0,
          "mean" : 0.000000,
          "stddev" : 0.000000,
          "N" : 0
        },
        "clat_ns" : {
          "min" : 0,
          "max" : 0,
          "mean" : 0.000000,
          "stddev" : 0.000000,
          "N" : 0
        },
        "lat_ns" : {
          "min" : 0,
          "max" : 0,
          "mean" : 0.000000,
          "stddev" : 0.000000,
          "N" : 0
        },
        "bw_min" : 0,
        "bw_max" : 0,
        "bw_agg" : 0.000000,
        "bw_mean" : 0.000000,
        "bw_dev" : 0.000000,
        "bw_samples" : 0,
        "iops_min" : 0,
        "iops_max" : 0,
        "iops_mean" : 0.000000,
        "iops_stddev" : 0.000000,
        "iops_samples" : 0
      },
      "write" : {
        "io_bytes" : 29298708480,
        "io_kbytes" : 28612020,
        "bw_bytes" : 976591062,
        "bw" : 953702,
        "iops" : 238425.552482,
        "runtime" : 30001,
        "total_ios" : 7153005,
        "short_ios" : 0,
        "drop_ios" : 0,
        "slat_ns" : {
          "min" : 1340,
          "max" : 29949,
          "mean" : 2712.109734,
          "stddev" : 836.706307,
          "N" : 7153005
        },
        "clat_ns" : {
          "min" : 17490,
          "max" : 1121543,
          "mean" : 533748.926313,
          "stddev" : 66752.410202,
          "N" : 7153005,
          "percentile" : {
            "1.000000" : 350208,
            "5.000000" : 374784,
            "10.000000" : 456704,
            "20.000000" : 505856,
            "30.000000" : 518144,
            "40.000000" : 528384,
            "50.000000" : 536576,
            "60.000000" : 544768,
            "70.000000" : 561152,
            "80.000000" : 585728,
            "90.000000" : 602112,
            "95.000000" : 634880,
            "99.000000" : 692224,
            "99.500000" : 716800,
            "99.900000" : 741376,
            "99.950000" : 749568,
            "99.990000" : 806912
          }
        },
        "lat_ns" : {
          "min" : 19990,
          "max" : 1123473,
          "mean" : 536547.901752,
          "stddev" : 66691.364441,
          "N" : 7153005
        },
        "bw_min" : 886256,
        "bw_max" : 1338720,
        "bw_agg" : 100.000000,
        "bw_mean" : 955103.322034,
        "bw_dev" : 24098.993791,
        "bw_samples" : 236,
        "iops_min" : 221564,
        "iops_max" : 334680,
        "iops_mean" : 238775.864407,
        "iops_stddev" : 6024.744364,
        "iops_samples" : 236
      },
      "trim" : {
        "io_bytes" : 0,
        "io_kbytes" : 0,
        "bw_bytes" : 0,
        "bw" : 0,
        "iops" : 0.000000,
        "runtime" : 0,
        "total_ios" : 0,
        "short_ios" : 0,
        "drop_ios" : 0,
        "slat_ns" : {
          "min" : 0,
          "max" : 0,
          "mean" : 0.000000,
          "stddev" : 0.000000,
          "N" : 0
        },
        "clat_ns" : {
          "min" : 0,
          "max" : 0,
          "mean" : 0.000000,
          "stddev" : 0.000000,
          "N" : 0
        },
        "lat_ns" : {
          "min" : 0,
          "max" : 0,
          "mean" : 0.000000,
          "stddev" : 0.000000,
          "N" : 0
        },
        "bw_min" : 0,
        "bw_max" : 0,
        "bw_agg" : 0.000000,
        "bw_mean" : 0.000000,
        "bw_dev" : 0.000000,
        "bw_samples" : 0,
        "iops_min" : 0,
        "iops_max" : 0,
        "iops_mean" : 0.000000,
        "iops_stddev" : 0.000000,
        "iops_samples" : 0
      },
      "sync" : {
        "total_ios" : 0,
        "lat_ns" : {
          "min" : 0,
          "max" : 0,
          "mean" : 0.000000,
          "stddev" : 0.000000,
          "N" : 0
        }
      },
      "job_runtime" : 120000,
      "usr_cpu" : 3.574167,
      "sys_cpu" : 19.171667,
      "ctx" : 1198281,
      "majf" : 0,
      "minf" : 0,
      "iodepth_level" : {
        "1" : 0.100000,
        "2" : 0.100000,
        "4" : 0.100000,
        "8" : 0.100000,
        "16" : 0.100000,
        "32" : 99.996533,
        ">=64" : 0.000000
      },
      "iodepth_submit" : {
        "0" : 0.000000,
        "4" : 100.000000,
        "8" : 0.000000,
        "16" : 0.000000,
        "32" : 0.000000,
        "64" : 0.000000,
        ">=64" : 0.000000
      },
      "iodepth_complete" : {
        "0" : 0.000000,
        "4" : 99.999888,
        "8" : 0.000000,
        "16" : 0.000000,
        "32" : 0.100000,
        "64" : 0.000000,
        ">=64" : 0.000000
      },
      "latency_ns" : {
        "2" : 0.000000,
        "4" : 0.000000,
        "10" : 0.000000,
        "20" : 0.000000,
        "50" : 0.000000,
        "100" : 0.000000,
        "250" : 0.000000,
        "500" : 0.000000,
        "750" : 0.000000,
        "1000" : 0.000000
      },
      "latency_us" : {
        "2" : 0.000000,
        "4" : 0.000000,
        "10" : 0.000000,
        "20" : 0.010000,
        "50" : 0.010000,
        "100" : 0.010000,
        "250" : 0.031819,
        "500" : 16.399485,
        "750" : 83.507351,
        "1000" : 0.056857
      },
      "latency_ms" : {
        "2" : 0.010000,
        "4" : 0.000000,
        "10" : 0.000000,
        "20" : 0.000000,
        "50" : 0.000000,
        "100" : 0.000000,
        "250" : 0.000000,
        "500" : 0.000000,
        "750" : 0.000000,
        "1000" : 0.000000,
        "2000" : 0.000000,
        ">=2000" : 0.000000
      },
      "latency_depth" : 32,
      "latency_target" : 0,
      "latency_percentile" : 100.000000,
      "latency_window" : 0
    }
  ],
  "disk_util" : [
    {
      "name" : "nvme3n1",
      "read_ios" : 205,
      "write_ios" : 7129385,
      "read_merges" : 0,
      "write_merges" : 0,
      "read_ticks" : 81,
      "write_ticks" : 3776622,
      "in_queue" : 3776703,
      "util" : 99.686541
    }
  ]
}
