{
  "fio version" : "fio-3.28",
  "timestamp" : 1736174905,
  "timestamp_ms" : 1736174905207,
  "time" : "Mon Jan  6 23:48:25 2025",
  "global options" : {
    "bs" : "128k",
    "ioengine" : "io_uring",
    "filesize" : "4G",
    "numjobs" : "4",
    "iodepth" : "32",
    "group_reporting" : "1",
    "runtime" : "60",
    "direct" : "1",
    "thread" : "1",
    "time_based" : "1",
    "filename" : "/dev/nvme3n1"
  },
  "jobs" : [
    {
      "jobname" : "seqwrite",
      "groupid" : 0,
      "error" : 0,
      "eta" : 0,
      "elapsed" : 61,
      "job options" : {
        "rw" : "write"
      },
      "read" : {
        "io_bytes" : 0,
        "io_kbytes" : 0,
        "bw_bytes" : 0,
        "bw" : 0,
        "iops" : 0.000000,
        "runtime" : 0,
        "total_ios" : 0,
        "short_ios" : 0,
        "drop_ios" : 0,
        "slat_ns" : {
          "min" : 0,
          "max" : 0,
          "mean" : 0.000000,
          "stddev" : 0.000000,
          "N" : 0
        },
        "clat_ns" : {
          "min" : 0,
          "max" : 0,
          "mean" : 0.000000,
          "stddev" : 0.000000,
          "N" : 0
        },
        "lat_ns" : {
          "min" : 0,
          "max" : 0,
          "mean" : 0.000000,
          "stddev" : 0.000000,
          "N" : 0
        },
        "bw_min" : 0,
        "bw_max" : 0,
        "bw_agg" : 0.000000,
        "bw_mean" : 0.000000,
        "bw_dev" : 0.000000,
        "bw_samples" : 0,
        "iops_min" : 0,
        "iops_max" : 0,
        "iops_mean" : 0.000000,
        "iops_stddev" : 0.000000,
        "iops_samples" : 0
      },
      "write" : {
        "io_bytes" : 140558860288,
        "io_kbytes" : 137264512,
        "bw_bytes" : 2342335360,
        "bw" : 2287436,
        "iops" : 17870.600587,
        "runtime" : 60008,
        "total_ios" : 1072379,
        "short_ios" : 0,
        "drop_ios" : 0,
        "slat_ns" : {
          "min" : 3700,
          "max" : 214610,
          "mean" : 5816.998559,
          "stddev" : 1922.825742,
          "N" : 1072379
        },
        "clat_ns" : {
          "min" : 75069,
          "max" : 38241004,
          "mean" : 7156249.927044,
          "stddev" : 3965844.828504,
          "N" : 1072379,
          "percentile" : {
            "1.000000" : 659456,
            "5.000000" : 2310144,
            "10.000000" : 2932736,
            "20.000000" : 3948544,
            "30.000000" : 4751360,
            "40.000000" : 5603328,
            "50.000000" : 6324224,
            "60.000000" : 7241728,
            "70.000000" : 8355840,
            "80.000000" : 9895936,
            "90.000000" : 12648448,
            "95.000000" : 15269888,
            "99.000000" : 19267584,
            "99.500000" : 20578304,
            "99.900000" : 24248320,
            "99.950000" : 26345472,
            "99.990000" : 32636928
          }
        },
        "lat_ns" : {
          "min" : 92399,
          "max" : 38245574,
          "mean" : 7162115.638020,
          "stddev" : 3965217.794911,
          "N" : 1072379
        },
        "bw_min" : 978944,
        "bw_max" : 4283904,
        "bw_agg" : 100.000000,
        "bw_mean" : 2288130.151261,
        "bw_dev" : 158921.614121,
        "bw_samples" : 476,
        "iops_min" : 7648,
        "iops_max" : 33468,
        "iops_mean" : 17876.016807,
        "iops_stddev" : 1241.575110,
        "iops_samples" : 476
      },
      "trim" : {
        "io_bytes" : 0,
        "io_kbytes" : 0,
        "bw_bytes" : 0,
        "bw" : 0,
        "iops" : 0.000000,
        "runtime" : 0,
        "total_ios" : 0,
        "short_ios" : 0,
        "drop_ios" : 0,
        "slat_ns" : {
          "min" : 0,
          "max" : 0,
          "mean" : 0.000000,
          "stddev" : 0.000000,
          "N" : 0
        },
        "clat_ns" : {
          "min" : 0,
          "max" : 0,
          "mean" : 0.000000,
          "stddev" : 0.000000,
          "N" : 0
        },
        "lat_ns" : {
          "min" : 0,
          "max" : 0,
          "mean" : 0.000000,
          "stddev" : 0.000000,
          "N" : 0
        },
        "bw_min" : 0,
        "bw_max" : 0,
        "bw_agg" : 0.000000,
        "bw_mean" : 0.000000,
        "bw_dev" : 0.000000,
        "bw_samples" : 0,
        "iops_min" : 0,
        "iops_max" : 0,
        "iops_mean" : 0.000000,
        "iops_stddev" : 0.000000,
        "iops_samples" : 0
      },
      "sync" : {
        "total_ios" : 0,
        "lat_ns" : {
          "min" : 0,
          "max" : 0,
          "mean" : 0.000000,
          "stddev" : 0.000000,
          "N" : 0
        }
      },
      "job_runtime" : 240024,
      "usr_cpu" : 1.257791,
      "sys_cpu" : 3.253425,
      "ctx" : 1072756,
      "majf" : 0,
      "minf" : 0,
      "iodepth_level" : {
        "1" : 0.100000,
        "2" : 0.100000,
        "4" : 0.100000,
        "8" : 0.100000,
        "16" : 0.100000,
        "32" : 99.988437,
        ">=64" : 0.000000
      },
      "iodepth_submit" : {
        "0" : 0.000000,
        "4" : 100.000000,
        "8" : 0.000000,
        "16" : 0.000000,
        "32" : 0.000000,
        "64" : 0.000000,
        ">=64" : 0.000000
      },
      "iodepth_complete" : {
        "0" : 0.000000,
        "4" : 99.999627,
        "8" : 0.000000,
        "16" : 0.000000,
        "32" : 0.100000,
        "64" : 0.000000,
        ">=64" : 0.000000
      },
      "latency_ns" : {
        "2" : 0.000000,
        "4" : 0.000000,
        "10" : 0.000000,
        "20" : 0.000000,
        "50" : 0.000000,
        "100" : 0.000000,
        "250" : 0.000000,
        "500" : 0.000000,
        "750" : 0.000000,
        "1000" : 0.000000
      },
      "latency_us" : {
        "2" : 0.000000,
        "4" : 0.000000,
        "10" : 0.000000,
        "20" : 0.000000,
        "50" : 0.000000,
        "100" : 0.010000,
        "250" : 0.273691,
        "500" : 0.449468,
        "750" : 0.493575,
        "1000" : 0.438278
      },
      "latency_ms" : {
        "2" : 1.808316,
        "4" : 16.890390,
        "10" : 60.087245,
        "20" : 18.875976,
        "50" : 0.674761,
        "100" : 0.000000,
        "250" : 0.000000,
        "500" : 0.000000,
        "750" : 0.000000,
        "1000" : 0.000000,
        "2000" : 0.000000,
        ">=2000" : 0.000000
      },
      "latency_depth" : 32,
      "latency_target" : 0,
      "latency_percentile" : 100.000000,
      "latency_window" : 0
    }
  ],
  "disk_util" : [
    {
      "name" : "nvme3n1",
      "read_ios" : 92,
      "write_ios" : 1070343,
      "read_merges" : 0,
      "write_merges" : 0,
      "read_ticks" : 0,
      "write_ticks" : 7656617,
      "in_queue" : 7656617,
      "util" : 99.858284
    }
  ]
}
