{
  "fio version" : "fio-3.36",
  "timestamp" : 1739806344,
  "timestamp_ms" : 1739806344726,
  "time" : "Tue Feb 18 00:32:24 2025",
  "global options" : {
    "bs" : "4k",
    "ioengine" : "io_uring",
    "size" : "2G",
    "numjobs" : "4",
    "iodepth" : "16",
    "group_reporting" : "1",
    "direct" : "1",
    "thread" : "1",
    "filename" : "/dev/nvme2n1"
  },
  "jobs" : [
    {
      "jobname" : "seqwrite",
      "groupid" : 0,
      "job_start" : 1739806340659,
      "error" : 0,
      "eta" : 0,
      "elapsed" : 5,
      "job options" : {
        "rw" : "write"
      },
      "read" : {
        "io_bytes" : 0,
        "io_kbytes" : 0,
        "bw_bytes" : 0,
        "bw" : 0,
        "iops" : 0.000000,
        "runtime" : 0,
        "total_ios" : 0,
        "short_ios" : 0,
        "drop_ios" : 0,
        "slat_ns" : {
          "min" : 0,
          "max" : 0,
          "mean" : 0.000000,
          "stddev" : 0.000000,
          "N" : 0
        },
        "clat_ns" : {
          "min" : 0,
          "max" : 0,
          "mean" : 0.000000,
          "stddev" : 0.000000,
          "N" : 0
        },
        "lat_ns" : {
          "min" : 0,
          "max" : 0,
          "mean" : 0.000000,
          "stddev" : 0.000000,
          "N" : 0
        },
        "bw_min" : 0,
        "bw_max" : 0,
        "bw_agg" : 0.000000,
        "bw_mean" : 0.000000,
        "bw_dev" : 0.000000,
        "bw_samples" : 0,
        "iops_min" : 0,
        "iops_max" : 0,
        "iops_mean" : 0.000000,
        "iops_stddev" : 0.000000,
        "iops_samples" : 0
      },
      "write" : {
        "io_bytes" : 8589934592,
        "io_kbytes" : 8388608,
        "bw_bytes" : 2117833972,
        "bw" : 2068197,
        "iops" : 517049.309665,
        "runtime" : 4056,
        "total_ios" : 2097152,
        "short_ios" : 0,
        "drop_ios" : 0,
        "slat_ns" : {
          "min" : 727,
          "max" : 1378645,
          "mean" : 2239.558297,
          "stddev" : 2152.236996,
          "N" : 2097152
        },
        "clat_ns" : {
          "min" : 13536,
          "max" : 2161426,
          "mean" : 121148.942657,
          "stddev" : 51535.578397,
          "N" : 2097152,
          "percentile" : {
            "1.000000" : 61184,
            "5.000000" : 67072,
            "10.000000" : 69120,
            "20.000000" : 72192,
            "30.000000" : 74240,
            "40.000000" : 77312,
            "50.000000" : 100864,
            "60.000000" : 156672,
            "70.000000" : 168960,
            "80.000000" : 175104,
            "90.000000" : 183296,
            "95.000000" : 187392,
            "99.000000" : 195584,
            "99.500000" : 199680,
            "99.900000" : 252928,
            "99.950000" : 276480,
            "99.990000" : 987136
          }
        },
        "lat_ns" : {
          "min" : 14664,
          "max" : 2163978,
          "mean" : 123388.500954,
          "stddev" : 51560.980846,
          "N" : 2097152
        },
        "bw_min" : 2013128,
        "bw_max" : 2148480,
        "bw_agg" : 100.000000,
        "bw_mean" : 2070488.000000,
        "bw_dev" : 11326.029346,
        "bw_samples" : 32,
        "iops_min" : 503282,
        "iops_max" : 537120,
        "iops_mean" : 517621.875000,
        "iops_stddev" : 2831.517421,
        "iops_samples" : 32
      },
      "trim" : {
        "io_bytes" : 0,
        "io_kbytes" : 0,
        "bw_bytes" : 0,
        "bw" : 0,
        "iops" : 0.000000,
        "runtime" : 0,
        "total_ios" : 0,
        "short_ios" : 0,
        "drop_ios" : 0,
        "slat_ns" : {
          "min" : 0,
          "max" : 0,
          "mean" : 0.000000,
          "stddev" : 0.000000,
          "N" : 0
        },
        "clat_ns" : {
          "min" : 0,
          "max" : 0,
          "mean" : 0.000000,
          "stddev" : 0.000000,
          "N" : 0
        },
        "lat_ns" : {
          "min" : 0,
          "max" : 0,
          "mean" : 0.000000,
          "stddev" : 0.000000,
          "N" : 0
        },
        "bw_min" : 0,
        "bw_max" : 0,
        "bw_agg" : 0.000000,
        "bw_mean" : 0.000000,
        "bw_dev" : 0.000000,
        "bw_samples" : 0,
        "iops_min" : 0,
        "iops_max" : 0,
        "iops_mean" : 0.000000,
        "iops_stddev" : 0.000000,
        "iops_samples" : 0
      },
      "sync" : {
        "total_ios" : 0,
        "lat_ns" : {
          "min" : 0,
          "max" : 0,
          "mean" : 0.000000,
          "stddev" : 0.000000,
          "N" : 0
        }
      },
      "job_runtime" : 16201,
      "usr_cpu" : 7.937782,
      "sys_cpu" : 34.380594,
      "ctx" : 841118,
      "majf" : 0,
      "minf" : 0,
      "iodepth_level" : {
        "1" : 0.100000,
        "2" : 0.100000,
        "4" : 0.100000,
        "8" : 0.100000,
        "16" : 99.997139,
        "32" : 0.000000,
        ">=64" : 0.000000
      },
      "iodepth_submit" : {
        "0" : 0.000000,
        "4" : 100.000000,
        "8" : 0.000000,
        "16" : 0.000000,
        "32" : 0.000000,
        "64" : 0.000000,
        ">=64" : 0.000000
      },
      "iodepth_complete" : {
        "0" : 0.000000,
        "4" : 99.999809,
        "8" : 0.000000,
        "16" : 0.100000,
        "32" : 0.000000,
        "64" : 0.000000,
        ">=64" : 0.000000
      },
      "latency_ns" : {
        "2" : 0.000000,
        "4" : 0.000000,
        "10" : 0.000000,
        "20" : 0.000000,
        "50" : 0.000000,
        "100" : 0.000000,
        "250" : 0.000000,
        "500" : 0.000000,
        "750" : 0.000000,
        "1000" : 0.000000
      },
      "latency_us" : {
        "2" : 0.000000,
        "4" : 0.000000,
        "10" : 0.000000,
        "20" : 0.010000,
        "50" : 0.205755,
        "100" : 49.663544,
        "250" : 50.017309,
        "500" : 0.089931,
        "750" : 0.010000,
        "1000" : 0.010000
      },
      "latency_ms" : {
        "2" : 0.010000,
        "4" : 0.010000,
        "10" : 0.000000,
        "20" : 0.000000,
        "50" : 0.000000,
        "100" : 0.000000,
        "250" : 0.000000,
        "500" : 0.000000,
        "750" : 0.000000,
        "1000" : 0.000000,
        "2000" : 0.000000,
        ">=2000" : 0.000000
      },
      "latency_depth" : 16,
      "latency_target" : 0,
      "latency_percentile" : 100.000000,
      "latency_window" : 0
    }
  ],
  "disk_util" : [
    {
      "name" : "nvme2n1",
      "read_ios" : 0,
      "write_ios" : 2014865,
      "read_sectors" : 0,
      "write_sectors" : 16120304,
      "read_merges" : 0,
      "write_merges" : 172,
      "read_ticks" : 0,
      "write_ticks" : 240529,
      "in_queue" : 240529,
      "util" : 100.000000
    }
  ]
}
