{
  "fio version" : "fio-3.28",
  "timestamp" : 1736174410,
  "timestamp_ms" : 1736174410844,
  "time" : "Mon Jan  6 23:40:10 2025",
  "global options" : {
    "bs" : "32k",
    "ioengine" : "io_uring",
    "filesize" : "4G",
    "numjobs" : "4",
    "iodepth" : "32",
    "group_reporting" : "1",
    "runtime" : "60",
    "direct" : "1",
    "thread" : "1",
    "time_based" : "1",
    "filename" : "/dev/nvme3n1"
  },
  "jobs" : [
    {
      "jobname" : "seqwrite",
      "groupid" : 0,
      "error" : 0,
      "eta" : 0,
      "elapsed" : 61,
      "job options" : {
        "rw" : "write"
      },
      "read" : {
        "io_bytes" : 0,
        "io_kbytes" : 0,
        "bw_bytes" : 0,
        "bw" : 0,
        "iops" : 0.000000,
        "runtime" : 0,
        "total_ios" : 0,
        "short_ios" : 0,
        "drop_ios" : 0,
        "slat_ns" : {
          "min" : 0,
          "max" : 0,
          "mean" : 0.000000,
          "stddev" : 0.000000,
          "N" : 0
        },
        "clat_ns" : {
          "min" : 0,
          "max" : 0,
          "mean" : 0.000000,
          "stddev" : 0.000000,
          "N" : 0
        },
        "lat_ns" : {
          "min" : 0,
          "max" : 0,
          "mean" : 0.000000,
          "stddev" : 0.000000,
          "N" : 0
        },
        "bw_min" : 0,
        "bw_max" : 0,
        "bw_agg" : 0.000000,
        "bw_mean" : 0.000000,
        "bw_dev" : 0.000000,
        "bw_samples" : 0,
        "iops_min" : 0,
        "iops_max" : 0,
        "iops_mean" : 0.000000,
        "iops_stddev" : 0.000000,
        "iops_samples" : 0
      },
      "write" : {
        "io_bytes" : 140539002880,
        "io_kbytes" : 137245120,
        "bw_bytes" : 2342238640,
        "bw" : 2287342,
        "iops" : 71479.450685,
        "runtime" : 60002,
        "total_ios" : 4288910,
        "short_ios" : 0,
        "drop_ios" : 0,
        "slat_ns" : {
          "min" : 1910,
          "max" : 236404,
          "mean" : 2946.615522,
          "stddev" : 1017.462236,
          "N" : 4288910
        },
        "clat_ns" : {
          "min" : 14830,
          "max" : 6883635,
          "mean" : 1787468.528716,
          "stddev" : 470914.743781,
          "N" : 4288910,
          "percentile" : {
            "1.000000" : 222208,
            "5.000000" : 847872,
            "10.000000" : 1335296,
            "20.000000" : 1728512,
            "30.000000" : 1761280,
            "40.000000" : 1777664,
            "50.000000" : 1794048,
            "60.000000" : 1794048,
            "70.000000" : 1826816,
            "80.000000" : 2007040,
            "90.000000" : 2244608,
            "95.000000" : 2506752,
            "99.000000" : 3129344,
            "99.500000" : 3391488,
            "99.900000" : 4046848,
            "99.950000" : 4423680,
            "99.990000" : 5144576
          }
        },
        "lat_ns" : {
          "min" : 23030,
          "max" : 6886555,
          "mean" : 1790463.856178,
          "stddev" : 470811.667853,
          "N" : 4288910
        },
        "bw_min" : 2090496,
        "bw_max" : 2551168,
        "bw_agg" : 100.000000,
        "bw_mean" : 2288093.949580,
        "bw_dev" : 18317.635913,
        "bw_samples" : 476,
        "iops_min" : 65328,
        "iops_max" : 79724,
        "iops_mean" : 71502.932773,
        "iops_stddev" : 572.425142,
        "iops_samples" : 476
      },
      "trim" : {
        "io_bytes" : 0,
        "io_kbytes" : 0,
        "bw_bytes" : 0,
        "bw" : 0,
        "iops" : 0.000000,
        "runtime" : 0,
        "total_ios" : 0,
        "short_ios" : 0,
        "drop_ios" : 0,
        "slat_ns" : {
          "min" : 0,
          "max" : 0,
          "mean" : 0.000000,
          "stddev" : 0.000000,
          "N" : 0
        },
        "clat_ns" : {
          "min" : 0,
          "max" : 0,
          "mean" : 0.000000,
          "stddev" : 0.000000,
          "N" : 0
        },
        "lat_ns" : {
          "min" : 0,
          "max" : 0,
          "mean" : 0.000000,
          "stddev" : 0.000000,
          "N" : 0
        },
        "bw_min" : 0,
        "bw_max" : 0,
        "bw_agg" : 0.000000,
        "bw_mean" : 0.000000,
        "bw_dev" : 0.000000,
        "bw_samples" : 0,
        "iops_min" : 0,
        "iops_max" : 0,
        "iops_mean" : 0.000000,
        "iops_stddev" : 0.000000,
        "iops_samples" : 0
      },
      "sync" : {
        "total_ios" : 0,
        "lat_ns" : {
          "min" : 0,
          "max" : 0,
          "mean" : 0.000000,
          "stddev" : 0.000000,
          "N" : 0
        }
      },
      "job_runtime" : 240004,
      "usr_cpu" : 2.528291,
      "sys_cpu" : 8.488192,
      "ctx" : 4094737,
      "majf" : 0,
      "minf" : 0,
      "iodepth_level" : {
        "1" : 0.100000,
        "2" : 0.100000,
        "4" : 0.100000,
        "8" : 0.100000,
        "16" : 0.100000,
        "32" : 99.997109,
        ">=64" : 0.000000
      },
      "iodepth_submit" : {
        "0" : 0.000000,
        "4" : 100.000000,
        "8" : 0.000000,
        "16" : 0.000000,
        "32" : 0.000000,
        "64" : 0.000000,
        ">=64" : 0.000000
      },
      "iodepth_complete" : {
        "0" : 0.000000,
        "4" : 99.999907,
        "8" : 0.000000,
        "16" : 0.000000,
        "32" : 0.100000,
        "64" : 0.000000,
        ">=64" : 0.000000
      },
      "latency_ns" : {
        "2" : 0.000000,
        "4" : 0.000000,
        "10" : 0.000000,
        "20" : 0.000000,
        "50" : 0.000000,
        "100" : 0.000000,
        "250" : 0.000000,
        "500" : 0.000000,
        "750" : 0.000000,
        "1000" : 0.000000
      },
      "latency_us" : {
        "2" : 0.000000,
        "4" : 0.000000,
        "10" : 0.000000,
        "20" : 0.010000,
        "50" : 0.119774,
        "100" : 0.148989,
        "250" : 0.947140,
        "500" : 1.636337,
        "750" : 1.580541,
        "1000" : 1.781688
      },
      "latency_ms" : {
        "2" : 73.749671,
        "4" : 19.913544,
        "10" : 0.122222,
        "20" : 0.000000,
        "50" : 0.000000,
        "100" : 0.000000,
        "250" : 0.000000,
        "500" : 0.000000,
        "750" : 0.000000,
        "1000" : 0.000000,
        "2000" : 0.000000,
        ">=2000" : 0.000000
      },
      "latency_depth" : 32,
      "latency_target" : 0,
      "latency_percentile" : 100.000000,
      "latency_window" : 0
    }
  ],
  "disk_util" : [
    {
      "name" : "nvme3n1",
      "read_ios" : 92,
      "write_ios" : 4281246,
      "read_merges" : 0,
      "write_merges" : 0,
      "read_ticks" : 1,
      "write_ticks" : 7643592,
      "in_queue" : 7643593,
      "util" : 99.861614
    }
  ]
}
