{
  "fio version" : "fio-3.28",
  "timestamp" : 1740407531,
  "timestamp_ms" : 1740407531510,
  "time" : "Mon Feb 24 23:32:11 2025",
  "global options" : {
    "bs" : "128k",
    "ioengine" : "io_uring",
    "size" : "12G",
    "numjobs" : "4",
    "iodepth" : "16",
    "group_reporting" : "1",
    "direct" : "1",
    "thread" : "1",
    "filename" : "/dev/nvme3n1"
  },
  "jobs" : [
    {
      "jobname" : "seqwrite",
      "groupid" : 0,
      "error" : 0,
      "eta" : 0,
      "elapsed" : 23,
      "job options" : {
        "rw" : "write"
      },
      "read" : {
        "io_bytes" : 0,
        "io_kbytes" : 0,
        "bw_bytes" : 0,
        "bw" : 0,
        "iops" : 0.000000,
        "runtime" : 0,
        "total_ios" : 0,
        "short_ios" : 0,
        "drop_ios" : 0,
        "slat_ns" : {
          "min" : 0,
          "max" : 0,
          "mean" : 0.000000,
          "stddev" : 0.000000,
          "N" : 0
        },
        "clat_ns" : {
          "min" : 0,
          "max" : 0,
          "mean" : 0.000000,
          "stddev" : 0.000000,
          "N" : 0
        },
        "lat_ns" : {
          "min" : 0,
          "max" : 0,
          "mean" : 0.000000,
          "stddev" : 0.000000,
          "N" : 0
        },
        "bw_min" : 0,
        "bw_max" : 0,
        "bw_agg" : 0.000000,
        "bw_mean" : 0.000000,
        "bw_dev" : 0.000000,
        "bw_samples" : 0,
        "iops_min" : 0,
        "iops_max" : 0,
        "iops_mean" : 0.000000,
        "iops_stddev" : 0.000000,
        "iops_samples" : 0
      },
      "write" : {
        "io_bytes" : 51539607552,
        "io_kbytes" : 50331648,
        "bw_bytes" : 2341432289,
        "bw" : 2286554,
        "iops" : 17863.710703,
        "runtime" : 22012,
        "total_ios" : 393216,
        "short_ios" : 0,
        "drop_ios" : 0,
        "slat_ns" : {
          "min" : 4720,
          "max" : 45660,
          "mean" : 7841.231997,
          "stddev" : 1016.711920,
          "N" : 393216
        },
        "clat_ns" : {
          "min" : 72511,
          "max" : 13800368,
          "mean" : 3531172.202466,
          "stddev" : 1426998.128809,
          "N" : 393216,
          "percentile" : {
            "1.000000" : 888832,
            "5.000000" : 1581056,
            "10.000000" : 1875968,
            "20.000000" : 2277376,
            "30.000000" : 2637824,
            "40.000000" : 2899968,
            "50.000000" : 3293184,
            "60.000000" : 3653632,
            "70.000000" : 4227072,
            "80.000000" : 4882432,
            "90.000000" : 5537792,
            "95.000000" : 6062080,
            "99.000000" : 7045120,
            "99.500000" : 7503872,
            "99.900000" : 8716288,
            "99.950000" : 9371648,
            "99.990000" : 10813440
          }
        },
        "lat_ns" : {
          "min" : 85891,
          "max" : 13807938,
          "mean" : 3539078.929998,
          "stddev" : 1426971.872328,
          "N" : 393216
        },
        "bw_min" : 1515264,
        "bw_max" : 3689984,
        "bw_agg" : 100.000000,
        "bw_mean" : 2307738.474982,
        "bw_dev" : 125378.249987,
        "bw_samples" : 172,
        "iops_min" : 11838,
        "iops_max" : 28828,
        "iops_mean" : 18029.206836,
        "iops_stddev" : 979.517578,
        "iops_samples" : 172
      },
      "trim" : {
        "io_bytes" : 0,
        "io_kbytes" : 0,
        "bw_bytes" : 0,
        "bw" : 0,
        "iops" : 0.000000,
        "runtime" : 0,
        "total_ios" : 0,
        "short_ios" : 0,
        "drop_ios" : 0,
        "slat_ns" : {
          "min" : 0,
          "max" : 0,
          "mean" : 0.000000,
          "stddev" : 0.000000,
          "N" : 0
        },
        "clat_ns" : {
          "min" : 0,
          "max" : 0,
          "mean" : 0.000000,
          "stddev" : 0.000000,
          "N" : 0
        },
        "lat_ns" : {
          "min" : 0,
          "max" : 0,
          "mean" : 0.000000,
          "stddev" : 0.000000,
          "N" : 0
        },
        "bw_min" : 0,
        "bw_max" : 0,
        "bw_agg" : 0.000000,
        "bw_mean" : 0.000000,
        "bw_dev" : 0.000000,
        "bw_samples" : 0,
        "iops_min" : 0,
        "iops_max" : 0,
        "iops_mean" : 0.000000,
        "iops_stddev" : 0.000000,
        "iops_samples" : 0
      },
      "sync" : {
        "total_ios" : 0,
        "lat_ns" : {
          "min" : 0,
          "max" : 0,
          "mean" : 0.000000,
          "stddev" : 0.000000,
          "N" : 0
        }
      },
      "job_runtime" : 86983,
      "usr_cpu" : 1.437062,
      "sys_cpu" : 4.221515,
      "ctx" : 392056,
      "majf" : 0,
      "minf" : 0,
      "iodepth_level" : {
        "1" : 0.100000,
        "2" : 0.100000,
        "4" : 0.100000,
        "8" : 0.100000,
        "16" : 99.984741,
        "32" : 0.000000,
        ">=64" : 0.000000
      },
      "iodepth_submit" : {
        "0" : 0.000000,
        "4" : 100.000000,
        "8" : 0.000000,
        "16" : 0.000000,
        "32" : 0.000000,
        "64" : 0.000000,
        ">=64" : 0.000000
      },
      "iodepth_complete" : {
        "0" : 0.000000,
        "4" : 99.998983,
        "8" : 0.000000,
        "16" : 0.100000,
        "32" : 0.000000,
        "64" : 0.000000,
        ">=64" : 0.000000
      },
      "latency_ns" : {
        "2" : 0.000000,
        "4" : 0.000000,
        "10" : 0.000000,
        "20" : 0.000000,
        "50" : 0.000000,
        "100" : 0.000000,
        "250" : 0.000000,
        "500" : 0.000000,
        "750" : 0.000000,
        "1000" : 0.000000
      },
      "latency_us" : {
        "2" : 0.000000,
        "4" : 0.000000,
        "10" : 0.000000,
        "20" : 0.000000,
        "50" : 0.000000,
        "100" : 0.010000,
        "250" : 0.123596,
        "500" : 0.256093,
        "750" : 0.254822,
        "1000" : 0.890350
      },
      "latency_ms" : {
        "2" : 10.460917,
        "4" : 54.149628,
        "10" : 33.840688,
        "20" : 0.022380,
        "50" : 0.000000,
        "100" : 0.000000,
        "250" : 0.000000,
        "500" : 0.000000,
        "750" : 0.000000,
        "1000" : 0.000000,
        "2000" : 0.000000,
        ">=2000" : 0.000000
      },
      "latency_depth" : 16,
      "latency_target" : 0,
      "latency_percentile" : 100.000000,
      "latency_window" : 0
    }
  ],
  "disk_util" : [
    {
      "name" : "nvme3n1",
      "read_ios" : 261,
      "write_ios" : 391127,
      "read_merges" : 0,
      "write_merges" : 0,
      "read_ticks" : 53,
      "write_ticks" : 1385696,
      "in_queue" : 1385749,
      "util" : 99.558910
    }
  ]
}
