{
  "fio version" : "fio-3.28",
  "timestamp" : 1736014994,
  "timestamp_ms" : 1736014994557,
  "time" : "Sun Jan  5 03:23:14 2025",
  "global options" : {
    "bs" : "16k",
    "ioengine" : "io_uring",
    "filesize" : "4G",
    "numjobs" : "4",
    "iodepth" : "32",
    "group_reporting" : "1",
    "runtime" : "60",
    "direct" : "1",
    "thread" : "1",
    "time_based" : "1",
    "filename" : "/dev/nvme3n1"
  },
  "jobs" : [
    {
      "jobname" : "randwrite",
      "groupid" : 0,
      "error" : 0,
      "eta" : 0,
      "elapsed" : 61,
      "job options" : {
        "rw" : "randwrite"
      },
      "read" : {
        "io_bytes" : 0,
        "io_kbytes" : 0,
        "bw_bytes" : 0,
        "bw" : 0,
        "iops" : 0.000000,
        "runtime" : 0,
        "total_ios" : 0,
        "short_ios" : 0,
        "drop_ios" : 0,
        "slat_ns" : {
          "min" : 0,
          "max" : 0,
          "mean" : 0.000000,
          "stddev" : 0.000000,
          "N" : 0
        },
        "clat_ns" : {
          "min" : 0,
          "max" : 0,
          "mean" : 0.000000,
          "stddev" : 0.000000,
          "N" : 0
        },
        "lat_ns" : {
          "min" : 0,
          "max" : 0,
          "mean" : 0.000000,
          "stddev" : 0.000000,
          "N" : 0
        },
        "bw_min" : 0,
        "bw_max" : 0,
        "bw_agg" : 0.000000,
        "bw_mean" : 0.000000,
        "bw_dev" : 0.000000,
        "bw_samples" : 0,
        "iops_min" : 0,
        "iops_max" : 0,
        "iops_mean" : 0.000000,
        "iops_stddev" : 0.000000,
        "iops_samples" : 0
      },
      "write" : {
        "io_bytes" : 77102301184,
        "io_kbytes" : 75295216,
        "bw_bytes" : 1284974104,
        "bw" : 1254857,
        "iops" : 78428.595237,
        "runtime" : 60003,
        "total_ios" : 4705951,
        "short_ios" : 0,
        "drop_ios" : 0,
        "slat_ns" : {
          "min" : 1690,
          "max" : 143336,
          "mean" : 3097.636174,
          "stddev" : 1054.136771,
          "N" : 4705951
        },
        "clat_ns" : {
          "min" : 9239,
          "max" : 8570771,
          "mean" : 1628461.328788,
          "stddev" : 794586.086358,
          "N" : 4705951,
          "percentile" : {
            "1.000000" : 370688,
            "5.000000" : 602112,
            "10.000000" : 741376,
            "20.000000" : 987136,
            "30.000000" : 1138688,
            "40.000000" : 1335296,
            "50.000000" : 1499136,
            "60.000000" : 1695744,
            "70.000000" : 1908736,
            "80.000000" : 2211840,
            "90.000000" : 2670592,
            "95.000000" : 3129344,
            "99.000000" : 4079616,
            "99.500000" : 4423680,
            "99.900000" : 5275648,
            "99.950000" : 5668864,
            "99.990000" : 6389760
          }
        },
        "lat_ns" : {
          "min" : 15809,
          "max" : 8572771,
          "mean" : 1631624.522177,
          "stddev" : 794466.008587,
          "N" : 4705951
        },
        "bw_min" : 1024800,
        "bw_max" : 1739360,
        "bw_agg" : 100.000000,
        "bw_mean" : 1255316.168067,
        "bw_dev" : 38271.262959,
        "bw_samples" : 476,
        "iops_min" : 64050,
        "iops_max" : 108710,
        "iops_mean" : 78457.260504,
        "iops_stddev" : 2391.953935,
        "iops_samples" : 476
      },
      "trim" : {
        "io_bytes" : 0,
        "io_kbytes" : 0,
        "bw_bytes" : 0,
        "bw" : 0,
        "iops" : 0.000000,
        "runtime" : 0,
        "total_ios" : 0,
        "short_ios" : 0,
        "drop_ios" : 0,
        "slat_ns" : {
          "min" : 0,
          "max" : 0,
          "mean" : 0.000000,
          "stddev" : 0.000000,
          "N" : 0
        },
        "clat_ns" : {
          "min" : 0,
          "max" : 0,
          "mean" : 0.000000,
          "stddev" : 0.000000,
          "N" : 0
        },
        "lat_ns" : {
          "min" : 0,
          "max" : 0,
          "mean" : 0.000000,
          "stddev" : 0.000000,
          "N" : 0
        },
        "bw_min" : 0,
        "bw_max" : 0,
        "bw_agg" : 0.000000,
        "bw_mean" : 0.000000,
        "bw_dev" : 0.000000,
        "bw_samples" : 0,
        "iops_min" : 0,
        "iops_max" : 0,
        "iops_mean" : 0.000000,
        "iops_stddev" : 0.000000,
        "iops_samples" : 0
      },
      "sync" : {
        "total_ios" : 0,
        "lat_ns" : {
          "min" : 0,
          "max" : 0,
          "mean" : 0.000000,
          "stddev" : 0.000000,
          "N" : 0
        }
      },
      "job_runtime" : 240004,
      "usr_cpu" : 2.049549,
      "sys_cpu" : 7.199880,
      "ctx" : 1321723,
      "majf" : 0,
      "minf" : 0,
      "iodepth_level" : {
        "1" : 0.100000,
        "2" : 0.100000,
        "4" : 0.100000,
        "8" : 0.100000,
        "16" : 0.100000,
        "32" : 99.997365,
        ">=64" : 0.000000
      },
      "iodepth_submit" : {
        "0" : 0.000000,
        "4" : 100.000000,
        "8" : 0.000000,
        "16" : 0.000000,
        "32" : 0.000000,
        "64" : 0.000000,
        ">=64" : 0.000000
      },
      "iodepth_complete" : {
        "0" : 0.000000,
        "4" : 99.999915,
        "8" : 0.000000,
        "16" : 0.000000,
        "32" : 0.100000,
        "64" : 0.000000,
        ">=64" : 0.000000
      },
      "latency_ns" : {
        "2" : 0.000000,
        "4" : 0.000000,
        "10" : 0.000000,
        "20" : 0.000000,
        "50" : 0.000000,
        "100" : 0.000000,
        "250" : 0.000000,
        "500" : 0.000000,
        "750" : 0.000000,
        "1000" : 0.000000
      },
      "latency_us" : {
        "2" : 0.000000,
        "4" : 0.000000,
        "10" : 0.010000,
        "20" : 0.015066,
        "50" : 0.034637,
        "100" : 0.046091,
        "250" : 0.184405,
        "500" : 3.751952,
        "750" : 6.355867,
        "1000" : 10.127921
      },
      "latency_ms" : {
        "2" : 52.906671,
        "4" : 25.441553,
        "10" : 1.135796,
        "20" : 0.000000,
        "50" : 0.000000,
        "100" : 0.000000,
        "250" : 0.000000,
        "500" : 0.000000,
        "750" : 0.000000,
        "1000" : 0.000000,
        "2000" : 0.000000,
        ">=2000" : 0.000000
      },
      "latency_depth" : 32,
      "latency_target" : 0,
      "latency_percentile" : 100.000000,
      "latency_window" : 0
    }
  ],
  "disk_util" : [
    {
      "name" : "nvme3n1",
      "read_ios" : 92,
      "write_ios" : 4697700,
      "read_merges" : 0,
      "write_merges" : 0,
      "read_ticks" : 1,
      "write_ticks" : 7619995,
      "in_queue" : 7619996,
      "util" : 99.858288
    }
  ]
}
