{
  "fio version" : "fio-3.28",
  "timestamp" : 1736017604,
  "timestamp_ms" : 1736017604172,
  "time" : "Sun Jan  5 04:06:44 2025",
  "global options" : {
    "bs" : "128k",
    "ioengine" : "io_uring",
    "filesize" : "4G",
    "numjobs" : "4",
    "iodepth" : "32",
    "group_reporting" : "1",
    "runtime" : "60",
    "direct" : "1",
    "thread" : "1",
    "time_based" : "1",
    "filename" : "/dev/nvme3n1"
  },
  "jobs" : [
    {
      "jobname" : "randread",
      "groupid" : 0,
      "error" : 0,
      "eta" : 0,
      "elapsed" : 61,
      "job options" : {
        "rw" : "randread"
      },
      "read" : {
        "io_bytes" : 211217940480,
        "io_kbytes" : 206267520,
        "bw_bytes" : 3520005674,
        "bw" : 3437505,
        "iops" : 26855.512041,
        "runtime" : 60005,
        "total_ios" : 1611465,
        "short_ios" : 0,
        "drop_ios" : 0,
        "slat_ns" : {
          "min" : 3900,
          "max" : 70349,
          "mean" : 5082.607536,
          "stddev" : 982.068663,
          "N" : 1611465
        },
        "clat_ns" : {
          "min" : 1482378,
          "max" : 9446117,
          "mean" : 4760656.239254,
          "stddev" : 30800.491488,
          "N" : 1611465,
          "percentile" : {
            "1.000000" : 4751360,
            "5.000000" : 4751360,
            "10.000000" : 4751360,
            "20.000000" : 4751360,
            "30.000000" : 4751360,
            "40.000000" : 4751360,
            "50.000000" : 4751360,
            "60.000000" : 4751360,
            "70.000000" : 4751360,
            "80.000000" : 4751360,
            "90.000000" : 4751360,
            "95.000000" : 4751360,
            "99.000000" : 4751360,
            "99.500000" : 4751360,
            "99.900000" : 4751360,
            "99.950000" : 4751360,
            "99.990000" : 4751360
          }
        },
        "lat_ns" : {
          "min" : 1553017,
          "max" : 9452987,
          "mean" : 4765788.721409,
          "stddev" : 30476.762666,
          "N" : 1611465
        },
        "bw_min" : 3431168,
        "bw_max" : 3440640,
        "bw_agg" : 100.000000,
        "bw_mean" : 3438398.386555,
        "bw_dev" : 644.107052,
        "bw_samples" : 476,
        "iops_min" : 26806,
        "iops_max" : 26880,
        "iops_mean" : 26862.487395,
        "iops_stddev" : 5.032086,
        "iops_samples" : 476
      },
      "write" : {
        "io_bytes" : 0,
        "io_kbytes" : 0,
        "bw_bytes" : 0,
        "bw" : 0,
        "iops" : 0.000000,
        "runtime" : 0,
        "total_ios" : 0,
        "short_ios" : 0,
        "drop_ios" : 0,
        "slat_ns" : {
          "min" : 0,
          "max" : 0,
          "mean" : 0.000000,
          "stddev" : 0.000000,
          "N" : 0
        },
        "clat_ns" : {
          "min" : 0,
          "max" : 0,
          "mean" : 0.000000,
          "stddev" : 0.000000,
          "N" : 0
        },
        "lat_ns" : {
          "min" : 0,
          "max" : 0,
          "mean" : 0.000000,
          "stddev" : 0.000000,
          "N" : 0
        },
        "bw_min" : 0,
        "bw_max" : 0,
        "bw_agg" : 0.000000,
        "bw_mean" : 0.000000,
        "bw_dev" : 0.000000,
        "bw_samples" : 0,
        "iops_min" : 0,
        "iops_max" : 0,
        "iops_mean" : 0.000000,
        "iops_stddev" : 0.000000,
        "iops_samples" : 0
      },
      "trim" : {
        "io_bytes" : 0,
        "io_kbytes" : 0,
        "bw_bytes" : 0,
        "bw" : 0,
        "iops" : 0.000000,
        "runtime" : 0,
        "total_ios" : 0,
        "short_ios" : 0,
        "drop_ios" : 0,
        "slat_ns" : {
          "min" : 0,
          "max" : 0,
          "mean" : 0.000000,
          "stddev" : 0.000000,
          "N" : 0
        },
        "clat_ns" : {
          "min" : 0,
          "max" : 0,
          "mean" : 0.000000,
          "stddev" : 0.000000,
          "N" : 0
        },
        "lat_ns" : {
          "min" : 0,
          "max" : 0,
          "mean" : 0.000000,
          "stddev" : 0.000000,
          "N" : 0
        },
        "bw_min" : 0,
        "bw_max" : 0,
        "bw_agg" : 0.000000,
        "bw_mean" : 0.000000,
        "bw_dev" : 0.000000,
        "bw_samples" : 0,
        "iops_min" : 0,
        "iops_max" : 0,
        "iops_mean" : 0.000000,
        "iops_stddev" : 0.000000,
        "iops_samples" : 0
      },
      "sync" : {
        "total_ios" : 0,
        "lat_ns" : {
          "min" : 0,
          "max" : 0,
          "mean" : 0.000000,
          "stddev" : 0.000000,
          "N" : 0
        }
      },
      "job_runtime" : 240014,
      "usr_cpu" : 0.655795,
      "sys_cpu" : 5.691335,
      "ctx" : 1611614,
      "majf" : 0,
      "minf" : 4096,
      "iodepth_level" : {
        "1" : 0.100000,
        "2" : 0.100000,
        "4" : 0.100000,
        "8" : 0.100000,
        "16" : 0.100000,
        "32" : 99.992305,
        ">=64" : 0.000000
      },
      "iodepth_submit" : {
        "0" : 0.000000,
        "4" : 100.000000,
        "8" : 0.000000,
        "16" : 0.000000,
        "32" : 0.000000,
        "64" : 0.000000,
        ">=64" : 0.000000
      },
      "iodepth_complete" : {
        "0" : 0.000000,
        "4" : 99.999752,
        "8" : 0.000000,
        "16" : 0.000000,
        "32" : 0.100000,
        "64" : 0.000000,
        ">=64" : 0.000000
      },
      "latency_ns" : {
        "2" : 0.000000,
        "4" : 0.000000,
        "10" : 0.000000,
        "20" : 0.000000,
        "50" : 0.000000,
        "100" : 0.000000,
        "250" : 0.000000,
        "500" : 0.000000,
        "750" : 0.000000,
        "1000" : 0.000000
      },
      "latency_us" : {
        "2" : 0.000000,
        "4" : 0.000000,
        "10" : 0.000000,
        "20" : 0.000000,
        "50" : 0.000000,
        "100" : 0.000000,
        "250" : 0.000000,
        "500" : 0.000000,
        "750" : 0.000000,
        "1000" : 0.000000
      },
      "latency_ms" : {
        "2" : 0.010000,
        "4" : 0.010000,
        "10" : 99.989140,
        "20" : 0.000000,
        "50" : 0.000000,
        "100" : 0.000000,
        "250" : 0.000000,
        "500" : 0.000000,
        "750" : 0.000000,
        "1000" : 0.000000,
        "2000" : 0.000000,
        ">=2000" : 0.000000
      },
      "latency_depth" : 32,
      "latency_target" : 0,
      "latency_percentile" : 100.000000,
      "latency_window" : 0
    }
  ],
  "disk_util" : [
    {
      "name" : "nvme3n1",
      "read_ios" : 1608525,
      "write_ios" : 0,
      "read_merges" : 0,
      "write_merges" : 0,
      "read_ticks" : 7653707,
      "write_ticks" : 0,
      "in_queue" : 7653708,
      "util" : 99.856621
    }
  ]
}
