{
  "fio version" : "fio-3.28",
  "timestamp" : 1736176866,
  "timestamp_ms" : 1736176866766,
  "time" : "Tue Jan  7 00:21:06 2025",
  "global options" : {
    "bs" : "256k",
    "ioengine" : "io_uring",
    "filesize" : "4G",
    "numjobs" : "4",
    "iodepth" : "32",
    "group_reporting" : "1",
    "runtime" : "60",
    "direct" : "1",
    "thread" : "1",
    "time_based" : "1",
    "filename" : "/dev/nvme3n1"
  },
  "jobs" : [
    {
      "jobname" : "randwrite",
      "groupid" : 0,
      "error" : 0,
      "eta" : 0,
      "elapsed" : 61,
      "job options" : {
        "rw" : "randwrite"
      },
      "read" : {
        "io_bytes" : 0,
        "io_kbytes" : 0,
        "bw_bytes" : 0,
        "bw" : 0,
        "iops" : 0.000000,
        "runtime" : 0,
        "total_ios" : 0,
        "short_ios" : 0,
        "drop_ios" : 0,
        "slat_ns" : {
          "min" : 0,
          "max" : 0,
          "mean" : 0.000000,
          "stddev" : 0.000000,
          "N" : 0
        },
        "clat_ns" : {
          "min" : 0,
          "max" : 0,
          "mean" : 0.000000,
          "stddev" : 0.000000,
          "N" : 0
        },
        "lat_ns" : {
          "min" : 0,
          "max" : 0,
          "mean" : 0.000000,
          "stddev" : 0.000000,
          "N" : 0
        },
        "bw_min" : 0,
        "bw_max" : 0,
        "bw_agg" : 0.000000,
        "bw_mean" : 0.000000,
        "bw_dev" : 0.000000,
        "bw_samples" : 0,
        "iops_min" : 0,
        "iops_max" : 0,
        "iops_mean" : 0.000000,
        "iops_stddev" : 0.000000,
        "iops_samples" : 0
      },
      "write" : {
        "io_bytes" : 94655217664,
        "io_kbytes" : 92436736,
        "bw_bytes" : 1577008724,
        "bw" : 1540047,
        "iops" : 6015.810869,
        "runtime" : 60022,
        "total_ios" : 361081,
        "short_ios" : 0,
        "drop_ios" : 0,
        "slat_ns" : {
          "min" : 5510,
          "max" : 228738,
          "mean" : 10920.541158,
          "stddev" : 3329.127683,
          "N" : 361081
        },
        "clat_ns" : {
          "min" : 167739,
          "max" : 107803232,
          "mean" : 21264080.804759,
          "stddev" : 11994456.070422,
          "N" : 361081,
          "percentile" : {
            "1.000000" : 651264,
            "5.000000" : 2899968,
            "10.000000" : 5734400,
            "20.000000" : 11337728,
            "30.000000" : 15269888,
            "40.000000" : 17956864,
            "50.000000" : 20316160,
            "60.000000" : 22937600,
            "70.000000" : 25821184,
            "80.000000" : 30015488,
            "90.000000" : 36438016,
            "95.000000" : 42729472,
            "99.000000" : 56360960,
            "99.500000" : 62128128,
            "99.900000" : 77070336,
            "99.950000" : 83361792,
            "99.990000" : 95944704
          }
        },
        "lat_ns" : {
          "min" : 186119,
          "max" : 107817492,
          "mean" : 21275062.826330,
          "stddev" : 11994048.801886,
          "N" : 361081
        },
        "bw_min" : 937984,
        "bw_max" : 2500096,
        "bw_agg" : 99.898147,
        "bw_mean" : 1538479.004482,
        "bw_dev" : 74971.984302,
        "bw_samples" : 478,
        "iops_min" : 3664,
        "iops_max" : 9766,
        "iops_mean" : 6009.680952,
        "iops_stddev" : 292.859899,
        "iops_samples" : 478
      },
      "trim" : {
        "io_bytes" : 0,
        "io_kbytes" : 0,
        "bw_bytes" : 0,
        "bw" : 0,
        "iops" : 0.000000,
        "runtime" : 0,
        "total_ios" : 0,
        "short_ios" : 0,
        "drop_ios" : 0,
        "slat_ns" : {
          "min" : 0,
          "max" : 0,
          "mean" : 0.000000,
          "stddev" : 0.000000,
          "N" : 0
        },
        "clat_ns" : {
          "min" : 0,
          "max" : 0,
          "mean" : 0.000000,
          "stddev" : 0.000000,
          "N" : 0
        },
        "lat_ns" : {
          "min" : 0,
          "max" : 0,
          "mean" : 0.000000,
          "stddev" : 0.000000,
          "N" : 0
        },
        "bw_min" : 0,
        "bw_max" : 0,
        "bw_agg" : 0.000000,
        "bw_mean" : 0.000000,
        "bw_dev" : 0.000000,
        "bw_samples" : 0,
        "iops_min" : 0,
        "iops_max" : 0,
        "iops_mean" : 0.000000,
        "iops_stddev" : 0.000000,
        "iops_samples" : 0
      },
      "sync" : {
        "total_ios" : 0,
        "lat_ns" : {
          "min" : 0,
          "max" : 0,
          "mean" : 0.000000,
          "stddev" : 0.000000,
          "N" : 0
        }
      },
      "job_runtime" : 240070,
      "usr_cpu" : 0.414879,
      "sys_cpu" : 2.154372,
      "ctx" : 362078,
      "majf" : 0,
      "minf" : 0,
      "iodepth_level" : {
        "1" : 0.100000,
        "2" : 0.100000,
        "4" : 0.100000,
        "8" : 0.100000,
        "16" : 0.100000,
        "32" : 99.965659,
        ">=64" : 0.000000
      },
      "iodepth_submit" : {
        "0" : 0.000000,
        "4" : 100.000000,
        "8" : 0.000000,
        "16" : 0.000000,
        "32" : 0.000000,
        "64" : 0.000000,
        ">=64" : 0.000000
      },
      "iodepth_complete" : {
        "0" : 0.000000,
        "4" : 99.998892,
        "8" : 0.000000,
        "16" : 0.000000,
        "32" : 0.100000,
        "64" : 0.000000,
        ">=64" : 0.000000
      },
      "latency_ns" : {
        "2" : 0.000000,
        "4" : 0.000000,
        "10" : 0.000000,
        "20" : 0.000000,
        "50" : 0.000000,
        "100" : 0.000000,
        "250" : 0.000000,
        "500" : 0.000000,
        "750" : 0.000000,
        "1000" : 0.000000
      },
      "latency_us" : {
        "2" : 0.000000,
        "4" : 0.000000,
        "10" : 0.000000,
        "20" : 0.000000,
        "50" : 0.000000,
        "100" : 0.000000,
        "250" : 0.114379,
        "500" : 0.563862,
        "750" : 0.656639,
        "1000" : 0.467762
      },
      "latency_ms" : {
        "2" : 1.817044,
        "4" : 3.524417,
        "10" : 10.073086,
        "20" : 31.429790,
        "50" : 49.251276,
        "100" : 2.097313,
        "250" : 0.010000,
        "500" : 0.000000,
        "750" : 0.000000,
        "1000" : 0.000000,
        "2000" : 0.000000,
        ">=2000" : 0.000000
      },
      "latency_depth" : 32,
      "latency_target" : 0,
      "latency_percentile" : 100.000000,
      "latency_window" : 0
    }
  ],
  "disk_util" : [
    {
      "name" : "nvme3n1",
      "read_ios" : 92,
      "write_ios" : 360301,
      "read_merges" : 0,
      "write_merges" : 0,
      "read_ticks" : 1,
      "write_ticks" : 7659483,
      "in_queue" : 7659484,
      "util" : 99.858279
    }
  ]
}
