{
  "fio version" : "fio-3.28",
  "timestamp" : 1736014748,
  "timestamp_ms" : 1736014748233,
  "time" : "Sun Jan  5 03:19:08 2025",
  "global options" : {
    "bs" : "8k",
    "ioengine" : "io_uring",
    "filesize" : "4G",
    "numjobs" : "4",
    "iodepth" : "32",
    "group_reporting" : "1",
    "runtime" : "60",
    "direct" : "1",
    "thread" : "1",
    "time_based" : "1",
    "filename" : "/dev/nvme3n1"
  },
  "jobs" : [
    {
      "jobname" : "randwrite",
      "groupid" : 0,
      "error" : 0,
      "eta" : 0,
      "elapsed" : 61,
      "job options" : {
        "rw" : "randwrite"
      },
      "read" : {
        "io_bytes" : 0,
        "io_kbytes" : 0,
        "bw_bytes" : 0,
        "bw" : 0,
        "iops" : 0.000000,
        "runtime" : 0,
        "total_ios" : 0,
        "short_ios" : 0,
        "drop_ios" : 0,
        "slat_ns" : {
          "min" : 0,
          "max" : 0,
          "mean" : 0.000000,
          "stddev" : 0.000000,
          "N" : 0
        },
        "clat_ns" : {
          "min" : 0,
          "max" : 0,
          "mean" : 0.000000,
          "stddev" : 0.000000,
          "N" : 0
        },
        "lat_ns" : {
          "min" : 0,
          "max" : 0,
          "mean" : 0.000000,
          "stddev" : 0.000000,
          "N" : 0
        },
        "bw_min" : 0,
        "bw_max" : 0,
        "bw_agg" : 0.000000,
        "bw_mean" : 0.000000,
        "bw_dev" : 0.000000,
        "bw_samples" : 0,
        "iops_min" : 0,
        "iops_max" : 0,
        "iops_mean" : 0.000000,
        "iops_stddev" : 0.000000,
        "iops_samples" : 0
      },
      "write" : {
        "io_bytes" : 27491835904,
        "io_kbytes" : 26847496,
        "bw_bytes" : 458174356,
        "bw" : 447435,
        "iops" : 55929.486859,
        "runtime" : 60003,
        "total_ios" : 3355937,
        "short_ios" : 0,
        "drop_ios" : 0,
        "slat_ns" : {
          "min" : 1490,
          "max" : 146134,
          "mean" : 2371.997745,
          "stddev" : 1011.206008,
          "N" : 3355937
        },
        "clat_ns" : {
          "min" : 7909,
          "max" : 11636667,
          "mean" : 2285803.762594,
          "stddev" : 1121874.104644,
          "N" : 3355937,
          "percentile" : {
            "1.000000" : 497664,
            "5.000000" : 790528,
            "10.000000" : 1036288,
            "20.000000" : 1351680,
            "30.000000" : 1597440,
            "40.000000" : 1859584,
            "50.000000" : 2113536,
            "60.000000" : 2375680,
            "70.000000" : 2703360,
            "80.000000" : 3129344,
            "90.000000" : 3784704,
            "95.000000" : 4358144,
            "99.000000" : 5668864,
            "99.500000" : 6193152,
            "99.900000" : 7372800,
            "99.950000" : 7897088,
            "99.990000" : 9109504
          }
        },
        "lat_ns" : {
          "min" : 11269,
          "max" : 11638337,
          "mean" : 2288234.285625,
          "stddev" : 1121719.860682,
          "N" : 3355937
        },
        "bw_min" : 355248,
        "bw_max" : 823744,
        "bw_agg" : 100.000000,
        "bw_mean" : 447676.235294,
        "bw_dev" : 17593.629488,
        "bw_samples" : 476,
        "iops_min" : 44406,
        "iops_max" : 102968,
        "iops_mean" : 55959.529412,
        "iops_stddev" : 2199.203686,
        "iops_samples" : 476
      },
      "trim" : {
        "io_bytes" : 0,
        "io_kbytes" : 0,
        "bw_bytes" : 0,
        "bw" : 0,
        "iops" : 0.000000,
        "runtime" : 0,
        "total_ios" : 0,
        "short_ios" : 0,
        "drop_ios" : 0,
        "slat_ns" : {
          "min" : 0,
          "max" : 0,
          "mean" : 0.000000,
          "stddev" : 0.000000,
          "N" : 0
        },
        "clat_ns" : {
          "min" : 0,
          "max" : 0,
          "mean" : 0.000000,
          "stddev" : 0.000000,
          "N" : 0
        },
        "lat_ns" : {
          "min" : 0,
          "max" : 0,
          "mean" : 0.000000,
          "stddev" : 0.000000,
          "N" : 0
        },
        "bw_min" : 0,
        "bw_max" : 0,
        "bw_agg" : 0.000000,
        "bw_mean" : 0.000000,
        "bw_dev" : 0.000000,
        "bw_samples" : 0,
        "iops_min" : 0,
        "iops_max" : 0,
        "iops_mean" : 0.000000,
        "iops_stddev" : 0.000000,
        "iops_samples" : 0
      },
      "sync" : {
        "total_ios" : 0,
        "lat_ns" : {
          "min" : 0,
          "max" : 0,
          "mean" : 0.000000,
          "stddev" : 0.000000,
          "N" : 0
        }
      },
      "job_runtime" : 240007,
      "usr_cpu" : 0.959139,
      "sys_cpu" : 4.258209,
      "ctx" : 802548,
      "majf" : 0,
      "minf" : 0,
      "iodepth_level" : {
        "1" : 0.100000,
        "2" : 0.100000,
        "4" : 0.100000,
        "8" : 0.100000,
        "16" : 0.100000,
        "32" : 99.996305,
        ">=64" : 0.000000
      },
      "iodepth_submit" : {
        "0" : 0.000000,
        "4" : 100.000000,
        "8" : 0.000000,
        "16" : 0.000000,
        "32" : 0.000000,
        "64" : 0.000000,
        ">=64" : 0.000000
      },
      "iodepth_complete" : {
        "0" : 0.000000,
        "4" : 99.999881,
        "8" : 0.000000,
        "16" : 0.000000,
        "32" : 0.100000,
        "64" : 0.000000,
        ">=64" : 0.000000
      },
      "latency_ns" : {
        "2" : 0.000000,
        "4" : 0.000000,
        "10" : 0.000000,
        "20" : 0.000000,
        "50" : 0.000000,
        "100" : 0.000000,
        "250" : 0.000000,
        "500" : 0.000000,
        "750" : 0.000000,
        "1000" : 0.000000
      },
      "latency_us" : {
        "2" : 0.000000,
        "4" : 0.000000,
        "10" : 0.010000,
        "20" : 0.021008,
        "50" : 0.034744,
        "100" : 0.073422,
        "250" : 0.109418,
        "500" : 0.815301,
        "750" : 3.621016,
        "1000" : 3.972691
      },
      "latency_ms" : {
        "2" : 36.458730,
        "4" : 47.054429,
        "10" : 7.836500,
        "20" : 0.010000,
        "50" : 0.000000,
        "100" : 0.000000,
        "250" : 0.000000,
        "500" : 0.000000,
        "750" : 0.000000,
        "1000" : 0.000000,
        "2000" : 0.000000,
        ">=2000" : 0.000000
      },
      "latency_depth" : 32,
      "latency_target" : 0,
      "latency_percentile" : 100.000000,
      "latency_window" : 0
    }
  ],
  "disk_util" : [
    {
      "name" : "nvme3n1",
      "read_ios" : 92,
      "write_ios" : 3350067,
      "read_merges" : 0,
      "write_merges" : 0,
      "read_ticks" : 1,
      "write_ticks" : 7627003,
      "in_queue" : 7627005,
      "util" : 99.864948
    }
  ]
}
