{
  "fio version" : "fio-3.28",
  "timestamp" : 1732732239,
  "timestamp_ms" : 1732732239136,
  "time" : "Thu Nov 28 03:30:39 2024",
  "global options" : {
    "bs" : "8k",
    "ioengine" : "io_uring",
    "filesize" : "8G",
    "numjobs" : "4",
    "iodepth" : "32",
    "group_reporting" : "1",
    "runtime" : "30",
    "direct" : "1",
    "thread" : "1",
    "time_based" : "1",
    "filename" : "/dev/nvme3n1"
  },
  "jobs" : [
    {
      "jobname" : "randwrite",
      "groupid" : 0,
      "error" : 0,
      "eta" : 0,
      "elapsed" : 31,
      "job options" : {
        "rw" : "randwrite"
      },
      "read" : {
        "io_bytes" : 0,
        "io_kbytes" : 0,
        "bw_bytes" : 0,
        "bw" : 0,
        "iops" : 0.000000,
        "runtime" : 0,
        "total_ios" : 0,
        "short_ios" : 0,
        "drop_ios" : 0,
        "slat_ns" : {
          "min" : 0,
          "max" : 0,
          "mean" : 0.000000,
          "stddev" : 0.000000,
          "N" : 0
        },
        "clat_ns" : {
          "min" : 0,
          "max" : 0,
          "mean" : 0.000000,
          "stddev" : 0.000000,
          "N" : 0
        },
        "lat_ns" : {
          "min" : 0,
          "max" : 0,
          "mean" : 0.000000,
          "stddev" : 0.000000,
          "N" : 0
        },
        "bw_min" : 0,
        "bw_max" : 0,
        "bw_agg" : 0.000000,
        "bw_mean" : 0.000000,
        "bw_dev" : 0.000000,
        "bw_samples" : 0,
        "iops_min" : 0,
        "iops_max" : 0,
        "iops_mean" : 0.000000,
        "iops_stddev" : 0.000000,
        "iops_samples" : 0
      },
      "write" : {
        "io_bytes" : 62108672000,
        "io_kbytes" : 60653000,
        "bw_bytes" : 2070220059,
        "bw" : 2021699,
        "iops" : 252712.409586,
        "runtime" : 30001,
        "total_ios" : 7581625,
        "short_ios" : 0,
        "drop_ios" : 0,
        "slat_ns" : {
          "min" : 1360,
          "max" : 232660,
          "mean" : 2763.737115,
          "stddev" : 1378.448102,
          "N" : 7581625
        },
        "clat_ns" : {
          "min" : 14900,
          "max" : 1552967,
          "mean" : 503310.621587,
          "stddev" : 138370.043090,
          "N" : 7581625,
          "percentile" : {
            "1.000000" : 288768,
            "5.000000" : 321536,
            "10.000000" : 337920,
            "20.000000" : 366592,
            "30.000000" : 415744,
            "40.000000" : 468992,
            "50.000000" : 509952,
            "60.000000" : 528384,
            "70.000000" : 544768,
            "80.000000" : 585728,
            "90.000000" : 700416,
            "95.000000" : 733184,
            "99.000000" : 937984,
            "99.500000" : 962560,
            "99.900000" : 1122304,
            "99.950000" : 1155072,
            "99.990000" : 1269760
          }
        },
        "lat_ns" : {
          "min" : 22330,
          "max" : 1554707,
          "mean" : 506145.272626,
          "stddev" : 138306.846189,
          "N" : 7581625
        },
        "bw_min" : 1377936,
        "bw_max" : 2560608,
        "bw_agg" : 99.818654,
        "bw_mean" : 2018033.898305,
        "bw_dev" : 70882.731373,
        "bw_samples" : 236,
        "iops_min" : 172242,
        "iops_max" : 320076,
        "iops_mean" : 252254.237288,
        "iops_stddev" : 8860.341422,
        "iops_samples" : 236
      },
      "trim" : {
        "io_bytes" : 0,
        "io_kbytes" : 0,
        "bw_bytes" : 0,
        "bw" : 0,
        "iops" : 0.000000,
        "runtime" : 0,
        "total_ios" : 0,
        "short_ios" : 0,
        "drop_ios" : 0,
        "slat_ns" : {
          "min" : 0,
          "max" : 0,
          "mean" : 0.000000,
          "stddev" : 0.000000,
          "N" : 0
        },
        "clat_ns" : {
          "min" : 0,
          "max" : 0,
          "mean" : 0.000000,
          "stddev" : 0.000000,
          "N" : 0
        },
        "lat_ns" : {
          "min" : 0,
          "max" : 0,
          "mean" : 0.000000,
          "stddev" : 0.000000,
          "N" : 0
        },
        "bw_min" : 0,
        "bw_max" : 0,
        "bw_agg" : 0.000000,
        "bw_mean" : 0.000000,
        "bw_dev" : 0.000000,
        "bw_samples" : 0,
        "iops_min" : 0,
        "iops_max" : 0,
        "iops_mean" : 0.000000,
        "iops_stddev" : 0.000000,
        "iops_samples" : 0
      },
      "sync" : {
        "total_ios" : 0,
        "lat_ns" : {
          "min" : 0,
          "max" : 0,
          "mean" : 0.000000,
          "stddev" : 0.000000,
          "N" : 0
        }
      },
      "job_runtime" : 120000,
      "usr_cpu" : 4.175833,
      "sys_cpu" : 18.985000,
      "ctx" : 891666,
      "majf" : 0,
      "minf" : 0,
      "iodepth_level" : {
        "1" : 0.100000,
        "2" : 0.100000,
        "4" : 0.100000,
        "8" : 0.100000,
        "16" : 0.100000,
        "32" : 99.998364,
        ">=64" : 0.000000
      },
      "iodepth_submit" : {
        "0" : 0.000000,
        "4" : 100.000000,
        "8" : 0.000000,
        "16" : 0.000000,
        "32" : 0.000000,
        "64" : 0.000000,
        ">=64" : 0.000000
      },
      "iodepth_complete" : {
        "0" : 0.000000,
        "4" : 99.999947,
        "8" : 0.000000,
        "16" : 0.000000,
        "32" : 0.100000,
        "64" : 0.000000,
        ">=64" : 0.000000
      },
      "latency_ns" : {
        "2" : 0.000000,
        "4" : 0.000000,
        "10" : 0.000000,
        "20" : 0.000000,
        "50" : 0.000000,
        "100" : 0.000000,
        "250" : 0.000000,
        "500" : 0.000000,
        "750" : 0.000000,
        "1000" : 0.000000
      },
      "latency_us" : {
        "2" : 0.000000,
        "4" : 0.000000,
        "10" : 0.000000,
        "20" : 0.010000,
        "50" : 0.010000,
        "100" : 0.028780,
        "250" : 0.328162,
        "500" : 46.061669,
        "750" : 49.406756,
        "1000" : 3.930688
      },
      "latency_ms" : {
        "2" : 0.242613,
        "4" : 0.000000,
        "10" : 0.000000,
        "20" : 0.000000,
        "50" : 0.000000,
        "100" : 0.000000,
        "250" : 0.000000,
        "500" : 0.000000,
        "750" : 0.000000,
        "1000" : 0.000000,
        "2000" : 0.000000,
        ">=2000" : 0.000000
      },
      "latency_depth" : 32,
      "latency_target" : 0,
      "latency_percentile" : 100.000000,
      "latency_window" : 0
    }
  ],
  "disk_util" : [
    {
      "name" : "nvme3n1",
      "read_ios" : 86,
      "write_ios" : 7560714,
      "read_merges" : 0,
      "write_merges" : 0,
      "read_ticks" : 0,
      "write_ticks" : 3684295,
      "in_queue" : 3684296,
      "util" : 99.696525
    }
  ]
}
