{
  "fio version" : "fio-3.28",
  "timestamp" : 1736782603,
  "timestamp_ms" : 1736782603672,
  "time" : "Tue Jan 14 00:36:43 2025",
  "global options" : {
    "bs" : "8k",
    "ioengine" : "io_uring",
    "size" : "3G",
    "numjobs" : "4",
    "iodepth" : "32",
    "group_reporting" : "1",
    "direct" : "1",
    "thread" : "1",
    "filename" : "/dev/nvme3n1"
  },
  "jobs" : [
    {
      "jobname" : "randwrite",
      "groupid" : 0,
      "error" : 0,
      "eta" : 0,
      "elapsed" : 26,
      "job options" : {
        "rw" : "randwrite"
      },
      "read" : {
        "io_bytes" : 0,
        "io_kbytes" : 0,
        "bw_bytes" : 0,
        "bw" : 0,
        "iops" : 0.000000,
        "runtime" : 0,
        "total_ios" : 0,
        "short_ios" : 0,
        "drop_ios" : 0,
        "slat_ns" : {
          "min" : 0,
          "max" : 0,
          "mean" : 0.000000,
          "stddev" : 0.000000,
          "N" : 0
        },
        "clat_ns" : {
          "min" : 0,
          "max" : 0,
          "mean" : 0.000000,
          "stddev" : 0.000000,
          "N" : 0
        },
        "lat_ns" : {
          "min" : 0,
          "max" : 0,
          "mean" : 0.000000,
          "stddev" : 0.000000,
          "N" : 0
        },
        "bw_min" : 0,
        "bw_max" : 0,
        "bw_agg" : 0.000000,
        "bw_mean" : 0.000000,
        "bw_dev" : 0.000000,
        "bw_samples" : 0,
        "iops_min" : 0,
        "iops_max" : 0,
        "iops_mean" : 0.000000,
        "iops_stddev" : 0.000000,
        "iops_samples" : 0
      },
      "write" : {
        "io_bytes" : 12884901888,
        "io_kbytes" : 12582912,
        "bw_bytes" : 512709477,
        "bw" : 500692,
        "iops" : 62586.606184,
        "runtime" : 25131,
        "total_ios" : 1572864,
        "short_ios" : 0,
        "drop_ios" : 0,
        "slat_ns" : {
          "min" : 1480,
          "max" : 71259,
          "mean" : 2449.107874,
          "stddev" : 1026.786656,
          "N" : 1572864
        },
        "clat_ns" : {
          "min" : 60,
          "max" : 9251162,
          "mean" : 2004360.400714,
          "stddev" : 982682.757521,
          "N" : 1572864,
          "percentile" : {
            "1.000000" : 432128,
            "5.000000" : 610304,
            "10.000000" : 905216,
            "20.000000" : 1155072,
            "30.000000" : 1417216,
            "40.000000" : 1613824,
            "50.000000" : 1875968,
            "60.000000" : 2088960,
            "70.000000" : 2408448,
            "80.000000" : 2768896,
            "90.000000" : 3325952,
            "95.000000" : 3850240,
            "99.000000" : 4947968,
            "99.500000" : 5341184,
            "99.900000" : 6324224,
            "99.950000" : 6717440,
            "99.990000" : 7634944
          }
        },
        "lat_ns" : {
          "min" : 11649,
          "max" : 9253222,
          "mean" : 2006869.190666,
          "stddev" : 982534.302153,
          "N" : 1572864
        },
        "bw_min" : 425184,
        "bw_max" : 933280,
        "bw_agg" : 100.000000,
        "bw_mean" : 507300.657415,
        "bw_dev" : 22673.637266,
        "bw_samples" : 195,
        "iops_min" : 53148,
        "iops_max" : 116660,
        "iops_mean" : 63412.582177,
        "iops_stddev" : 2834.204658,
        "iops_samples" : 195
      },
      "trim" : {
        "io_bytes" : 0,
        "io_kbytes" : 0,
        "bw_bytes" : 0,
        "bw" : 0,
        "iops" : 0.000000,
        "runtime" : 0,
        "total_ios" : 0,
        "short_ios" : 0,
        "drop_ios" : 0,
        "slat_ns" : {
          "min" : 0,
          "max" : 0,
          "mean" : 0.000000,
          "stddev" : 0.000000,
          "N" : 0
        },
        "clat_ns" : {
          "min" : 0,
          "max" : 0,
          "mean" : 0.000000,
          "stddev" : 0.000000,
          "N" : 0
        },
        "lat_ns" : {
          "min" : 0,
          "max" : 0,
          "mean" : 0.000000,
          "stddev" : 0.000000,
          "N" : 0
        },
        "bw_min" : 0,
        "bw_max" : 0,
        "bw_agg" : 0.000000,
        "bw_mean" : 0.000000,
        "bw_dev" : 0.000000,
        "bw_samples" : 0,
        "iops_min" : 0,
        "iops_max" : 0,
        "iops_mean" : 0.000000,
        "iops_stddev" : 0.000000,
        "iops_samples" : 0
      },
      "sync" : {
        "total_ios" : 0,
        "lat_ns" : {
          "min" : 0,
          "max" : 0,
          "mean" : 0.000000,
          "stddev" : 0.000000,
          "N" : 0
        }
      },
      "job_runtime" : 98658,
      "usr_cpu" : 1.247745,
      "sys_cpu" : 4.902796,
      "ctx" : 359346,
      "majf" : 0,
      "minf" : 0,
      "iodepth_level" : {
        "1" : 0.100000,
        "2" : 0.100000,
        "4" : 0.100000,
        "8" : 0.100000,
        "16" : 0.100000,
        "32" : 99.992116,
        ">=64" : 0.000000
      },
      "iodepth_submit" : {
        "0" : 0.000000,
        "4" : 100.000000,
        "8" : 0.000000,
        "16" : 0.000000,
        "32" : 0.000000,
        "64" : 0.000000,
        ">=64" : 0.000000
      },
      "iodepth_complete" : {
        "0" : 0.000000,
        "4" : 99.999746,
        "8" : 0.000000,
        "16" : 0.000000,
        "32" : 0.100000,
        "64" : 0.000000,
        ">=64" : 0.000000
      },
      "latency_ns" : {
        "2" : 0.000000,
        "4" : 0.000000,
        "10" : 0.000000,
        "20" : 0.000000,
        "50" : 0.000000,
        "100" : 0.010000,
        "250" : 0.000000,
        "500" : 0.000000,
        "750" : 0.000000,
        "1000" : 0.000000
      },
      "latency_us" : {
        "2" : 0.000000,
        "4" : 0.000000,
        "10" : 0.010000,
        "20" : 0.029564,
        "50" : 0.052770,
        "100" : 0.089518,
        "250" : 0.162252,
        "500" : 2.178764,
        "750" : 3.987948,
        "1000" : 7.988803
      },
      "latency_ms" : {
        "2" : 42.138036,
        "4" : 39.444160,
        "10" : 3.927739,
        "20" : 0.000000,
        "50" : 0.000000,
        "100" : 0.000000,
        "250" : 0.000000,
        "500" : 0.000000,
        "750" : 0.000000,
        "1000" : 0.000000,
        "2000" : 0.000000,
        ">=2000" : 0.000000
      },
      "latency_depth" : 32,
      "latency_target" : 0,
      "latency_percentile" : 100.000000,
      "latency_window" : 0
    }
  ],
  "disk_util" : [
    {
      "name" : "nvme3n1",
      "read_ios" : 258,
      "write_ios" : 1559277,
      "read_merges" : 0,
      "write_merges" : 0,
      "read_ticks" : 37,
      "write_ticks" : 3129498,
      "in_queue" : 3129535,
      "util" : 99.627836
    }
  ]
}
