{
  "fio version" : "fio-3.28",
  "timestamp" : 1734978238,
  "timestamp_ms" : 1734978238974,
  "time" : "Tue Dec 24 03:23:58 2024",
  "global options" : {
    "bs" : "32k",
    "ioengine" : "io_uring",
    "filesize" : "4G",
    "numjobs" : "4",
    "iodepth" : "32",
    "group_reporting" : "1",
    "runtime" : "60",
    "direct" : "1",
    "thread" : "1",
    "time_based" : "1",
    "filename" : "/dev/nvme3n1"
  },
  "jobs" : [
    {
      "jobname" : "randwrite",
      "groupid" : 0,
      "error" : 0,
      "eta" : 0,
      "elapsed" : 61,
      "job options" : {
        "rw" : "randwrite"
      },
      "read" : {
        "io_bytes" : 0,
        "io_kbytes" : 0,
        "bw_bytes" : 0,
        "bw" : 0,
        "iops" : 0.000000,
        "runtime" : 0,
        "total_ios" : 0,
        "short_ios" : 0,
        "drop_ios" : 0,
        "slat_ns" : {
          "min" : 0,
          "max" : 0,
          "mean" : 0.000000,
          "stddev" : 0.000000,
          "N" : 0
        },
        "clat_ns" : {
          "min" : 0,
          "max" : 0,
          "mean" : 0.000000,
          "stddev" : 0.000000,
          "N" : 0
        },
        "lat_ns" : {
          "min" : 0,
          "max" : 0,
          "mean" : 0.000000,
          "stddev" : 0.000000,
          "N" : 0
        },
        "bw_min" : 0,
        "bw_max" : 0,
        "bw_agg" : 0.000000,
        "bw_mean" : 0.000000,
        "bw_dev" : 0.000000,
        "bw_samples" : 0,
        "iops_min" : 0,
        "iops_max" : 0,
        "iops_mean" : 0.000000,
        "iops_stddev" : 0.000000,
        "iops_samples" : 0
      },
      "write" : {
        "io_bytes" : 58703249408,
        "io_kbytes" : 57327392,
        "bw_bytes" : 978305964,
        "bw" : 955376,
        "iops" : 29855.528706,
        "runtime" : 60005,
        "total_ios" : 1791481,
        "short_ios" : 0,
        "drop_ios" : 0,
        "slat_ns" : {
          "min" : 2400,
          "max" : 30480,
          "mean" : 4173.445207,
          "stddev" : 981.866341,
          "N" : 1791481
        },
        "clat_ns" : {
          "min" : 20819,
          "max" : 17666758,
          "mean" : 4282613.331741,
          "stddev" : 1710772.612169,
          "N" : 1791481,
          "percentile" : {
            "1.000000" : 1286144,
            "5.000000" : 1892352,
            "10.000000" : 2310144,
            "20.000000" : 2834432,
            "30.000000" : 3260416,
            "40.000000" : 3653632,
            "50.000000" : 4046848,
            "60.000000" : 4489216,
            "70.000000" : 5013504,
            "80.000000" : 5603328,
            "90.000000" : 6586368,
            "95.000000" : 7438336,
            "99.000000" : 9240576,
            "99.500000" : 9895936,
            "99.900000" : 11468800,
            "99.950000" : 12124160,
            "99.990000" : 13697024
          }
        },
        "lat_ns" : {
          "min" : 24639,
          "max" : 17670658,
          "mean" : 4286847.444608,
          "stddev" : 1710734.230513,
          "N" : 1791481
        },
        "bw_min" : 841984,
        "bw_max" : 1613120,
        "bw_agg" : 100.000000,
        "bw_mean" : 955879.798319,
        "bw_dev" : 24223.389770,
        "bw_samples" : 476,
        "iops_min" : 26312,
        "iops_max" : 50410,
        "iops_mean" : 29871.243697,
        "iops_stddev" : 756.980930,
        "iops_samples" : 476
      },
      "trim" : {
        "io_bytes" : 0,
        "io_kbytes" : 0,
        "bw_bytes" : 0,
        "bw" : 0,
        "iops" : 0.000000,
        "runtime" : 0,
        "total_ios" : 0,
        "short_ios" : 0,
        "drop_ios" : 0,
        "slat_ns" : {
          "min" : 0,
          "max" : 0,
          "mean" : 0.000000,
          "stddev" : 0.000000,
          "N" : 0
        },
        "clat_ns" : {
          "min" : 0,
          "max" : 0,
          "mean" : 0.000000,
          "stddev" : 0.000000,
          "N" : 0
        },
        "lat_ns" : {
          "min" : 0,
          "max" : 0,
          "mean" : 0.000000,
          "stddev" : 0.000000,
          "N" : 0
        },
        "bw_min" : 0,
        "bw_max" : 0,
        "bw_agg" : 0.000000,
        "bw_mean" : 0.000000,
        "bw_dev" : 0.000000,
        "bw_samples" : 0,
        "iops_min" : 0,
        "iops_max" : 0,
        "iops_mean" : 0.000000,
        "iops_stddev" : 0.000000,
        "iops_samples" : 0
      },
      "sync" : {
        "total_ios" : 0,
        "lat_ns" : {
          "min" : 0,
          "max" : 0,
          "mean" : 0.000000,
          "stddev" : 0.000000,
          "N" : 0
        }
      },
      "job_runtime" : 240011,
      "usr_cpu" : 1.206611,
      "sys_cpu" : 4.295220,
      "ctx" : 1250562,
      "majf" : 0,
      "minf" : 0,
      "iodepth_level" : {
        "1" : 0.100000,
        "2" : 0.100000,
        "4" : 0.100000,
        "8" : 0.100000,
        "16" : 0.100000,
        "32" : 99.993078,
        ">=64" : 0.000000
      },
      "iodepth_submit" : {
        "0" : 0.000000,
        "4" : 100.000000,
        "8" : 0.000000,
        "16" : 0.000000,
        "32" : 0.000000,
        "64" : 0.000000,
        ">=64" : 0.000000
      },
      "iodepth_complete" : {
        "0" : 0.000000,
        "4" : 99.999777,
        "8" : 0.000000,
        "16" : 0.000000,
        "32" : 0.100000,
        "64" : 0.000000,
        ">=64" : 0.000000
      },
      "latency_ns" : {
        "2" : 0.000000,
        "4" : 0.000000,
        "10" : 0.000000,
        "20" : 0.000000,
        "50" : 0.000000,
        "100" : 0.000000,
        "250" : 0.000000,
        "500" : 0.000000,
        "750" : 0.000000,
        "1000" : 0.000000
      },
      "latency_us" : {
        "2" : 0.000000,
        "4" : 0.000000,
        "10" : 0.000000,
        "20" : 0.000000,
        "50" : 0.016299,
        "100" : 0.012504,
        "250" : 0.030868,
        "500" : 0.044823,
        "750" : 0.081553,
        "1000" : 0.127771
      },
      "latency_ms" : {
        "2" : 5.764281,
        "4" : 42.493836,
        "10" : 50.969226,
        "20" : 0.458838,
        "50" : 0.000000,
        "100" : 0.000000,
        "250" : 0.000000,
        "500" : 0.000000,
        "750" : 0.000000,
        "1000" : 0.000000,
        "2000" : 0.000000,
        ">=2000" : 0.000000
      },
      "latency_depth" : 32,
      "latency_target" : 0,
      "latency_percentile" : 100.000000,
      "latency_window" : 0
    }
  ],
  "disk_util" : [
    {
      "name" : "nvme3n1",
      "read_ios" : 162,
      "write_ios" : 1788316,
      "read_merges" : 0,
      "write_merges" : 0,
      "read_ticks" : 1,
      "write_ticks" : 7653478,
      "in_queue" : 7653479,
      "util" : 99.859953
    }
  ]
}
