{
  "fio version" : "fio-3.28",
  "timestamp" : 1736016313,
  "timestamp_ms" : 1736016313393,
  "time" : "Sun Jan  5 03:45:13 2025",
  "global options" : {
    "bs" : "4k",
    "ioengine" : "io_uring",
    "filesize" : "4G",
    "numjobs" : "4",
    "iodepth" : "32",
    "group_reporting" : "1",
    "runtime" : "60",
    "direct" : "1",
    "thread" : "1",
    "time_based" : "1",
    "filename" : "/dev/nvme3n1"
  },
  "jobs" : [
    {
      "jobname" : "seqread",
      "groupid" : 0,
      "error" : 0,
      "eta" : 0,
      "elapsed" : 61,
      "job options" : {
        "rw" : "read"
      },
      "read" : {
        "io_bytes" : 95909826560,
        "io_kbytes" : 93661940,
        "bw_bytes" : 1598470468,
        "bw" : 1561006,
        "iops" : 390251.579140,
        "runtime" : 60001,
        "total_ios" : 23415485,
        "short_ios" : 0,
        "drop_ios" : 0,
        "slat_ns" : {
          "min" : 1230,
          "max" : 149739,
          "mean" : 1651.457790,
          "stddev" : 479.099598,
          "N" : 23415485
        },
        "clat_ns" : {
          "min" : 50820,
          "max" : 1301853,
          "mean" : 326110.980601,
          "stddev" : 181712.550307,
          "N" : 23415485,
          "percentile" : {
            "1.000000" : 77312,
            "5.000000" : 116224,
            "10.000000" : 140288,
            "20.000000" : 181248,
            "30.000000" : 216064,
            "40.000000" : 248832,
            "50.000000" : 280576,
            "60.000000" : 313344,
            "70.000000" : 362496,
            "80.000000" : 452608,
            "90.000000" : 593920,
            "95.000000" : 708608,
            "99.000000" : 897024,
            "99.500000" : 946176,
            "99.900000" : 1056768,
            "99.950000" : 1105920,
            "99.990000" : 1171456
          }
        },
        "lat_ns" : {
          "min" : 61499,
          "max" : 1303223,
          "mean" : 327809.330087,
          "stddev" : 181711.059121,
          "N" : 23415485
        },
        "bw_min" : 1558280,
        "bw_max" : 1566496,
        "bw_agg" : 100.000000,
        "bw_mean" : 1561429.445378,
        "bw_dev" : 589.584726,
        "bw_samples" : 476,
        "iops_min" : 389570,
        "iops_max" : 391624,
        "iops_mean" : 390357.344538,
        "iops_stddev" : 147.396013,
        "iops_samples" : 476
      },
      "write" : {
        "io_bytes" : 0,
        "io_kbytes" : 0,
        "bw_bytes" : 0,
        "bw" : 0,
        "iops" : 0.000000,
        "runtime" : 0,
        "total_ios" : 0,
        "short_ios" : 0,
        "drop_ios" : 0,
        "slat_ns" : {
          "min" : 0,
          "max" : 0,
          "mean" : 0.000000,
          "stddev" : 0.000000,
          "N" : 0
        },
        "clat_ns" : {
          "min" : 0,
          "max" : 0,
          "mean" : 0.000000,
          "stddev" : 0.000000,
          "N" : 0
        },
        "lat_ns" : {
          "min" : 0,
          "max" : 0,
          "mean" : 0.000000,
          "stddev" : 0.000000,
          "N" : 0
        },
        "bw_min" : 0,
        "bw_max" : 0,
        "bw_agg" : 0.000000,
        "bw_mean" : 0.000000,
        "bw_dev" : 0.000000,
        "bw_samples" : 0,
        "iops_min" : 0,
        "iops_max" : 0,
        "iops_mean" : 0.000000,
        "iops_stddev" : 0.000000,
        "iops_samples" : 0
      },
      "trim" : {
        "io_bytes" : 0,
        "io_kbytes" : 0,
        "bw_bytes" : 0,
        "bw" : 0,
        "iops" : 0.000000,
        "runtime" : 0,
        "total_ios" : 0,
        "short_ios" : 0,
        "drop_ios" : 0,
        "slat_ns" : {
          "min" : 0,
          "max" : 0,
          "mean" : 0.000000,
          "stddev" : 0.000000,
          "N" : 0
        },
        "clat_ns" : {
          "min" : 0,
          "max" : 0,
          "mean" : 0.000000,
          "stddev" : 0.000000,
          "N" : 0
        },
        "lat_ns" : {
          "min" : 0,
          "max" : 0,
          "mean" : 0.000000,
          "stddev" : 0.000000,
          "N" : 0
        },
        "bw_min" : 0,
        "bw_max" : 0,
        "bw_agg" : 0.000000,
        "bw_mean" : 0.000000,
        "bw_dev" : 0.000000,
        "bw_samples" : 0,
        "iops_min" : 0,
        "iops_max" : 0,
        "iops_mean" : 0.000000,
        "iops_stddev" : 0.000000,
        "iops_samples" : 0
      },
      "sync" : {
        "total_ios" : 0,
        "lat_ns" : {
          "min" : 0,
          "max" : 0,
          "mean" : 0.000000,
          "stddev" : 0.000000,
          "N" : 0
        }
      },
      "job_runtime" : 240000,
      "usr_cpu" : 5.165417,
      "sys_cpu" : 31.277917,
      "ctx" : 15128756,
      "majf" : 0,
      "minf" : 128,
      "iodepth_level" : {
        "1" : 0.100000,
        "2" : 0.100000,
        "4" : 0.100000,
        "8" : 0.100000,
        "16" : 0.100000,
        "32" : 99.999470,
        ">=64" : 0.000000
      },
      "iodepth_submit" : {
        "0" : 0.000000,
        "4" : 100.000000,
        "8" : 0.000000,
        "16" : 0.000000,
        "32" : 0.000000,
        "64" : 0.000000,
        ">=64" : 0.000000
      },
      "iodepth_complete" : {
        "0" : 0.000000,
        "4" : 99.999983,
        "8" : 0.000000,
        "16" : 0.000000,
        "32" : 0.100000,
        "64" : 0.000000,
        ">=64" : 0.000000
      },
      "latency_ns" : {
        "2" : 0.000000,
        "4" : 0.000000,
        "10" : 0.000000,
        "20" : 0.000000,
        "50" : 0.000000,
        "100" : 0.000000,
        "250" : 0.000000,
        "500" : 0.000000,
        "750" : 0.000000,
        "1000" : 0.000000
      },
      "latency_us" : {
        "2" : 0.000000,
        "4" : 0.000000,
        "10" : 0.000000,
        "20" : 0.000000,
        "50" : 0.000000,
        "100" : 3.060590,
        "250" : 37.157936,
        "500" : 43.636124,
        "750" : 12.324639,
        "1000" : 3.573071
      },
      "latency_ms" : {
        "2" : 0.247640,
        "4" : 0.000000,
        "10" : 0.000000,
        "20" : 0.000000,
        "50" : 0.000000,
        "100" : 0.000000,
        "250" : 0.000000,
        "500" : 0.000000,
        "750" : 0.000000,
        "1000" : 0.000000,
        "2000" : 0.000000,
        ">=2000" : 0.000000
      },
      "latency_depth" : 32,
      "latency_target" : 0,
      "latency_percentile" : 100.000000,
      "latency_window" : 0
    }
  ],
  "disk_util" : [
    {
      "name" : "nvme3n1",
      "read_ios" : 23374624,
      "write_ios" : 0,
      "read_merges" : 0,
      "write_merges" : 0,
      "read_ticks" : 7559734,
      "write_ticks" : 0,
      "in_queue" : 7559734,
      "util" : 99.859953
    }
  ]
}
