{
  "fio version" : "fio-3.28",
  "timestamp" : 1732733072,
  "timestamp_ms" : 1732733072287,
  "time" : "Thu Nov 28 03:44:32 2024",
  "global options" : {
    "bs" : "4k",
    "ioengine" : "io_uring",
    "filesize" : "8G",
    "numjobs" : "4",
    "iodepth" : "32",
    "group_reporting" : "1",
    "runtime" : "30",
    "direct" : "1",
    "thread" : "1",
    "time_based" : "1",
    "filename" : "/dev/nvme3n1"
  },
  "jobs" : [
    {
      "jobname" : "seqread",
      "groupid" : 0,
      "error" : 0,
      "eta" : 0,
      "elapsed" : 31,
      "job options" : {
        "rw" : "read"
      },
      "read" : {
        "io_bytes" : 125733122048,
        "io_kbytes" : 122786252,
        "bw_bytes" : 4190964369,
        "bw" : 4092738,
        "iops" : 1023184.660511,
        "runtime" : 30001,
        "total_ios" : 30696563,
        "short_ios" : 0,
        "drop_ios" : 0,
        "slat_ns" : {
          "min" : 1290,
          "max" : 235718,
          "mean" : 2228.400962,
          "stddev" : 1148.156433,
          "N" : 30696563
        },
        "clat_ns" : {
          "min" : 30,
          "max" : 1335402,
          "mean" : 122592.817895,
          "stddev" : 105164.421314,
          "N" : 30696563,
          "percentile" : {
            "1.000000" : 17792,
            "5.000000" : 44288,
            "10.000000" : 58624,
            "20.000000" : 67072,
            "30.000000" : 74240,
            "40.000000" : 80384,
            "50.000000" : 86528,
            "60.000000" : 92672,
            "70.000000" : 102912,
            "80.000000" : 136192,
            "90.000000" : 268288,
            "95.000000" : 358400,
            "99.000000" : 544768,
            "99.500000" : 626688,
            "99.900000" : 774144,
            "99.950000" : 831488,
            "99.990000" : 962560
          }
        },
        "lat_ns" : {
          "min" : 4530,
          "max" : 1336982,
          "mean" : 124882.459793,
          "stddev" : 105005.760983,
          "N" : 30696563
        },
        "bw_min" : 3742424,
        "bw_max" : 4441360,
        "bw_agg" : 100.000000,
        "bw_mean" : 4097106.847458,
        "bw_dev" : 42821.282605,
        "bw_samples" : 236,
        "iops_min" : 935606,
        "iops_max" : 1110340,
        "iops_mean" : 1024276.745763,
        "iops_stddev" : 10705.298100,
        "iops_samples" : 236
      },
      "write" : {
        "io_bytes" : 0,
        "io_kbytes" : 0,
        "bw_bytes" : 0,
        "bw" : 0,
        "iops" : 0.000000,
        "runtime" : 0,
        "total_ios" : 0,
        "short_ios" : 0,
        "drop_ios" : 0,
        "slat_ns" : {
          "min" : 0,
          "max" : 0,
          "mean" : 0.000000,
          "stddev" : 0.000000,
          "N" : 0
        },
        "clat_ns" : {
          "min" : 0,
          "max" : 0,
          "mean" : 0.000000,
          "stddev" : 0.000000,
          "N" : 0
        },
        "lat_ns" : {
          "min" : 0,
          "max" : 0,
          "mean" : 0.000000,
          "stddev" : 0.000000,
          "N" : 0
        },
        "bw_min" : 0,
        "bw_max" : 0,
        "bw_agg" : 0.000000,
        "bw_mean" : 0.000000,
        "bw_dev" : 0.000000,
        "bw_samples" : 0,
        "iops_min" : 0,
        "iops_max" : 0,
        "iops_mean" : 0.000000,
        "iops_stddev" : 0.000000,
        "iops_samples" : 0
      },
      "trim" : {
        "io_bytes" : 0,
        "io_kbytes" : 0,
        "bw_bytes" : 0,
        "bw" : 0,
        "iops" : 0.000000,
        "runtime" : 0,
        "total_ios" : 0,
        "short_ios" : 0,
        "drop_ios" : 0,
        "slat_ns" : {
          "min" : 0,
          "max" : 0,
          "mean" : 0.000000,
          "stddev" : 0.000000,
          "N" : 0
        },
        "clat_ns" : {
          "min" : 0,
          "max" : 0,
          "mean" : 0.000000,
          "stddev" : 0.000000,
          "N" : 0
        },
        "lat_ns" : {
          "min" : 0,
          "max" : 0,
          "mean" : 0.000000,
          "stddev" : 0.000000,
          "N" : 0
        },
        "bw_min" : 0,
        "bw_max" : 0,
        "bw_agg" : 0.000000,
        "bw_mean" : 0.000000,
        "bw_dev" : 0.000000,
        "bw_samples" : 0,
        "iops_min" : 0,
        "iops_max" : 0,
        "iops_mean" : 0.000000,
        "iops_stddev" : 0.000000,
        "iops_samples" : 0
      },
      "sync" : {
        "total_ios" : 0,
        "lat_ns" : {
          "min" : 0,
          "max" : 0,
          "mean" : 0.000000,
          "stddev" : 0.000000,
          "N" : 0
        }
      },
      "job_runtime" : 120000,
      "usr_cpu" : 9.389167,
      "sys_cpu" : 65.251667,
      "ctx" : 3270825,
      "majf" : 0,
      "minf" : 128,
      "iodepth_level" : {
        "1" : 0.100000,
        "2" : 0.100000,
        "4" : 0.100000,
        "8" : 0.100000,
        "16" : 0.100000,
        "32" : 99.999596,
        ">=64" : 0.000000
      },
      "iodepth_submit" : {
        "0" : 0.000000,
        "4" : 100.000000,
        "8" : 0.000000,
        "16" : 0.000000,
        "32" : 0.000000,
        "64" : 0.000000,
        ">=64" : 0.000000
      },
      "iodepth_complete" : {
        "0" : 0.000000,
        "4" : 99.999987,
        "8" : 0.000000,
        "16" : 0.000000,
        "32" : 0.100000,
        "64" : 0.000000,
        ">=64" : 0.000000
      },
      "latency_ns" : {
        "2" : 0.000000,
        "4" : 0.000000,
        "10" : 0.000000,
        "20" : 0.000000,
        "50" : 0.010000,
        "100" : 0.010000,
        "250" : 0.000000,
        "500" : 0.000000,
        "750" : 0.000000,
        "1000" : 0.000000
      },
      "latency_us" : {
        "2" : 0.010000,
        "4" : 0.010000,
        "10" : 0.256459,
        "20" : 0.982488,
        "50" : 5.115915,
        "100" : 61.581855,
        "250" : 20.809238,
        "500" : 9.769758,
        "750" : 1.349135,
        "1000" : 0.126711
      },
      "latency_ms" : {
        "2" : 0.010000,
        "4" : 0.000000,
        "10" : 0.000000,
        "20" : 0.000000,
        "50" : 0.000000,
        "100" : 0.000000,
        "250" : 0.000000,
        "500" : 0.000000,
        "750" : 0.000000,
        "1000" : 0.000000,
        "2000" : 0.000000,
        ">=2000" : 0.000000
      },
      "latency_depth" : 32,
      "latency_target" : 0,
      "latency_percentile" : 100.000000,
      "latency_window" : 0
    }
  ],
  "disk_util" : [
    {
      "name" : "nvme3n1",
      "read_ios" : 30592327,
      "write_ios" : 0,
      "read_merges" : 0,
      "write_merges" : 0,
      "read_ticks" : 2161678,
      "write_ticks" : 0,
      "in_queue" : 2161679,
      "util" : 100.000000
    }
  ]
}
