{
  "fio version" : "fio-3.28",
  "timestamp" : 1734978050,
  "timestamp_ms" : 1734978050150,
  "time" : "Tue Dec 24 03:20:50 2024",
  "global options" : {
    "bs" : "16k",
    "ioengine" : "io_uring",
    "filesize" : "4G",
    "numjobs" : "4",
    "iodepth" : "32",
    "group_reporting" : "1",
    "runtime" : "60",
    "direct" : "1",
    "thread" : "1",
    "time_based" : "1",
    "filename" : "/dev/nvme3n1"
  },
  "jobs" : [
    {
      "jobname" : "seqwrite",
      "groupid" : 0,
      "error" : 0,
      "eta" : 0,
      "elapsed" : 61,
      "job options" : {
        "rw" : "write"
      },
      "read" : {
        "io_bytes" : 0,
        "io_kbytes" : 0,
        "bw_bytes" : 0,
        "bw" : 0,
        "iops" : 0.000000,
        "runtime" : 0,
        "total_ios" : 0,
        "short_ios" : 0,
        "drop_ios" : 0,
        "slat_ns" : {
          "min" : 0,
          "max" : 0,
          "mean" : 0.000000,
          "stddev" : 0.000000,
          "N" : 0
        },
        "clat_ns" : {
          "min" : 0,
          "max" : 0,
          "mean" : 0.000000,
          "stddev" : 0.000000,
          "N" : 0
        },
        "lat_ns" : {
          "min" : 0,
          "max" : 0,
          "mean" : 0.000000,
          "stddev" : 0.000000,
          "N" : 0
        },
        "bw_min" : 0,
        "bw_max" : 0,
        "bw_agg" : 0.000000,
        "bw_mean" : 0.000000,
        "bw_dev" : 0.000000,
        "bw_samples" : 0,
        "iops_min" : 0,
        "iops_max" : 0,
        "iops_mean" : 0.000000,
        "iops_stddev" : 0.000000,
        "iops_samples" : 0
      },
      "write" : {
        "io_bytes" : 69332107264,
        "io_kbytes" : 67707136,
        "bw_bytes" : 1155496604,
        "bw" : 1128414,
        "iops" : 70525.915803,
        "runtime" : 60002,
        "total_ios" : 4231696,
        "short_ios" : 0,
        "drop_ios" : 0,
        "slat_ns" : {
          "min" : 1750,
          "max" : 47810,
          "mean" : 3489.756607,
          "stddev" : 1134.826246,
          "N" : 4231696
        },
        "clat_ns" : {
          "min" : 16730,
          "max" : 14646978,
          "mean" : 1811096.254131,
          "stddev" : 963016.177659,
          "N" : 4231696,
          "percentile" : {
            "1.000000" : 232448,
            "5.000000" : 552960,
            "10.000000" : 675840,
            "20.000000" : 1073152,
            "30.000000" : 1269760,
            "40.000000" : 1515520,
            "50.000000" : 1679360,
            "60.000000" : 1859584,
            "70.000000" : 2113536,
            "80.000000" : 2408448,
            "90.000000" : 2965504,
            "95.000000" : 3588096,
            "99.000000" : 5079040,
            "99.500000" : 5734400,
            "99.900000" : 7176192,
            "99.950000" : 7831552,
            "99.990000" : 9240576
          }
        },
        "lat_ns" : {
          "min" : 18720,
          "max" : 14649908,
          "mean" : 1814652.623881,
          "stddev" : 962964.545740,
          "N" : 4231696
        },
        "bw_min" : 1021312,
        "bw_max" : 1285952,
        "bw_agg" : 100.000000,
        "bw_mean" : 1128895.462185,
        "bw_dev" : 13758.837665,
        "bw_samples" : 476,
        "iops_min" : 63832,
        "iops_max" : 80372,
        "iops_mean" : 70555.966387,
        "iops_stddev" : 859.927354,
        "iops_samples" : 476
      },
      "trim" : {
        "io_bytes" : 0,
        "io_kbytes" : 0,
        "bw_bytes" : 0,
        "bw" : 0,
        "iops" : 0.000000,
        "runtime" : 0,
        "total_ios" : 0,
        "short_ios" : 0,
        "drop_ios" : 0,
        "slat_ns" : {
          "min" : 0,
          "max" : 0,
          "mean" : 0.000000,
          "stddev" : 0.000000,
          "N" : 0
        },
        "clat_ns" : {
          "min" : 0,
          "max" : 0,
          "mean" : 0.000000,
          "stddev" : 0.000000,
          "N" : 0
        },
        "lat_ns" : {
          "min" : 0,
          "max" : 0,
          "mean" : 0.000000,
          "stddev" : 0.000000,
          "N" : 0
        },
        "bw_min" : 0,
        "bw_max" : 0,
        "bw_agg" : 0.000000,
        "bw_mean" : 0.000000,
        "bw_dev" : 0.000000,
        "bw_samples" : 0,
        "iops_min" : 0,
        "iops_max" : 0,
        "iops_mean" : 0.000000,
        "iops_stddev" : 0.000000,
        "iops_samples" : 0
      },
      "sync" : {
        "total_ios" : 0,
        "lat_ns" : {
          "min" : 0,
          "max" : 0,
          "mean" : 0.000000,
          "stddev" : 0.000000,
          "N" : 0
        }
      },
      "job_runtime" : 240004,
      "usr_cpu" : 1.682472,
      "sys_cpu" : 7.606123,
      "ctx" : 1562252,
      "majf" : 0,
      "minf" : 0,
      "iodepth_level" : {
        "1" : 0.100000,
        "2" : 0.100000,
        "4" : 0.100000,
        "8" : 0.100000,
        "16" : 0.100000,
        "32" : 99.997070,
        ">=64" : 0.000000
      },
      "iodepth_submit" : {
        "0" : 0.000000,
        "4" : 100.000000,
        "8" : 0.000000,
        "16" : 0.000000,
        "32" : 0.000000,
        "64" : 0.000000,
        ">=64" : 0.000000
      },
      "iodepth_complete" : {
        "0" : 0.000000,
        "4" : 99.999905,
        "8" : 0.000000,
        "16" : 0.000000,
        "32" : 0.100000,
        "64" : 0.000000,
        ">=64" : 0.000000
      },
      "latency_ns" : {
        "2" : 0.000000,
        "4" : 0.000000,
        "10" : 0.000000,
        "20" : 0.000000,
        "50" : 0.000000,
        "100" : 0.000000,
        "250" : 0.000000,
        "500" : 0.000000,
        "750" : 0.000000,
        "1000" : 0.000000
      },
      "latency_us" : {
        "2" : 0.000000,
        "4" : 0.000000,
        "10" : 0.000000,
        "20" : 0.010000,
        "50" : 0.010000,
        "100" : 0.010000,
        "250" : 1.186427,
        "500" : 1.570883,
        "750" : 9.171925,
        "1000" : 4.950899
      },
      "latency_ms" : {
        "2" : 48.635323,
        "4" : 31.276065,
        "10" : 3.193637,
        "20" : 0.010000,
        "50" : 0.000000,
        "100" : 0.000000,
        "250" : 0.000000,
        "500" : 0.000000,
        "750" : 0.000000,
        "1000" : 0.000000,
        "2000" : 0.000000,
        ">=2000" : 0.000000
      },
      "latency_depth" : 32,
      "latency_target" : 0,
      "latency_percentile" : 100.000000,
      "latency_window" : 0
    }
  ],
  "disk_util" : [
    {
      "name" : "nvme3n1",
      "read_ios" : 92,
      "write_ios" : 4224148,
      "read_merges" : 0,
      "write_merges" : 0,
      "read_ticks" : 1,
      "write_ticks" : 7638178,
      "in_queue" : 7638179,
      "util" : 99.854952
    }
  ]
}
