{
  "fio version" : "fio-3.28",
  "timestamp" : 1734978812,
  "timestamp_ms" : 1734978812302,
  "time" : "Tue Dec 24 03:33:32 2024",
  "global options" : {
    "bs" : "128k",
    "ioengine" : "io_uring",
    "filesize" : "4G",
    "numjobs" : "4",
    "iodepth" : "32",
    "group_reporting" : "1",
    "runtime" : "60",
    "direct" : "1",
    "thread" : "1",
    "time_based" : "1",
    "filename" : "/dev/nvme3n1"
  },
  "jobs" : [
    {
      "jobname" : "seqwrite",
      "groupid" : 0,
      "error" : 0,
      "eta" : 0,
      "elapsed" : 61,
      "job options" : {
        "rw" : "write"
      },
      "read" : {
        "io_bytes" : 0,
        "io_kbytes" : 0,
        "bw_bytes" : 0,
        "bw" : 0,
        "iops" : 0.000000,
        "runtime" : 0,
        "total_ios" : 0,
        "short_ios" : 0,
        "drop_ios" : 0,
        "slat_ns" : {
          "min" : 0,
          "max" : 0,
          "mean" : 0.000000,
          "stddev" : 0.000000,
          "N" : 0
        },
        "clat_ns" : {
          "min" : 0,
          "max" : 0,
          "mean" : 0.000000,
          "stddev" : 0.000000,
          "N" : 0
        },
        "lat_ns" : {
          "min" : 0,
          "max" : 0,
          "mean" : 0.000000,
          "stddev" : 0.000000,
          "N" : 0
        },
        "bw_min" : 0,
        "bw_max" : 0,
        "bw_agg" : 0.000000,
        "bw_mean" : 0.000000,
        "bw_dev" : 0.000000,
        "bw_samples" : 0,
        "iops_min" : 0,
        "iops_max" : 0,
        "iops_mean" : 0.000000,
        "iops_stddev" : 0.000000,
        "iops_samples" : 0
      },
      "write" : {
        "io_bytes" : 21876047872,
        "io_kbytes" : 21363328,
        "bw_bytes" : 364315417,
        "bw" : 355776,
        "iops" : 2779.506054,
        "runtime" : 60047,
        "total_ios" : 166901,
        "short_ios" : 0,
        "drop_ios" : 0,
        "slat_ns" : {
          "min" : 3220,
          "max" : 30240,
          "mean" : 8392.015650,
          "stddev" : 2081.750246,
          "N" : 166901
        },
        "clat_ns" : {
          "min" : 106660,
          "max" : 141031941,
          "mean" : 46037249.375726,
          "stddev" : 16980020.436269,
          "N" : 166901,
          "percentile" : {
            "1.000000" : 10551296,
            "5.000000" : 22937600,
            "10.000000" : 26869760,
            "20.000000" : 32112640,
            "30.000000" : 35913728,
            "40.000000" : 39583744,
            "50.000000" : 43778048,
            "60.000000" : 47972352,
            "70.000000" : 53215232,
            "80.000000" : 58982400,
            "90.000000" : 68681728,
            "95.000000" : 77070336,
            "99.000000" : 93847552,
            "99.500000" : 101187584,
            "99.900000" : 116916224,
            "99.950000" : 122159104,
            "99.990000" : 127401984
          }
        },
        "lat_ns" : {
          "min" : 119840,
          "max" : 141041611,
          "mean" : 46045718.126614,
          "stddev" : 16980014.800789,
          "N" : 166901
        },
        "bw_min" : 211968,
        "bw_max" : 537088,
        "bw_agg" : 100.000000,
        "bw_mean" : 355793.775000,
        "bw_dev" : 14711.431078,
        "bw_samples" : 480,
        "iops_min" : 1656,
        "iops_max" : 4196,
        "iops_mean" : 2779.633333,
        "iops_stddev" : 114.933205,
        "iops_samples" : 480
      },
      "trim" : {
        "io_bytes" : 0,
        "io_kbytes" : 0,
        "bw_bytes" : 0,
        "bw" : 0,
        "iops" : 0.000000,
        "runtime" : 0,
        "total_ios" : 0,
        "short_ios" : 0,
        "drop_ios" : 0,
        "slat_ns" : {
          "min" : 0,
          "max" : 0,
          "mean" : 0.000000,
          "stddev" : 0.000000,
          "N" : 0
        },
        "clat_ns" : {
          "min" : 0,
          "max" : 0,
          "mean" : 0.000000,
          "stddev" : 0.000000,
          "N" : 0
        },
        "lat_ns" : {
          "min" : 0,
          "max" : 0,
          "mean" : 0.000000,
          "stddev" : 0.000000,
          "N" : 0
        },
        "bw_min" : 0,
        "bw_max" : 0,
        "bw_agg" : 0.000000,
        "bw_mean" : 0.000000,
        "bw_dev" : 0.000000,
        "bw_samples" : 0,
        "iops_min" : 0,
        "iops_max" : 0,
        "iops_mean" : 0.000000,
        "iops_stddev" : 0.000000,
        "iops_samples" : 0
      },
      "sync" : {
        "total_ios" : 0,
        "lat_ns" : {
          "min" : 0,
          "max" : 0,
          "mean" : 0.000000,
          "stddev" : 0.000000,
          "N" : 0
        }
      },
      "job_runtime" : 240165,
      "usr_cpu" : 0.220265,
      "sys_cpu" : 0.831928,
      "ctx" : 163440,
      "majf" : 0,
      "minf" : 0,
      "iodepth_level" : {
        "1" : 0.100000,
        "2" : 0.100000,
        "4" : 0.100000,
        "8" : 0.100000,
        "16" : 0.100000,
        "32" : 99.925704,
        ">=64" : 0.000000
      },
      "iodepth_submit" : {
        "0" : 0.000000,
        "4" : 100.000000,
        "8" : 0.000000,
        "16" : 0.000000,
        "32" : 0.000000,
        "64" : 0.000000,
        ">=64" : 0.000000
      },
      "iodepth_complete" : {
        "0" : 0.000000,
        "4" : 99.997602,
        "8" : 0.000000,
        "16" : 0.000000,
        "32" : 0.100000,
        "64" : 0.000000,
        ">=64" : 0.000000
      },
      "latency_ns" : {
        "2" : 0.000000,
        "4" : 0.000000,
        "10" : 0.000000,
        "20" : 0.000000,
        "50" : 0.000000,
        "100" : 0.000000,
        "250" : 0.000000,
        "500" : 0.000000,
        "750" : 0.000000,
        "1000" : 0.000000
      },
      "latency_us" : {
        "2" : 0.000000,
        "4" : 0.000000,
        "10" : 0.000000,
        "20" : 0.000000,
        "50" : 0.000000,
        "100" : 0.000000,
        "250" : 0.029359,
        "500" : 0.010000,
        "750" : 0.000000,
        "1000" : 0.000000
      },
      "latency_ms" : {
        "2" : 0.166566,
        "4" : 0.200718,
        "10" : 0.529655,
        "20" : 2.113828,
        "50" : 61.354336,
        "100" : 35.061504,
        "250" : 0.542238,
        "500" : 0.000000,
        "750" : 0.000000,
        "1000" : 0.000000,
        "2000" : 0.000000,
        ">=2000" : 0.000000
      },
      "latency_depth" : 32,
      "latency_target" : 0,
      "latency_percentile" : 100.000000,
      "latency_window" : 0
    }
  ],
  "disk_util" : [
    {
      "name" : "nvme3n1",
      "read_ios" : 162,
      "write_ios" : 166487,
      "read_merges" : 0,
      "write_merges" : 0,
      "read_ticks" : 1,
      "write_ticks" : 7661067,
      "in_queue" : 7661069,
      "util" : 99.859951
    }
  ]
}
