{
  "fio version" : "fio-3.28",
  "timestamp" : 1732732917,
  "timestamp_ms" : 1732732917371,
  "time" : "Thu Nov 28 03:41:57 2024",
  "global options" : {
    "bs" : "256k",
    "ioengine" : "io_uring",
    "filesize" : "8G",
    "numjobs" : "4",
    "iodepth" : "32",
    "group_reporting" : "1",
    "runtime" : "30",
    "direct" : "1",
    "thread" : "1",
    "time_based" : "1",
    "filename" : "/dev/nvme3n1"
  },
  "jobs" : [
    {
      "jobname" : "seqwrite",
      "groupid" : 0,
      "error" : 0,
      "eta" : 0,
      "elapsed" : 31,
      "job options" : {
        "rw" : "write"
      },
      "read" : {
        "io_bytes" : 0,
        "io_kbytes" : 0,
        "bw_bytes" : 0,
        "bw" : 0,
        "iops" : 0.000000,
        "runtime" : 0,
        "total_ios" : 0,
        "short_ios" : 0,
        "drop_ios" : 0,
        "slat_ns" : {
          "min" : 0,
          "max" : 0,
          "mean" : 0.000000,
          "stddev" : 0.000000,
          "N" : 0
        },
        "clat_ns" : {
          "min" : 0,
          "max" : 0,
          "mean" : 0.000000,
          "stddev" : 0.000000,
          "N" : 0
        },
        "lat_ns" : {
          "min" : 0,
          "max" : 0,
          "mean" : 0.000000,
          "stddev" : 0.000000,
          "N" : 0
        },
        "bw_min" : 0,
        "bw_max" : 0,
        "bw_agg" : 0.000000,
        "bw_mean" : 0.000000,
        "bw_dev" : 0.000000,
        "bw_samples" : 0,
        "iops_min" : 0,
        "iops_max" : 0,
        "iops_mean" : 0.000000,
        "iops_stddev" : 0.000000,
        "iops_samples" : 0
      },
      "write" : {
        "io_bytes" : 119986192384,
        "io_kbytes" : 117174016,
        "bw_bytes" : 3998207010,
        "bw" : 3904499,
        "iops" : 15251.949350,
        "runtime" : 30010,
        "total_ios" : 457711,
        "short_ios" : 0,
        "drop_ios" : 0,
        "slat_ns" : {
          "min" : 4970,
          "max" : 268649,
          "mean" : 10976.169295,
          "stddev" : 2654.338070,
          "N" : 457711
        },
        "clat_ns" : {
          "min" : 56800,
          "max" : 18534521,
          "mean" : 8380636.686245,
          "stddev" : 3032716.347917,
          "N" : 457711,
          "percentile" : {
            "1.000000" : 75264,
            "5.000000" : 162816,
            "10.000000" : 218112,
            "20.000000" : 9371648,
            "30.000000" : 9502720,
            "40.000000" : 9502720,
            "50.000000" : 9502720,
            "60.000000" : 9502720,
            "70.000000" : 9502720,
            "80.000000" : 9502720,
            "90.000000" : 9502720,
            "95.000000" : 9502720,
            "99.000000" : 9502720,
            "99.500000" : 9502720,
            "99.900000" : 9633792,
            "99.950000" : 9633792,
            "99.990000" : 15138816
          }
        },
        "lat_ns" : {
          "min" : 66360,
          "max" : 18543831,
          "mean" : 8391668.917125,
          "stddev" : 3032855.130409,
          "N" : 457711
        },
        "bw_min" : 3428864,
        "bw_max" : 4260352,
        "bw_agg" : 100.000000,
        "bw_mean" : 3912875.101695,
        "bw_dev" : 80592.201273,
        "bw_samples" : 236,
        "iops_min" : 13394,
        "iops_max" : 16642,
        "iops_mean" : 15284.644068,
        "iops_stddev" : 314.822274,
        "iops_samples" : 236
      },
      "trim" : {
        "io_bytes" : 0,
        "io_kbytes" : 0,
        "bw_bytes" : 0,
        "bw" : 0,
        "iops" : 0.000000,
        "runtime" : 0,
        "total_ios" : 0,
        "short_ios" : 0,
        "drop_ios" : 0,
        "slat_ns" : {
          "min" : 0,
          "max" : 0,
          "mean" : 0.000000,
          "stddev" : 0.000000,
          "N" : 0
        },
        "clat_ns" : {
          "min" : 0,
          "max" : 0,
          "mean" : 0.000000,
          "stddev" : 0.000000,
          "N" : 0
        },
        "lat_ns" : {
          "min" : 0,
          "max" : 0,
          "mean" : 0.000000,
          "stddev" : 0.000000,
          "N" : 0
        },
        "bw_min" : 0,
        "bw_max" : 0,
        "bw_agg" : 0.000000,
        "bw_mean" : 0.000000,
        "bw_dev" : 0.000000,
        "bw_samples" : 0,
        "iops_min" : 0,
        "iops_max" : 0,
        "iops_mean" : 0.000000,
        "iops_stddev" : 0.000000,
        "iops_samples" : 0
      },
      "sync" : {
        "total_ios" : 0,
        "lat_ns" : {
          "min" : 0,
          "max" : 0,
          "mean" : 0.000000,
          "stddev" : 0.000000,
          "N" : 0
        }
      },
      "job_runtime" : 120035,
      "usr_cpu" : 1.237972,
      "sys_cpu" : 5.112675,
      "ctx" : 448928,
      "majf" : 0,
      "minf" : 0,
      "iodepth_level" : {
        "1" : 0.100000,
        "2" : 0.100000,
        "4" : 0.100000,
        "8" : 0.100000,
        "16" : 0.100000,
        "32" : 99.972909,
        ">=64" : 0.000000
      },
      "iodepth_submit" : {
        "0" : 0.000000,
        "4" : 100.000000,
        "8" : 0.000000,
        "16" : 0.000000,
        "32" : 0.000000,
        "64" : 0.000000,
        ">=64" : 0.000000
      },
      "iodepth_complete" : {
        "0" : 0.000000,
        "4" : 99.999126,
        "8" : 0.000000,
        "16" : 0.000000,
        "32" : 0.100000,
        "64" : 0.000000,
        ">=64" : 0.000000
      },
      "latency_ns" : {
        "2" : 0.000000,
        "4" : 0.000000,
        "10" : 0.000000,
        "20" : 0.000000,
        "50" : 0.000000,
        "100" : 0.000000,
        "250" : 0.000000,
        "500" : 0.000000,
        "750" : 0.000000,
        "1000" : 0.000000
      },
      "latency_us" : {
        "2" : 0.000000,
        "4" : 0.000000,
        "10" : 0.000000,
        "20" : 0.000000,
        "50" : 0.000000,
        "100" : 2.900302,
        "250" : 8.197531,
        "500" : 0.862990,
        "750" : 0.010000,
        "1000" : 0.000000
      },
      "latency_ms" : {
        "2" : 0.010000,
        "4" : 0.010000,
        "10" : 88.001818,
        "20" : 0.024470,
        "50" : 0.000000,
        "100" : 0.000000,
        "250" : 0.000000,
        "500" : 0.000000,
        "750" : 0.000000,
        "1000" : 0.000000,
        "2000" : 0.000000,
        ">=2000" : 0.000000
      },
      "latency_depth" : 32,
      "latency_target" : 0,
      "latency_percentile" : 100.000000,
      "latency_window" : 0
    }
  ],
  "disk_util" : [
    {
      "name" : "nvme3n1",
      "read_ios" : 86,
      "write_ios" : 456108,
      "read_merges" : 0,
      "write_merges" : 0,
      "read_ticks" : 0,
      "write_ticks" : 3818943,
      "in_queue" : 3818943,
      "util" : 99.703175
    }
  ]
}
