{
  "fio version" : "fio-3.28",
  "timestamp" : 1736175694,
  "timestamp_ms" : 1736175694420,
  "time" : "Tue Jan  7 00:01:34 2025",
  "global options" : {
    "bs" : "8k",
    "ioengine" : "io_uring",
    "filesize" : "4G",
    "numjobs" : "4",
    "iodepth" : "32",
    "group_reporting" : "1",
    "runtime" : "60",
    "direct" : "1",
    "thread" : "1",
    "time_based" : "1",
    "filename" : "/dev/nvme3n1"
  },
  "jobs" : [
    {
      "jobname" : "seqwrite",
      "groupid" : 0,
      "error" : 0,
      "eta" : 0,
      "elapsed" : 61,
      "job options" : {
        "rw" : "write"
      },
      "read" : {
        "io_bytes" : 0,
        "io_kbytes" : 0,
        "bw_bytes" : 0,
        "bw" : 0,
        "iops" : 0.000000,
        "runtime" : 0,
        "total_ios" : 0,
        "short_ios" : 0,
        "drop_ios" : 0,
        "slat_ns" : {
          "min" : 0,
          "max" : 0,
          "mean" : 0.000000,
          "stddev" : 0.000000,
          "N" : 0
        },
        "clat_ns" : {
          "min" : 0,
          "max" : 0,
          "mean" : 0.000000,
          "stddev" : 0.000000,
          "N" : 0
        },
        "lat_ns" : {
          "min" : 0,
          "max" : 0,
          "mean" : 0.000000,
          "stddev" : 0.000000,
          "N" : 0
        },
        "bw_min" : 0,
        "bw_max" : 0,
        "bw_agg" : 0.000000,
        "bw_mean" : 0.000000,
        "bw_dev" : 0.000000,
        "bw_samples" : 0,
        "iops_min" : 0,
        "iops_max" : 0,
        "iops_mean" : 0.000000,
        "iops_stddev" : 0.000000,
        "iops_samples" : 0
      },
      "write" : {
        "io_bytes" : 73815064576,
        "io_kbytes" : 72085024,
        "bw_bytes" : 1230230572,
        "bw" : 1201397,
        "iops" : 150174.630423,
        "runtime" : 60001,
        "total_ios" : 9010628,
        "short_ios" : 0,
        "drop_ios" : 0,
        "slat_ns" : {
          "min" : 1320,
          "max" : 243687,
          "mean" : 2393.463062,
          "stddev" : 1132.513973,
          "N" : 9010628
        },
        "clat_ns" : {
          "min" : 460,
          "max" : 4036020,
          "mean" : 849640.994814,
          "stddev" : 319871.593229,
          "N" : 9010628,
          "percentile" : {
            "1.000000" : 158720,
            "5.000000" : 378880,
            "10.000000" : 477184,
            "20.000000" : 651264,
            "30.000000" : 708608,
            "40.000000" : 741376,
            "50.000000" : 782336,
            "60.000000" : 831488,
            "70.000000" : 970752,
            "80.000000" : 1089536,
            "90.000000" : 1236992,
            "95.000000" : 1449984,
            "99.000000" : 1826816,
            "99.500000" : 1990656,
            "99.900000" : 2408448,
            "99.950000" : 2605056,
            "99.990000" : 3063808
          }
        },
        "lat_ns" : {
          "min" : 11260,
          "max" : 4037690,
          "mean" : 852090.308996,
          "stddev" : 319744.764418,
          "N" : 9010628
        },
        "bw_min" : 1078112,
        "bw_max" : 1437920,
        "bw_agg" : 100.000000,
        "bw_mean" : 1201766.184874,
        "bw_dev" : 16171.496833,
        "bw_samples" : 476,
        "iops_min" : 134764,
        "iops_max" : 179740,
        "iops_mean" : 150220.773109,
        "iops_stddev" : 2021.437104,
        "iops_samples" : 476
      },
      "trim" : {
        "io_bytes" : 0,
        "io_kbytes" : 0,
        "bw_bytes" : 0,
        "bw" : 0,
        "iops" : 0.000000,
        "runtime" : 0,
        "total_ios" : 0,
        "short_ios" : 0,
        "drop_ios" : 0,
        "slat_ns" : {
          "min" : 0,
          "max" : 0,
          "mean" : 0.000000,
          "stddev" : 0.000000,
          "N" : 0
        },
        "clat_ns" : {
          "min" : 0,
          "max" : 0,
          "mean" : 0.000000,
          "stddev" : 0.000000,
          "N" : 0
        },
        "lat_ns" : {
          "min" : 0,
          "max" : 0,
          "mean" : 0.000000,
          "stddev" : 0.000000,
          "N" : 0
        },
        "bw_min" : 0,
        "bw_max" : 0,
        "bw_agg" : 0.000000,
        "bw_mean" : 0.000000,
        "bw_dev" : 0.000000,
        "bw_samples" : 0,
        "iops_min" : 0,
        "iops_max" : 0,
        "iops_mean" : 0.000000,
        "iops_stddev" : 0.000000,
        "iops_samples" : 0
      },
      "sync" : {
        "total_ios" : 0,
        "lat_ns" : {
          "min" : 0,
          "max" : 0,
          "mean" : 0.000000,
          "stddev" : 0.000000,
          "N" : 0
        }
      },
      "job_runtime" : 240000,
      "usr_cpu" : 2.392917,
      "sys_cpu" : 10.798750,
      "ctx" : 1738860,
      "majf" : 0,
      "minf" : 0,
      "iodepth_level" : {
        "1" : 0.100000,
        "2" : 0.100000,
        "4" : 0.100000,
        "8" : 0.100000,
        "16" : 0.100000,
        "32" : 99.998624,
        ">=64" : 0.000000
      },
      "iodepth_submit" : {
        "0" : 0.000000,
        "4" : 100.000000,
        "8" : 0.000000,
        "16" : 0.000000,
        "32" : 0.000000,
        "64" : 0.000000,
        ">=64" : 0.000000
      },
      "iodepth_complete" : {
        "0" : 0.000000,
        "4" : 99.999956,
        "8" : 0.000000,
        "16" : 0.000000,
        "32" : 0.100000,
        "64" : 0.000000,
        ">=64" : 0.000000
      },
      "latency_ns" : {
        "2" : 0.000000,
        "4" : 0.000000,
        "10" : 0.000000,
        "20" : 0.000000,
        "50" : 0.000000,
        "100" : 0.000000,
        "250" : 0.000000,
        "500" : 0.010000,
        "750" : 0.000000,
        "1000" : 0.000000
      },
      "latency_us" : {
        "2" : 0.000000,
        "4" : 0.010000,
        "10" : 0.010000,
        "20" : 0.070927,
        "50" : 0.215301,
        "100" : 0.378475,
        "250" : 0.832772,
        "500" : 9.425381,
        "750" : 31.614478,
        "1000" : 29.348065
      },
      "latency_ms" : {
        "2" : 27.632613,
        "4" : 0.480521,
        "10" : 0.010000,
        "20" : 0.000000,
        "50" : 0.000000,
        "100" : 0.000000,
        "250" : 0.000000,
        "500" : 0.000000,
        "750" : 0.000000,
        "1000" : 0.000000,
        "2000" : 0.000000,
        ">=2000" : 0.000000
      },
      "latency_depth" : 32,
      "latency_target" : 0,
      "latency_percentile" : 100.000000,
      "latency_window" : 0
    }
  ],
  "disk_util" : [
    {
      "name" : "nvme3n1",
      "read_ios" : 92,
      "write_ios" : 8994290,
      "read_merges" : 0,
      "write_merges" : 0,
      "read_ticks" : 1,
      "write_ticks" : 7574025,
      "in_queue" : 7574027,
      "util" : 99.866618
    }
  ]
}
