{
  "fio version" : "fio-3.28",
  "timestamp" : 1743407741,
  "timestamp_ms" : 1743407741197,
  "time" : "Mon Mar 31 16:55:41 2025",
  "global options" : {
    "bs" : "32k",
    "ioengine" : "psync",
    "size" : "12G",
    "numjobs" : "1",
    "iodepth" : "1",
    "group_reporting" : "1",
    "direct" : "1",
    "thread" : "1",
    "filename" : "/dev/nvme3n1"
  },
  "jobs" : [
    {
      "jobname" : "seqwrite",
      "groupid" : 0,
      "error" : 0,
      "eta" : 0,
      "elapsed" : 14,
      "job options" : {
        "rw" : "rw"
      },
      "read" : {
        "io_bytes" : 6445662208,
        "io_kbytes" : 6294592,
        "bw_bytes" : 489940879,
        "bw" : 478457,
        "iops" : 14951.809061,
        "runtime" : 13156,
        "total_ios" : 196706,
        "short_ios" : 0,
        "drop_ios" : 0,
        "slat_ns" : {
          "min" : 0,
          "max" : 0,
          "mean" : 0.000000,
          "stddev" : 0.000000,
          "N" : 0
        },
        "clat_ns" : {
          "min" : 6680,
          "max" : 294760,
          "mean" : 42667.225311,
          "stddev" : 55176.443961,
          "N" : 196706,
          "percentile" : {
            "1.000000" : 7328,
            "5.000000" : 7520,
            "10.000000" : 7712,
            "20.000000" : 7904,
            "30.000000" : 8160,
            "40.000000" : 8384,
            "50.000000" : 8768,
            "60.000000" : 9280,
            "70.000000" : 13632,
            "80.000000" : 112128,
            "90.000000" : 122368,
            "95.000000" : 124416,
            "99.000000" : 232448,
            "99.500000" : 246784,
            "99.900000" : 254976,
            "99.950000" : 257024,
            "99.990000" : 259072
          }
        },
        "lat_ns" : {
          "min" : 6700,
          "max" : 294790,
          "mean" : 42690.295502,
          "stddev" : 55179.107098,
          "N" : 196706
        },
        "bw_min" : 210432,
        "bw_max" : 1015104,
        "bw_agg" : 98.858439,
        "bw_mean" : 472996.923077,
        "bw_dev" : 339896.937717,
        "bw_samples" : 26,
        "iops_min" : 6576,
        "iops_max" : 31722,
        "iops_mean" : 14781.153846,
        "iops_stddev" : 10621.779304,
        "iops_samples" : 26
      },
      "write" : {
        "io_bytes" : 6439239680,
        "io_kbytes" : 6288320,
        "bw_bytes" : 489452696,
        "bw" : 477981,
        "iops" : 14936.910915,
        "runtime" : 13156,
        "total_ios" : 196510,
        "short_ios" : 0,
        "drop_ios" : 0,
        "slat_ns" : {
          "min" : 0,
          "max" : 0,
          "mean" : 0.000000,
          "stddev" : 0.000000,
          "N" : 0
        },
        "clat_ns" : {
          "min" : 22100,
          "max" : 434930,
          "mean" : 23437.422391,
          "stddev" : 1865.671073,
          "N" : 196510,
          "percentile" : {
            "1.000000" : 22400,
            "5.000000" : 22400,
            "10.000000" : 22656,
            "20.000000" : 22656,
            "30.000000" : 22912,
            "40.000000" : 22912,
            "50.000000" : 23168,
            "60.000000" : 23168,
            "70.000000" : 23424,
            "80.000000" : 23680,
            "90.000000" : 24448,
            "95.000000" : 25216,
            "99.000000" : 28544,
            "99.500000" : 31872,
            "99.900000" : 41216,
            "99.950000" : 46336,
            "99.990000" : 68096
          }
        },
        "lat_ns" : {
          "min" : 22210,
          "max" : 441860,
          "mean" : 23840.588367,
          "stddev" : 2217.241243,
          "N" : 196510
        },
        "bw_min" : 207104,
        "bw_max" : 1010688,
        "bw_agg" : 98.827329,
        "bw_mean" : 472376.615385,
        "bw_dev" : 339397.723783,
        "bw_samples" : 26,
        "iops_min" : 6472,
        "iops_max" : 31584,
        "iops_mean" : 14761.769231,
        "iops_stddev" : 10606.178868,
        "iops_samples" : 26
      },
      "trim" : {
        "io_bytes" : 0,
        "io_kbytes" : 0,
        "bw_bytes" : 0,
        "bw" : 0,
        "iops" : 0.000000,
        "runtime" : 0,
        "total_ios" : 0,
        "short_ios" : 0,
        "drop_ios" : 0,
        "slat_ns" : {
          "min" : 0,
          "max" : 0,
          "mean" : 0.000000,
          "stddev" : 0.000000,
          "N" : 0
        },
        "clat_ns" : {
          "min" : 0,
          "max" : 0,
          "mean" : 0.000000,
          "stddev" : 0.000000,
          "N" : 0
        },
        "lat_ns" : {
          "min" : 0,
          "max" : 0,
          "mean" : 0.000000,
          "stddev" : 0.000000,
          "N" : 0
        },
        "bw_min" : 0,
        "bw_max" : 0,
        "bw_agg" : 0.000000,
        "bw_mean" : 0.000000,
        "bw_dev" : 0.000000,
        "bw_samples" : 0,
        "iops_min" : 0,
        "iops_max" : 0,
        "iops_mean" : 0.000000,
        "iops_stddev" : 0.000000,
        "iops_samples" : 0
      },
      "sync" : {
        "total_ios" : 0,
        "lat_ns" : {
          "min" : 0,
          "max" : 0,
          "mean" : 0.000000,
          "stddev" : 0.000000,
          "N" : 0
        }
      },
      "job_runtime" : 13155,
      "usr_cpu" : 2.417332,
      "sys_cpu" : 12.907640,
      "ctx" : 393407,
      "majf" : 0,
      "minf" : 0,
      "iodepth_level" : {
        "1" : 100.000000,
        "2" : 0.000000,
        "4" : 0.000000,
        "8" : 0.000000,
        "16" : 0.000000,
        "32" : 0.000000,
        ">=64" : 0.000000
      },
      "iodepth_submit" : {
        "0" : 0.000000,
        "4" : 100.000000,
        "8" : 0.000000,
        "16" : 0.000000,
        "32" : 0.000000,
        "64" : 0.000000,
        ">=64" : 0.000000
      },
      "iodepth_complete" : {
        "0" : 0.000000,
        "4" : 100.000000,
        "8" : 0.000000,
        "16" : 0.000000,
        "32" : 0.000000,
        "64" : 0.000000,
        ">=64" : 0.000000
      },
      "latency_ns" : {
        "2" : 0.000000,
        "4" : 0.000000,
        "10" : 0.000000,
        "20" : 0.000000,
        "50" : 0.000000,
        "100" : 0.000000,
        "250" : 0.000000,
        "500" : 0.000000,
        "750" : 0.000000,
        "1000" : 0.000000
      },
      "latency_us" : {
        "2" : 0.000000,
        "4" : 0.000000,
        "10" : 32.854207,
        "20" : 2.457428,
        "50" : 50.027720,
        "100" : 0.017548,
        "250" : 14.400736,
        "500" : 0.242360,
        "750" : 0.000000,
        "1000" : 0.000000
      },
      "latency_ms" : {
        "2" : 0.000000,
        "4" : 0.000000,
        "10" : 0.000000,
        "20" : 0.000000,
        "50" : 0.000000,
        "100" : 0.000000,
        "250" : 0.000000,
        "500" : 0.000000,
        "750" : 0.000000,
        "1000" : 0.000000,
        "2000" : 0.000000,
        ">=2000" : 0.000000
      },
      "latency_depth" : 1,
      "latency_target" : 0,
      "latency_percentile" : 100.000000,
      "latency_window" : 0
    }
  ],
  "disk_util" : [
    {
      "name" : "nvme3n1",
      "read_ios" : 196435,
      "write_ios" : 196222,
      "read_merges" : 0,
      "write_merges" : 0,
      "read_ticks" : 7589,
      "write_ticks" : 3829,
      "in_queue" : 11418,
      "util" : 87.033681
    }
  ]
}
