{
  "fio version" : "fio-3.28",
  "timestamp" : 1743407366,
  "timestamp_ms" : 1743407366044,
  "time" : "Mon Mar 31 16:49:26 2025",
  "global options" : {
    "bs" : "128k",
    "ioengine" : "io_uring",
    "size" : "12G",
    "numjobs" : "4",
    "iodepth" : "16",
    "group_reporting" : "1",
    "direct" : "1",
    "thread" : "1",
    "filename" : "/dev/nvme3n1"
  },
  "jobs" : [
    {
      "jobname" : "seqwrite",
      "groupid" : 0,
      "error" : 0,
      "eta" : 0,
      "elapsed" : 23,
      "job options" : {
        "rw" : "write"
      },
      "read" : {
        "io_bytes" : 0,
        "io_kbytes" : 0,
        "bw_bytes" : 0,
        "bw" : 0,
        "iops" : 0.000000,
        "runtime" : 0,
        "total_ios" : 0,
        "short_ios" : 0,
        "drop_ios" : 0,
        "slat_ns" : {
          "min" : 0,
          "max" : 0,
          "mean" : 0.000000,
          "stddev" : 0.000000,
          "N" : 0
        },
        "clat_ns" : {
          "min" : 0,
          "max" : 0,
          "mean" : 0.000000,
          "stddev" : 0.000000,
          "N" : 0
        },
        "lat_ns" : {
          "min" : 0,
          "max" : 0,
          "mean" : 0.000000,
          "stddev" : 0.000000,
          "N" : 0
        },
        "bw_min" : 0,
        "bw_max" : 0,
        "bw_agg" : 0.000000,
        "bw_mean" : 0.000000,
        "bw_dev" : 0.000000,
        "bw_samples" : 0,
        "iops_min" : 0,
        "iops_max" : 0,
        "iops_mean" : 0.000000,
        "iops_stddev" : 0.000000,
        "iops_samples" : 0
      },
      "write" : {
        "io_bytes" : 51539607552,
        "io_kbytes" : 50331648,
        "bw_bytes" : 2344414462,
        "bw" : 2289467,
        "iops" : 17886.462882,
        "runtime" : 21984,
        "total_ios" : 393216,
        "short_ios" : 0,
        "drop_ios" : 0,
        "slat_ns" : {
          "min" : 3190,
          "max" : 84030,
          "mean" : 6925.456446,
          "stddev" : 2092.277604,
          "N" : 393216
        },
        "clat_ns" : {
          "min" : 62990,
          "max" : 21739574,
          "mean" : 3531951.695602,
          "stddev" : 2109615.800685,
          "N" : 393216,
          "percentile" : {
            "1.000000" : 370688,
            "5.000000" : 1089536,
            "10.000000" : 1400832,
            "20.000000" : 1843200,
            "30.000000" : 2244608,
            "40.000000" : 2670592,
            "50.000000" : 3063808,
            "60.000000" : 3555328,
            "70.000000" : 4079616,
            "80.000000" : 4947968,
            "90.000000" : 6258688,
            "95.000000" : 7634944,
            "99.000000" : 10682368,
            "99.500000" : 11993088,
            "99.900000" : 14352384,
            "99.950000" : 15138816,
            "99.990000" : 17956864
          }
        },
        "lat_ns" : {
          "min" : 78739,
          "max" : 21746514,
          "mean" : 3538938.747569,
          "stddev" : 2109621.198491,
          "N" : 393216
        },
        "bw_min" : 1702656,
        "bw_max" : 2952704,
        "bw_agg" : 100.000000,
        "bw_mean" : 2290378.418605,
        "bw_dev" : 72796.237478,
        "bw_samples" : 172,
        "iops_min" : 13302,
        "iops_max" : 23068,
        "iops_mean" : 17893.581395,
        "iops_stddev" : 568.720605,
        "iops_samples" : 172
      },
      "trim" : {
        "io_bytes" : 0,
        "io_kbytes" : 0,
        "bw_bytes" : 0,
        "bw" : 0,
        "iops" : 0.000000,
        "runtime" : 0,
        "total_ios" : 0,
        "short_ios" : 0,
        "drop_ios" : 0,
        "slat_ns" : {
          "min" : 0,
          "max" : 0,
          "mean" : 0.000000,
          "stddev" : 0.000000,
          "N" : 0
        },
        "clat_ns" : {
          "min" : 0,
          "max" : 0,
          "mean" : 0.000000,
          "stddev" : 0.000000,
          "N" : 0
        },
        "lat_ns" : {
          "min" : 0,
          "max" : 0,
          "mean" : 0.000000,
          "stddev" : 0.000000,
          "N" : 0
        },
        "bw_min" : 0,
        "bw_max" : 0,
        "bw_agg" : 0.000000,
        "bw_mean" : 0.000000,
        "bw_dev" : 0.000000,
        "bw_samples" : 0,
        "iops_min" : 0,
        "iops_max" : 0,
        "iops_mean" : 0.000000,
        "iops_stddev" : 0.000000,
        "iops_samples" : 0
      },
      "sync" : {
        "total_ios" : 0,
        "lat_ns" : {
          "min" : 0,
          "max" : 0,
          "mean" : 0.000000,
          "stddev" : 0.000000,
          "N" : 0
        }
      },
      "job_runtime" : 86981,
      "usr_cpu" : 1.664731,
      "sys_cpu" : 3.168508,
      "ctx" : 272502,
      "majf" : 0,
      "minf" : 3,
      "iodepth_level" : {
        "1" : 0.100000,
        "2" : 0.100000,
        "4" : 0.100000,
        "8" : 0.100000,
        "16" : 99.984741,
        "32" : 0.000000,
        ">=64" : 0.000000
      },
      "iodepth_submit" : {
        "0" : 0.000000,
        "4" : 100.000000,
        "8" : 0.000000,
        "16" : 0.000000,
        "32" : 0.000000,
        "64" : 0.000000,
        ">=64" : 0.000000
      },
      "iodepth_complete" : {
        "0" : 0.000000,
        "4" : 99.998983,
        "8" : 0.000000,
        "16" : 0.100000,
        "32" : 0.000000,
        "64" : 0.000000,
        ">=64" : 0.000000
      },
      "latency_ns" : {
        "2" : 0.000000,
        "4" : 0.000000,
        "10" : 0.000000,
        "20" : 0.000000,
        "50" : 0.000000,
        "100" : 0.000000,
        "250" : 0.000000,
        "500" : 0.000000,
        "750" : 0.000000,
        "1000" : 0.000000
      },
      "latency_us" : {
        "2" : 0.000000,
        "4" : 0.000000,
        "10" : 0.000000,
        "20" : 0.000000,
        "50" : 0.000000,
        "100" : 0.010000,
        "250" : 0.613149,
        "500" : 1.083883,
        "750" : 0.994619,
        "1000" : 1.773071
      },
      "latency_ms" : {
        "2" : 18.285878,
        "4" : 45.167796,
        "10" : 30.608114,
        "20" : 1.463826,
        "50" : 0.010000,
        "100" : 0.000000,
        "250" : 0.000000,
        "500" : 0.000000,
        "750" : 0.000000,
        "1000" : 0.000000,
        "2000" : 0.000000,
        ">=2000" : 0.000000
      },
      "latency_depth" : 16,
      "latency_target" : 0,
      "latency_percentile" : 100.000000,
      "latency_window" : 0
    }
  ],
  "disk_util" : [
    {
      "name" : "nvme3n1",
      "read_ios" : 113,
      "write_ios" : 391627,
      "read_merges" : 0,
      "write_merges" : 0,
      "read_ticks" : 350,
      "write_ticks" : 1384700,
      "in_queue" : 1385050,
      "util" : 100.000000
    }
  ]
}
