{
  "fio version" : "fio-3.28",
  "timestamp" : 1740556157,
  "timestamp_ms" : 1740556157595,
  "time" : "Wed Feb 26 16:49:17 2025",
  "global options" : {
    "bs" : "8k",
    "ioengine" : "io_uring",
    "size" : "12G",
    "numjobs" : "4",
    "iodepth" : "16",
    "group_reporting" : "1",
    "direct" : "1",
    "thread" : "1",
    "filename" : "/dev/nvme3n1"
  },
  "jobs" : [
    {
      "jobname" : "randwrite",
      "groupid" : 0,
      "error" : 0,
      "eta" : 0,
      "elapsed" : 94,
      "job options" : {
        "rw" : "randwrite"
      },
      "read" : {
        "io_bytes" : 0,
        "io_kbytes" : 0,
        "bw_bytes" : 0,
        "bw" : 0,
        "iops" : 0.000000,
        "runtime" : 0,
        "total_ios" : 0,
        "short_ios" : 0,
        "drop_ios" : 0,
        "slat_ns" : {
          "min" : 0,
          "max" : 0,
          "mean" : 0.000000,
          "stddev" : 0.000000,
          "N" : 0
        },
        "clat_ns" : {
          "min" : 0,
          "max" : 0,
          "mean" : 0.000000,
          "stddev" : 0.000000,
          "N" : 0
        },
        "lat_ns" : {
          "min" : 0,
          "max" : 0,
          "mean" : 0.000000,
          "stddev" : 0.000000,
          "N" : 0
        },
        "bw_min" : 0,
        "bw_max" : 0,
        "bw_agg" : 0.000000,
        "bw_mean" : 0.000000,
        "bw_dev" : 0.000000,
        "bw_samples" : 0,
        "iops_min" : 0,
        "iops_max" : 0,
        "iops_mean" : 0.000000,
        "iops_stddev" : 0.000000,
        "iops_samples" : 0
      },
      "write" : {
        "io_bytes" : 51539607552,
        "io_kbytes" : 50331648,
        "bw_bytes" : 551656454,
        "bw" : 538727,
        "iops" : 67340.875764,
        "runtime" : 93427,
        "total_ios" : 6291456,
        "short_ios" : 0,
        "drop_ios" : 0,
        "slat_ns" : {
          "min" : 1460,
          "max" : 39589,
          "mean" : 1854.761806,
          "stddev" : 488.617095,
          "N" : 6291456
        },
        "clat_ns" : {
          "min" : 9760,
          "max" : 3648572,
          "mean" : 938327.985616,
          "stddev" : 272687.326246,
          "N" : 6291456,
          "percentile" : {
            "1.000000" : 403456,
            "5.000000" : 552960,
            "10.000000" : 626688,
            "20.000000" : 708608,
            "30.000000" : 782336,
            "40.000000" : 856064,
            "50.000000" : 905216,
            "60.000000" : 970752,
            "70.000000" : 1056768,
            "80.000000" : 1155072,
            "90.000000" : 1302528,
            "95.000000" : 1417216,
            "99.000000" : 1679360,
            "99.500000" : 1794048,
            "99.900000" : 2023424,
            "99.950000" : 2146304,
            "99.990000" : 2375680
          }
        },
        "lat_ns" : {
          "min" : 12720,
          "max" : 3650292,
          "mean" : 940228.526651,
          "stddev" : 272629.677050,
          "N" : 6291456
        },
        "bw_min" : 479168,
        "bw_max" : 788976,
        "bw_agg" : 100.000000,
        "bw_mean" : 542829.608835,
        "bw_dev" : 13335.118563,
        "bw_samples" : 737,
        "iops_min" : 59896,
        "iops_max" : 98622,
        "iops_mean" : 67853.689993,
        "iops_stddev" : 1666.886356,
        "iops_samples" : 737
      },
      "trim" : {
        "io_bytes" : 0,
        "io_kbytes" : 0,
        "bw_bytes" : 0,
        "bw" : 0,
        "iops" : 0.000000,
        "runtime" : 0,
        "total_ios" : 0,
        "short_ios" : 0,
        "drop_ios" : 0,
        "slat_ns" : {
          "min" : 0,
          "max" : 0,
          "mean" : 0.000000,
          "stddev" : 0.000000,
          "N" : 0
        },
        "clat_ns" : {
          "min" : 0,
          "max" : 0,
          "mean" : 0.000000,
          "stddev" : 0.000000,
          "N" : 0
        },
        "lat_ns" : {
          "min" : 0,
          "max" : 0,
          "mean" : 0.000000,
          "stddev" : 0.000000,
          "N" : 0
        },
        "bw_min" : 0,
        "bw_max" : 0,
        "bw_agg" : 0.000000,
        "bw_mean" : 0.000000,
        "bw_dev" : 0.000000,
        "bw_samples" : 0,
        "iops_min" : 0,
        "iops_max" : 0,
        "iops_mean" : 0.000000,
        "iops_stddev" : 0.000000,
        "iops_samples" : 0
      },
      "sync" : {
        "total_ios" : 0,
        "lat_ns" : {
          "min" : 0,
          "max" : 0,
          "mean" : 0.000000,
          "stddev" : 0.000000,
          "N" : 0
        }
      },
      "job_runtime" : 369790,
      "usr_cpu" : 1.178507,
      "sys_cpu" : 5.952838,
      "ctx" : 4852659,
      "majf" : 0,
      "minf" : 0,
      "iodepth_level" : {
        "1" : 0.100000,
        "2" : 0.100000,
        "4" : 0.100000,
        "8" : 0.100000,
        "16" : 99.999046,
        "32" : 0.000000,
        ">=64" : 0.000000
      },
      "iodepth_submit" : {
        "0" : 0.000000,
        "4" : 100.000000,
        "8" : 0.000000,
        "16" : 0.000000,
        "32" : 0.000000,
        "64" : 0.000000,
        ">=64" : 0.000000
      },
      "iodepth_complete" : {
        "0" : 0.000000,
        "4" : 99.999936,
        "8" : 0.000000,
        "16" : 0.100000,
        "32" : 0.000000,
        "64" : 0.000000,
        ">=64" : 0.000000
      },
      "latency_ns" : {
        "2" : 0.000000,
        "4" : 0.000000,
        "10" : 0.000000,
        "20" : 0.000000,
        "50" : 0.000000,
        "100" : 0.000000,
        "250" : 0.000000,
        "500" : 0.000000,
        "750" : 0.000000,
        "1000" : 0.000000
      },
      "latency_us" : {
        "2" : 0.000000,
        "4" : 0.000000,
        "10" : 0.010000,
        "20" : 0.010000,
        "50" : 0.018104,
        "100" : 0.023429,
        "250" : 0.403802,
        "500" : 2.765354,
        "750" : 23.019838,
        "1000" : 35.644960
      },
      "latency_ms" : {
        "2" : 37.994877,
        "4" : 0.128174,
        "10" : 0.000000,
        "20" : 0.000000,
        "50" : 0.000000,
        "100" : 0.000000,
        "250" : 0.000000,
        "500" : 0.000000,
        "750" : 0.000000,
        "1000" : 0.000000,
        "2000" : 0.000000,
        ">=2000" : 0.000000
      },
      "latency_depth" : 16,
      "latency_target" : 0,
      "latency_percentile" : 100.000000,
      "latency_window" : 0
    }
  ],
  "disk_util" : [
    {
      "name" : "nvme3n1",
      "read_ios" : 258,
      "write_ios" : 6289290,
      "read_merges" : 0,
      "write_merges" : 0,
      "read_ticks" : 30,
      "write_ticks" : 5890382,
      "in_queue" : 5890413,
      "util" : 99.919761
    }
  ]
}
