{
  "fio version" : "fio-3.28",
  "timestamp" : 1740556305,
  "timestamp_ms" : 1740556305971,
  "time" : "Wed Feb 26 16:51:45 2025",
  "global options" : {
    "bs" : "32k",
    "ioengine" : "io_uring",
    "size" : "12G",
    "numjobs" : "4",
    "iodepth" : "16",
    "group_reporting" : "1",
    "direct" : "1",
    "thread" : "1",
    "filename" : "/dev/nvme3n1"
  },
  "jobs" : [
    {
      "jobname" : "seqwrite",
      "groupid" : 0,
      "error" : 0,
      "eta" : 0,
      "elapsed" : 23,
      "job options" : {
        "rw" : "write"
      },
      "read" : {
        "io_bytes" : 0,
        "io_kbytes" : 0,
        "bw_bytes" : 0,
        "bw" : 0,
        "iops" : 0.000000,
        "runtime" : 0,
        "total_ios" : 0,
        "short_ios" : 0,
        "drop_ios" : 0,
        "slat_ns" : {
          "min" : 0,
          "max" : 0,
          "mean" : 0.000000,
          "stddev" : 0.000000,
          "N" : 0
        },
        "clat_ns" : {
          "min" : 0,
          "max" : 0,
          "mean" : 0.000000,
          "stddev" : 0.000000,
          "N" : 0
        },
        "lat_ns" : {
          "min" : 0,
          "max" : 0,
          "mean" : 0.000000,
          "stddev" : 0.000000,
          "N" : 0
        },
        "bw_min" : 0,
        "bw_max" : 0,
        "bw_agg" : 0.000000,
        "bw_mean" : 0.000000,
        "bw_dev" : 0.000000,
        "bw_samples" : 0,
        "iops_min" : 0,
        "iops_max" : 0,
        "iops_mean" : 0.000000,
        "iops_stddev" : 0.000000,
        "iops_samples" : 0
      },
      "write" : {
        "io_bytes" : 51539607552,
        "io_kbytes" : 50331648,
        "bw_bytes" : 2341432289,
        "bw" : 2286554,
        "iops" : 71454.842813,
        "runtime" : 22012,
        "total_ios" : 1572864,
        "short_ios" : 0,
        "drop_ios" : 0,
        "slat_ns" : {
          "min" : 2490,
          "max" : 155257,
          "mean" : 3687.394768,
          "stddev" : 822.993933,
          "N" : 1572864
        },
        "clat_ns" : {
          "min" : 46459,
          "max" : 2873286,
          "mean" : 888578.117753,
          "stddev" : 251900.289020,
          "N" : 1572864,
          "percentile" : {
            "1.000000" : 403456,
            "5.000000" : 518144,
            "10.000000" : 610304,
            "20.000000" : 675840,
            "30.000000" : 733184,
            "40.000000" : 815104,
            "50.000000" : 872448,
            "60.000000" : 921600,
            "70.000000" : 1003520,
            "80.000000" : 1089536,
            "90.000000" : 1220608,
            "95.000000" : 1335296,
            "99.000000" : 1564672,
            "99.500000" : 1679360,
            "99.900000" : 1925120,
            "99.950000" : 2023424,
            "99.990000" : 2277376
          }
        },
        "lat_ns" : {
          "min" : 53639,
          "max" : 2881185,
          "mean" : 892323.593571,
          "stddev" : 251856.289766,
          "N" : 1572864
        },
        "bw_min" : 2055232,
        "bw_max" : 2886464,
        "bw_agg" : 100.000000,
        "bw_mean" : 2293647.221987,
        "bw_dev" : 44697.686871,
        "bw_samples" : 173,
        "iops_min" : 64226,
        "iops_max" : 90202,
        "iops_mean" : 71676.475687,
        "iops_stddev" : 1396.802715,
        "iops_samples" : 173
      },
      "trim" : {
        "io_bytes" : 0,
        "io_kbytes" : 0,
        "bw_bytes" : 0,
        "bw" : 0,
        "iops" : 0.000000,
        "runtime" : 0,
        "total_ios" : 0,
        "short_ios" : 0,
        "drop_ios" : 0,
        "slat_ns" : {
          "min" : 0,
          "max" : 0,
          "mean" : 0.000000,
          "stddev" : 0.000000,
          "N" : 0
        },
        "clat_ns" : {
          "min" : 0,
          "max" : 0,
          "mean" : 0.000000,
          "stddev" : 0.000000,
          "N" : 0
        },
        "lat_ns" : {
          "min" : 0,
          "max" : 0,
          "mean" : 0.000000,
          "stddev" : 0.000000,
          "N" : 0
        },
        "bw_min" : 0,
        "bw_max" : 0,
        "bw_agg" : 0.000000,
        "bw_mean" : 0.000000,
        "bw_dev" : 0.000000,
        "bw_samples" : 0,
        "iops_min" : 0,
        "iops_max" : 0,
        "iops_mean" : 0.000000,
        "iops_stddev" : 0.000000,
        "iops_samples" : 0
      },
      "sync" : {
        "total_ios" : 0,
        "lat_ns" : {
          "min" : 0,
          "max" : 0,
          "mean" : 0.000000,
          "stddev" : 0.000000,
          "N" : 0
        }
      },
      "job_runtime" : 87746,
      "usr_cpu" : 3.150001,
      "sys_cpu" : 9.503567,
      "ctx" : 1384146,
      "majf" : 0,
      "minf" : 0,
      "iodepth_level" : {
        "1" : 0.100000,
        "2" : 0.100000,
        "4" : 0.100000,
        "8" : 0.100000,
        "16" : 99.996185,
        "32" : 0.000000,
        ">=64" : 0.000000
      },
      "iodepth_submit" : {
        "0" : 0.000000,
        "4" : 100.000000,
        "8" : 0.000000,
        "16" : 0.000000,
        "32" : 0.000000,
        "64" : 0.000000,
        ">=64" : 0.000000
      },
      "iodepth_complete" : {
        "0" : 0.000000,
        "4" : 99.999746,
        "8" : 0.000000,
        "16" : 0.100000,
        "32" : 0.000000,
        "64" : 0.000000,
        ">=64" : 0.000000
      },
      "latency_ns" : {
        "2" : 0.000000,
        "4" : 0.000000,
        "10" : 0.000000,
        "20" : 0.000000,
        "50" : 0.000000,
        "100" : 0.000000,
        "250" : 0.000000,
        "500" : 0.000000,
        "750" : 0.000000,
        "1000" : 0.000000
      },
      "latency_us" : {
        "2" : 0.000000,
        "4" : 0.000000,
        "10" : 0.000000,
        "20" : 0.000000,
        "50" : 0.010000,
        "100" : 0.025495,
        "250" : 0.548999,
        "500" : 3.504181,
        "750" : 28.182666,
        "1000" : 37.707074
      },
      "latency_ms" : {
        "2" : 29.967753,
        "4" : 0.063769,
        "10" : 0.000000,
        "20" : 0.000000,
        "50" : 0.000000,
        "100" : 0.000000,
        "250" : 0.000000,
        "500" : 0.000000,
        "750" : 0.000000,
        "1000" : 0.000000,
        "2000" : 0.000000,
        ">=2000" : 0.000000
      },
      "latency_depth" : 16,
      "latency_target" : 0,
      "latency_percentile" : 100.000000,
      "latency_window" : 0
    }
  ],
  "disk_util" : [
    {
      "name" : "nvme3n1",
      "read_ios" : 92,
      "write_ios" : 1564604,
      "read_merges" : 0,
      "write_merges" : 0,
      "read_ticks" : 2,
      "write_ticks" : 1391501,
      "in_queue" : 1391504,
      "util" : 99.577080
    }
  ]
}
