{
  "fio version" : "fio-3.28",
  "timestamp" : 1728459953,
  "timestamp_ms" : 1728459953762,
  "time" : "Wed Oct  9 16:45:53 2024",
  "global options" : {
    "size" : "127G",
    "direct" : "1",
    "runtime" : "60",
    "ioengine" : "libaio",
    "numjobs" : "4",
    "iodepth" : "32"
  },
  "jobs" : [
    {
      "jobname" : "rand-write-async-64k",
      "groupid" : 0,
      "error" : 0,
      "eta" : 0,
      "elapsed" : 61,
      "job options" : {
        "rw" : "randwrite",
        "random_distribution" : "random",
        "bs" : "64k",
        "filename" : "/dev/nvme3n1"
      },
      "read" : {
        "io_bytes" : 0,
        "io_kbytes" : 0,
        "bw_bytes" : 0,
        "bw" : 0,
        "iops" : 0.000000,
        "runtime" : 0,
        "total_ios" : 0,
        "short_ios" : 0,
        "drop_ios" : 0,
        "slat_ns" : {
          "min" : 0,
          "max" : 0,
          "mean" : 0.000000,
          "stddev" : 0.000000,
          "N" : 0
        },
        "clat_ns" : {
          "min" : 0,
          "max" : 0,
          "mean" : 0.000000,
          "stddev" : 0.000000,
          "N" : 0
        },
        "lat_ns" : {
          "min" : 0,
          "max" : 0,
          "mean" : 0.000000,
          "stddev" : 0.000000,
          "N" : 0
        },
        "bw_min" : 0,
        "bw_max" : 0,
        "bw_agg" : 0.000000,
        "bw_mean" : 0.000000,
        "bw_dev" : 0.000000,
        "bw_samples" : 0,
        "iops_min" : 0,
        "iops_max" : 0,
        "iops_mean" : 0.000000,
        "iops_stddev" : 0.000000,
        "iops_samples" : 0
      },
      "write" : {
        "io_bytes" : 15251800064,
        "io_kbytes" : 14894336,
        "bw_bytes" : 254052704,
        "bw" : 248098,
        "iops" : 3876.536629,
        "runtime" : 60034,
        "total_ios" : 232724,
        "short_ios" : 0,
        "drop_ios" : 0,
        "slat_ns" : {
          "min" : 2970,
          "max" : 31650,
          "mean" : 5282.180398,
          "stddev" : 1495.823546,
          "N" : 232724
        },
        "clat_ns" : {
          "min" : 39490,
          "max" : 144398434,
          "mean" : 33008681.199795,
          "stddev" : 17733179.887597,
          "N" : 232724,
          "percentile" : {
            "1.000000" : 2703360,
            "5.000000" : 12255232,
            "10.000000" : 14221312,
            "20.000000" : 17170432,
            "30.000000" : 20578304,
            "40.000000" : 26869760,
            "50.000000" : 31850496,
            "60.000000" : 34340864,
            "70.000000" : 39059456,
            "80.000000" : 44826624,
            "90.000000" : 56360960,
            "95.000000" : 67633152,
            "99.000000" : 88604672,
            "99.500000" : 94896128,
            "99.900000" : 111673344,
            "99.950000" : 116916224,
            "99.990000" : 127401984
          }
        },
        "lat_ns" : {
          "min" : 47200,
          "max" : 144403264,
          "mean" : 33014032.948587,
          "stddev" : 17733366.536279,
          "N" : 232724
        },
        "bw_min" : 100864,
        "bw_max" : 490496,
        "bw_agg" : 100.000000,
        "bw_mean" : 248106.666667,
        "bw_dev" : 22984.627896,
        "bw_samples" : 480,
        "iops_min" : 1576,
        "iops_max" : 7664,
        "iops_mean" : 3876.666667,
        "iops_stddev" : 359.134811,
        "iops_samples" : 480
      },
      "trim" : {
        "io_bytes" : 0,
        "io_kbytes" : 0,
        "bw_bytes" : 0,
        "bw" : 0,
        "iops" : 0.000000,
        "runtime" : 0,
        "total_ios" : 0,
        "short_ios" : 0,
        "drop_ios" : 0,
        "slat_ns" : {
          "min" : 0,
          "max" : 0,
          "mean" : 0.000000,
          "stddev" : 0.000000,
          "N" : 0
        },
        "clat_ns" : {
          "min" : 0,
          "max" : 0,
          "mean" : 0.000000,
          "stddev" : 0.000000,
          "N" : 0
        },
        "lat_ns" : {
          "min" : 0,
          "max" : 0,
          "mean" : 0.000000,
          "stddev" : 0.000000,
          "N" : 0
        },
        "bw_min" : 0,
        "bw_max" : 0,
        "bw_agg" : 0.000000,
        "bw_mean" : 0.000000,
        "bw_dev" : 0.000000,
        "bw_samples" : 0,
        "iops_min" : 0,
        "iops_max" : 0,
        "iops_mean" : 0.000000,
        "iops_stddev" : 0.000000,
        "iops_samples" : 0
      },
      "sync" : {
        "total_ios" : 0,
        "lat_ns" : {
          "min" : 0,
          "max" : 0,
          "mean" : 0.000000,
          "stddev" : 0.000000,
          "N" : 0
        }
      },
      "job_runtime" : 240105,
      "usr_cpu" : 0.222403,
      "sys_cpu" : 0.787572,
      "ctx" : 232373,
      "majf" : 0,
      "minf" : 55,
      "iodepth_level" : {
        "1" : 0.100000,
        "2" : 0.100000,
        "4" : 0.100000,
        "8" : 0.100000,
        "16" : 0.100000,
        "32" : 99.946718,
        ">=64" : 0.000000
      },
      "iodepth_submit" : {
        "0" : 0.000000,
        "4" : 100.000000,
        "8" : 0.000000,
        "16" : 0.000000,
        "32" : 0.000000,
        "64" : 0.000000,
        ">=64" : 0.000000
      },
      "iodepth_complete" : {
        "0" : 0.000000,
        "4" : 99.998280,
        "8" : 0.000000,
        "16" : 0.000000,
        "32" : 0.100000,
        "64" : 0.000000,
        ">=64" : 0.000000
      },
      "latency_ns" : {
        "2" : 0.000000,
        "4" : 0.000000,
        "10" : 0.000000,
        "20" : 0.000000,
        "50" : 0.000000,
        "100" : 0.000000,
        "250" : 0.000000,
        "500" : 0.000000,
        "750" : 0.000000,
        "1000" : 0.000000
      },
      "latency_us" : {
        "2" : 0.000000,
        "4" : 0.000000,
        "10" : 0.000000,
        "20" : 0.000000,
        "50" : 0.010000,
        "100" : 0.016328,
        "250" : 0.067462,
        "500" : 0.082501,
        "750" : 0.072189,
        "1000" : 0.085509
      },
      "latency_ms" : {
        "2" : 0.365669,
        "4" : 0.800949,
        "10" : 1.849831,
        "20" : 24.921796,
        "50" : 57.087365,
        "100" : 14.364225,
        "250" : 0.283598,
        "500" : 0.000000,
        "750" : 0.000000,
        "1000" : 0.000000,
        "2000" : 0.000000,
        ">=2000" : 0.000000
      },
      "latency_depth" : 32,
      "latency_target" : 0,
      "latency_percentile" : 100.000000,
      "latency_window" : 0
    }
  ],
  "disk_util" : [
    {
      "name" : "nvme3n1",
      "read_ios" : 132,
      "write_ios" : 232193,
      "read_merges" : 0,
      "write_merges" : 0,
      "read_ticks" : 12,
      "write_ticks" : 7661016,
      "in_queue" : 7661029,
      "util" : 99.871622
    }
  ]
}
