{
  "fio version" : "fio-3.28",
  "timestamp" : 1728459591,
  "timestamp_ms" : 1728459591203,
  "time" : "Wed Oct  9 16:39:51 2024",
  "global options" : {
    "size" : "127G",
    "direct" : "1",
    "runtime" : "60",
    "ioengine" : "libaio",
    "numjobs" : "4",
    "iodepth" : "32"
  },
  "jobs" : [
    {
      "jobname" : "rand-write-async-16k",
      "groupid" : 0,
      "error" : 0,
      "eta" : 0,
      "elapsed" : 61,
      "job options" : {
        "rw" : "randwrite",
        "random_distribution" : "random",
        "bs" : "16k",
        "filename" : "/dev/nvme3n1"
      },
      "read" : {
        "io_bytes" : 0,
        "io_kbytes" : 0,
        "bw_bytes" : 0,
        "bw" : 0,
        "iops" : 0.000000,
        "runtime" : 0,
        "total_ios" : 0,
        "short_ios" : 0,
        "drop_ios" : 0,
        "slat_ns" : {
          "min" : 0,
          "max" : 0,
          "mean" : 0.000000,
          "stddev" : 0.000000,
          "N" : 0
        },
        "clat_ns" : {
          "min" : 0,
          "max" : 0,
          "mean" : 0.000000,
          "stddev" : 0.000000,
          "N" : 0
        },
        "lat_ns" : {
          "min" : 0,
          "max" : 0,
          "mean" : 0.000000,
          "stddev" : 0.000000,
          "N" : 0
        },
        "bw_min" : 0,
        "bw_max" : 0,
        "bw_agg" : 0.000000,
        "bw_mean" : 0.000000,
        "bw_dev" : 0.000000,
        "bw_samples" : 0,
        "iops_min" : 0,
        "iops_max" : 0,
        "iops_mean" : 0.000000,
        "iops_stddev" : 0.000000,
        "iops_samples" : 0
      },
      "write" : {
        "io_bytes" : 14253817856,
        "io_kbytes" : 13919744,
        "bw_bytes" : 237524043,
        "bw" : 231957,
        "iops" : 14497.317114,
        "runtime" : 60010,
        "total_ios" : 869984,
        "short_ios" : 0,
        "drop_ios" : 0,
        "slat_ns" : {
          "min" : 1960,
          "max" : 31669,
          "mean" : 3027.484904,
          "stddev" : 947.499863,
          "N" : 869984
        },
        "clat_ns" : {
          "min" : 14819,
          "max" : 45498493,
          "mean" : 8825326.359562,
          "stddev" : 4449186.432774,
          "N" : 869984,
          "percentile" : {
            "1.000000" : 2539520,
            "5.000000" : 3588096,
            "10.000000" : 3981312,
            "20.000000" : 4947968,
            "30.000000" : 5668864,
            "40.000000" : 6520832,
            "50.000000" : 7766016,
            "60.000000" : 9109504,
            "70.000000" : 10682368,
            "80.000000" : 12648448,
            "90.000000" : 15138816,
            "95.000000" : 17170432,
            "99.000000" : 21626880,
            "99.500000" : 23461888,
            "99.900000" : 27918336,
            "99.950000" : 29491200,
            "99.990000" : 34865152
          }
        },
        "lat_ns" : {
          "min" : 17529,
          "max" : 45501033,
          "mean" : 8828410.466868,
          "stddev" : 4449251.016242,
          "N" : 869984
        },
        "bw_min" : 179584,
        "bw_max" : 366816,
        "bw_agg" : 100.000000,
        "bw_mean" : 232073.142857,
        "bw_dev" : 6528.610922,
        "bw_samples" : 476,
        "iops_min" : 11224,
        "iops_max" : 22926,
        "iops_mean" : 14504.571429,
        "iops_stddev" : 408.038183,
        "iops_samples" : 476
      },
      "trim" : {
        "io_bytes" : 0,
        "io_kbytes" : 0,
        "bw_bytes" : 0,
        "bw" : 0,
        "iops" : 0.000000,
        "runtime" : 0,
        "total_ios" : 0,
        "short_ios" : 0,
        "drop_ios" : 0,
        "slat_ns" : {
          "min" : 0,
          "max" : 0,
          "mean" : 0.000000,
          "stddev" : 0.000000,
          "N" : 0
        },
        "clat_ns" : {
          "min" : 0,
          "max" : 0,
          "mean" : 0.000000,
          "stddev" : 0.000000,
          "N" : 0
        },
        "lat_ns" : {
          "min" : 0,
          "max" : 0,
          "mean" : 0.000000,
          "stddev" : 0.000000,
          "N" : 0
        },
        "bw_min" : 0,
        "bw_max" : 0,
        "bw_agg" : 0.000000,
        "bw_mean" : 0.000000,
        "bw_dev" : 0.000000,
        "bw_samples" : 0,
        "iops_min" : 0,
        "iops_max" : 0,
        "iops_mean" : 0.000000,
        "iops_stddev" : 0.000000,
        "iops_samples" : 0
      },
      "sync" : {
        "total_ios" : 0,
        "lat_ns" : {
          "min" : 0,
          "max" : 0,
          "mean" : 0.000000,
          "stddev" : 0.000000,
          "N" : 0
        }
      },
      "job_runtime" : 240027,
      "usr_cpu" : 0.439534,
      "sys_cpu" : 1.601903,
      "ctx" : 382846,
      "majf" : 0,
      "minf" : 55,
      "iodepth_level" : {
        "1" : 0.100000,
        "2" : 0.100000,
        "4" : 0.100000,
        "8" : 0.100000,
        "16" : 0.100000,
        "32" : 99.985747,
        ">=64" : 0.000000
      },
      "iodepth_submit" : {
        "0" : 0.000000,
        "4" : 100.000000,
        "8" : 0.000000,
        "16" : 0.000000,
        "32" : 0.000000,
        "64" : 0.000000,
        ">=64" : 0.000000
      },
      "iodepth_complete" : {
        "0" : 0.000000,
        "4" : 99.999540,
        "8" : 0.000000,
        "16" : 0.000000,
        "32" : 0.100000,
        "64" : 0.000000,
        ">=64" : 0.000000
      },
      "latency_ns" : {
        "2" : 0.000000,
        "4" : 0.000000,
        "10" : 0.000000,
        "20" : 0.000000,
        "50" : 0.000000,
        "100" : 0.000000,
        "250" : 0.000000,
        "500" : 0.000000,
        "750" : 0.000000,
        "1000" : 0.000000
      },
      "latency_us" : {
        "2" : 0.000000,
        "4" : 0.000000,
        "10" : 0.000000,
        "20" : 0.010000,
        "50" : 0.010000,
        "100" : 0.010000,
        "250" : 0.039656,
        "500" : 0.042989,
        "750" : 0.030001,
        "1000" : 0.032529
      },
      "latency_ms" : {
        "2" : 0.280465,
        "4" : 9.875239,
        "10" : 54.196169,
        "20" : 33.593032,
        "50" : 1.895207,
        "100" : 0.000000,
        "250" : 0.000000,
        "500" : 0.000000,
        "750" : 0.000000,
        "1000" : 0.000000,
        "2000" : 0.000000,
        ">=2000" : 0.000000
      },
      "latency_depth" : 32,
      "latency_target" : 0,
      "latency_percentile" : 100.000000,
      "latency_window" : 0
    }
  ],
  "disk_util" : [
    {
      "name" : "nvme3n1",
      "read_ios" : 86,
      "write_ios" : 868368,
      "read_merges" : 0,
      "write_merges" : 0,
      "read_ticks" : 7,
      "write_ticks" : 7658637,
      "in_queue" : 7658644,
      "util" : 99.866624
    }
  ]
}
