{
  "fio version" : "fio-3.28",
  "timestamp" : 1728461099,
  "timestamp_ms" : 1728461099534,
  "time" : "Wed Oct  9 17:04:59 2024",
  "global options" : {
    "size" : "127G",
    "direct" : "1",
    "runtime" : "60",
    "ioengine" : "libaio",
    "numjobs" : "4",
    "iodepth" : "32"
  },
  "jobs" : [
    {
      "jobname" : "seq-read-async-8k",
      "groupid" : 0,
      "error" : 0,
      "eta" : 0,
      "elapsed" : 61,
      "job options" : {
        "rw" : "read",
        "bs" : "8k",
        "filename" : "/dev/nvme3n1"
      },
      "read" : {
        "io_bytes" : 92388294656,
        "io_kbytes" : 90222944,
        "bw_bytes" : 1539753585,
        "bw" : 1503665,
        "iops" : 187958.201393,
        "runtime" : 60002,
        "total_ios" : 11277868,
        "short_ios" : 0,
        "drop_ios" : 0,
        "slat_ns" : {
          "min" : 1550,
          "max" : 209498,
          "mean" : 2349.841189,
          "stddev" : 561.790309,
          "N" : 11277868
        },
        "clat_ns" : {
          "min" : 3720,
          "max" : 3986970,
          "mean" : 678369.082047,
          "stddev" : 424279.700422,
          "N" : 11277868,
          "percentile" : {
            "1.000000" : 101888,
            "5.000000" : 166912,
            "10.000000" : 226304,
            "20.000000" : 321536,
            "30.000000" : 411648,
            "40.000000" : 497664,
            "50.000000" : 593920,
            "60.000000" : 692224,
            "70.000000" : 823296,
            "80.000000" : 978944,
            "90.000000" : 1236992,
            "95.000000" : 1482752,
            "99.000000" : 2088960,
            "99.500000" : 2342912,
            "99.900000" : 2834432,
            "99.950000" : 3063808,
            "99.990000" : 3522560
          }
        },
        "lat_ns" : {
          "min" : 5730,
          "max" : 3989060,
          "mean" : 680765.255014,
          "stddev" : 424278.839043,
          "N" : 11277868
        },
        "bw_min" : 1455264,
        "bw_max" : 1521408,
        "bw_agg" : 100.000000,
        "bw_mean" : 1504123.831933,
        "bw_dev" : 2453.493617,
        "bw_samples" : 476,
        "iops_min" : 181908,
        "iops_max" : 190176,
        "iops_mean" : 188015.478992,
        "iops_stddev" : 306.686702,
        "iops_samples" : 476
      },
      "write" : {
        "io_bytes" : 0,
        "io_kbytes" : 0,
        "bw_bytes" : 0,
        "bw" : 0,
        "iops" : 0.000000,
        "runtime" : 0,
        "total_ios" : 0,
        "short_ios" : 0,
        "drop_ios" : 0,
        "slat_ns" : {
          "min" : 0,
          "max" : 0,
          "mean" : 0.000000,
          "stddev" : 0.000000,
          "N" : 0
        },
        "clat_ns" : {
          "min" : 0,
          "max" : 0,
          "mean" : 0.000000,
          "stddev" : 0.000000,
          "N" : 0
        },
        "lat_ns" : {
          "min" : 0,
          "max" : 0,
          "mean" : 0.000000,
          "stddev" : 0.000000,
          "N" : 0
        },
        "bw_min" : 0,
        "bw_max" : 0,
        "bw_agg" : 0.000000,
        "bw_mean" : 0.000000,
        "bw_dev" : 0.000000,
        "bw_samples" : 0,
        "iops_min" : 0,
        "iops_max" : 0,
        "iops_mean" : 0.000000,
        "iops_stddev" : 0.000000,
        "iops_samples" : 0
      },
      "trim" : {
        "io_bytes" : 0,
        "io_kbytes" : 0,
        "bw_bytes" : 0,
        "bw" : 0,
        "iops" : 0.000000,
        "runtime" : 0,
        "total_ios" : 0,
        "short_ios" : 0,
        "drop_ios" : 0,
        "slat_ns" : {
          "min" : 0,
          "max" : 0,
          "mean" : 0.000000,
          "stddev" : 0.000000,
          "N" : 0
        },
        "clat_ns" : {
          "min" : 0,
          "max" : 0,
          "mean" : 0.000000,
          "stddev" : 0.000000,
          "N" : 0
        },
        "lat_ns" : {
          "min" : 0,
          "max" : 0,
          "mean" : 0.000000,
          "stddev" : 0.000000,
          "N" : 0
        },
        "bw_min" : 0,
        "bw_max" : 0,
        "bw_agg" : 0.000000,
        "bw_mean" : 0.000000,
        "bw_dev" : 0.000000,
        "bw_samples" : 0,
        "iops_min" : 0,
        "iops_max" : 0,
        "iops_mean" : 0.000000,
        "iops_stddev" : 0.000000,
        "iops_samples" : 0
      },
      "sync" : {
        "total_ios" : 0,
        "lat_ns" : {
          "min" : 0,
          "max" : 0,
          "mean" : 0.000000,
          "stddev" : 0.000000,
          "N" : 0
        }
      },
      "job_runtime" : 240003,
      "usr_cpu" : 3.495373,
      "sys_cpu" : 19.182260,
      "ctx" : 8513191,
      "majf" : 0,
      "minf" : 318,
      "iodepth_level" : {
        "1" : 0.100000,
        "2" : 0.100000,
        "4" : 0.100000,
        "8" : 0.100000,
        "16" : 0.100000,
        "32" : 99.997801,
        ">=64" : 0.000000
      },
      "iodepth_submit" : {
        "0" : 0.000000,
        "4" : 100.000000,
        "8" : 0.000000,
        "16" : 0.000000,
        "32" : 0.000000,
        "64" : 0.000000,
        ">=64" : 0.000000
      },
      "iodepth_complete" : {
        "0" : 0.000000,
        "4" : 99.999929,
        "8" : 0.000000,
        "16" : 0.000000,
        "32" : 0.100000,
        "64" : 0.000000,
        ">=64" : 0.000000
      },
      "latency_ns" : {
        "2" : 0.000000,
        "4" : 0.000000,
        "10" : 0.000000,
        "20" : 0.000000,
        "50" : 0.000000,
        "100" : 0.000000,
        "250" : 0.000000,
        "500" : 0.000000,
        "750" : 0.000000,
        "1000" : 0.000000
      },
      "latency_us" : {
        "2" : 0.000000,
        "4" : 0.010000,
        "10" : 0.010000,
        "20" : 0.010000,
        "50" : 0.010000,
        "100" : 0.933235,
        "250" : 11.424003,
        "500" : 27.756611,
        "750" : 24.490932,
        "1000" : 16.478522
      },
      "latency_ms" : {
        "2" : 17.658630,
        "4" : 1.251398,
        "10" : 0.000000,
        "20" : 0.000000,
        "50" : 0.000000,
        "100" : 0.000000,
        "250" : 0.000000,
        "500" : 0.000000,
        "750" : 0.000000,
        "1000" : 0.000000,
        "2000" : 0.000000,
        ">=2000" : 0.000000
      },
      "latency_depth" : 32,
      "latency_target" : 0,
      "latency_percentile" : 100.000000,
      "latency_window" : 0
    }
  ],
  "disk_util" : [
    {
      "name" : "nvme3n1",
      "read_ios" : 11258021,
      "write_ios" : 0,
      "read_merges" : 0,
      "write_merges" : 0,
      "read_ticks" : 7611598,
      "write_ticks" : 0,
      "in_queue" : 7611598,
      "util" : 99.859951
    }
  ]
}
